Time,5000.0,7000.0,10000.0,12500.0,15000.0,17500.0,20000.0,22500.0,25000.0,30000.0,35000.0,40000.0,45000.0,50000.0,55000.0,60000.0,65000.0,70000.0,75000.0,77500.0,80000.0,82500.0,85000.0,87500.0,90000.0,92500.0,95000.0,97500.0,100000.0
2021-06-25 00:00:00,0.07744148273632226,0.07687954115864802,0.21010246649551087,0.9617432942108759,1.8887039173352633,0.9377454951780874,0.3419355457692822,0.7911745257912576,1.9348407929592177,3.0982951798611125,3.1691604523746073,2.768894399561122,2.4510567263699596,2.328948576335206,2.3987120196232734,2.3000699814732046,1.8276333728911225,1.2887879685422152,0.8689675618844054,0.7126015414177912,0.5312211518325372,0.37473104243225186,0.27404577877486846,0.3235953569042931,0.5304082382305176,0.7733990804544705,0.9537880964240524,1.2960913291935614,1.9135934228242444
2021-06-25 01:00:00,0.0583015388063368,0.05797607451797464,0.21629842685376338,0.7634138835951656,1.7140620690636603,1.2449295108753975,0.6808293114023797,0.9804789098945582,1.9475723863553571,2.6129555759852425,2.687373478528386,2.3691316735828414,2.082834103130118,1.9796014007623024,2.1516326724710306,2.193623496455158,1.757359627067021,1.233119439673586,0.8429053856284342,0.6860767706312707,0.5195205571986065,0.37962224462061717,0.2995921368285919,0.3677479722545731,0.595482496784401,0.8673610888615739,1.0861670209171521,1.484642483589213,2.155988380072422
2021-06-25 02:00:00,0.057499090476146805,0.057310203178901106,0.38215026338334657,1.002161490079658,1.96610401717648,1.5528715174387926,1.0466314268317682,1.235142402649121,1.8462426640162257,2.1695112977023387,2.2141842715764586,1.9120429121765965,1.663211555684407,1.6048454574347943,1.800311731953955,1.9192394404443431,1.563731855034879,1.1027230075540448,0.7489358204348096,0.6030674323000593,0.4728441252829094,0.3650937039543274,0.3148152652070174,0.3937018083685788,0.6325914222435445,0.9270221118779693,1.1474788590003044,1.557854843318439,2.2041030787015914
2021-06-25 03:00:00,0.0541162972552729,0.05398002376125148,0.48772354228047865,1.428186275574884,2.3708841993560847,2.0147522856563347,1.5382023397721856,1.4628239663842801,1.531416215135196,1.6571086827204182,1.6475119961793692,1.3957152464365832,1.2841245467096676,1.3283515577019633,1.5099548999052446,1.6404403129068241,1.3815820383741892,0.9704269560771553,0.6379278514656129,0.5069964539597394,0.4201334485911696,0.3506409978759602,0.33512730498248094,0.4313691595914395,0.6718433257337649,0.9615543762909701,1.1898084169665988,1.5870129315753532,2.1823980863632535
2021-06-25 04:00:00,0.05222258013667014,0.0520774814275573,0.4760299999095753,1.7407443831381968,2.980058891194775,2.842645816380596,2.2940102575466397,1.7226104767810042,1.183048362527931,1.215723218309247,1.2472445177546834,1.0136203503151202,1.007864193815848,1.0954400057159792,1.2036077836332513,1.3328163433846516,1.1687301252629556,0.8206836821667991,0.5124520991792662,0.3902075124976782,0.3338515301465074,0.2988924306472134,0.3255203725528197,0.4484884380658747,0.6903625192521393,0.9604668916159147,1.1810590115679398,1.5915820202163276,2.171351666497959
2021-06-25 05:00:00,0.056173205234465375,0.05597672183809867,0.43868345289368743,1.8594786248514619,3.4453632667011713,3.5091668597349828,2.854089515000837,1.7418936111451226,0.8349848359994972,0.9798124240594636,1.018421791117083,0.7752344969453069,0.7312315066174823,0.8524767916291613,0.9667472990530969,1.0908272330176487,1.0219615118452834,0.7503961262713045,0.4577438016884268,0.33261852800260755,0.2844301971487201,0.26539498487602226,0.3173028125315467,0.44660379452839727,0.6792953508449031,0.9560437629721837,1.1945420845324388,1.6015454426977789,2.1653166573931992
2021-06-25 06:00:00,0.0617459906876206,0.06150408226829114,0.40054927428287546,1.9166721988633866,3.7588183135222963,3.958000097201648,3.1745116981816652,1.5153143582023736,0.5090772037568645,1.0214871814272437,0.9702412021800807,0.647019968346235,0.5428085555645422,0.6722766836704513,0.8229749983833021,0.9671628292008967,0.9350682223289727,0.6984079881793758,0.41207070761407016,0.2820410096804301,0.23216553449693458,0.2147148137284039,0.28341247134621933,0.4155655757534652,0.6507761872274105,0.9481120491776542,1.2059043707500994,1.624370523660299,2.1816348558625163
2021-06-25 07:00:00,0.06381256816340519,0.06357588486790326,0.3431461474156272,1.939524516798398,4.042131678417227,4.231926583709558,3.255560511261794,1.2405722043868554,0.3046238026956914,1.2175056174671324,1.047389180197376,0.6002146505719127,0.4482993460061282,0.5560178924601252,0.7377721690530287,0.9200076473165764,0.8874545360279572,0.6503529625390532,0.3655105978348542,0.23629894907925814,0.18628318294895793,0.17106545074529678,0.2465665762338934,0.3789432645897193,0.6090433508478621,0.9180562288310035,1.1947702676319572,1.6472781389792308,2.203386444272841
2021-06-25 08:00:00,0.06938453883454357,0.06915710331759198,0.3021376000596952,2.0219854252720766,4.350590905667382,4.519973441640832,3.3704626337174393,1.0795401928657253,0.20580568649274253,1.4046272710463918,1.171417503734837,0.5978331995311309,0.3859120489133537,0.4580875352635658,0.659510180349837,0.8725649870308942,0.8294998444521251,0.5804618410392851,0.30036966915780194,0.18262981099301595,0.13892523034937448,0.13315840996487635,0.22110212554926145,0.3607168089693453,0.5907249988940004,0.8958332673744501,1.1975390209371006,1.7127705637785287,2.282435556024201
2021-06-25 09:00:00,0.07824818030663123,0.07798672531511472,0.2892236745728888,2.2119514949218617,4.794863577329401,4.943855851882313,3.5185417358565076,0.9811592805003194,0.14051930333278725,1.5070360143516286,1.262510314936543,0.592507915281811,0.3197822076399758,0.33428709903307613,0.5499285177589776,0.7989913850879684,0.7485151078068565,0.4942371967259594,0.23278128194255865,0.13448132246156788,0.10362026706300591,0.10847521231354026,0.2075110228935692,0.3496325257853693,0.5792913037067166,0.8894732373719269,1.2396660652509777,1.8215778333270856,2.3656605378514546
2021-06-25 10:00:00,0.08072558863503311,0.08045271640445742,0.2783465680464933,2.396039432371335,5.091865462165699,5.29495026630891,3.5605624638390028,0.8495075890206749,0.10480618285627263,1.5591373740719296,1.2935641531403896,0.5861735065189665,0.27890802371157947,0.2508751692919285,0.4304080571443108,0.6769360042894512,0.6236732853532634,0.3929555574881212,0.17337877576920074,0.09854841332824699,0.08616219926270995,0.10792500719248858,0.2175309486335319,0.3584899551567757,0.5848872958561002,0.8913491411042173,1.2736968197475893,1.9132248616701621,2.4855205158602836
2021-06-25 11:00:00,0.07809867497587314,0.07781255863445226,0.28506400344303373,2.5058129213015414,5.318948135052637,5.588646311487589,3.560350380967535,0.7285281433371552,0.09950164778236067,1.5694216600125837,1.2984226196415876,0.5657112485698629,0.2338302986682495,0.17009547121715618,0.2933989814385543,0.5379433424898644,0.4920301401156386,0.28771976288882095,0.12023959856526213,0.07305443461323444,0.08259063653987246,0.12332914404691461,0.2449598075073912,0.3913058154632988,0.6187413491486877,0.9090550340672283,1.2823671077828664,1.9554150667262487,2.51772643025676
2021-06-25 12:00:00,0.071480810715132,0.07122964369893094,0.30757233945364043,2.4821260061752617,5.2727892274770385,5.722137160483957,3.536215283655492,0.6471795523793306,0.1114503400488461,1.5460235990555997,1.2777904866437122,0.5530463781673293,0.2028305148331491,0.11804315410964711,0.2029615243419147,0.4351506783904736,0.4033676808674214,0.21834968255300333,0.08799678803374401,0.05902399610357759,0.08410348231638679,0.1401371053228974,0.2756696706167415,0.4275498870115721,0.6488489834636252,0.9183474685805969,1.2758240334045576,1.9273750054963965,2.435575170219721
2021-06-25 13:00:00,0.063588664153616,0.06338207746729395,0.3379771838279491,2.3856379884300516,4.973515368441397,5.629570736994553,3.4168097875662657,0.5792968862874922,0.13199746312632674,1.5331116185867704,1.2449386246604195,0.5334180317197864,0.182032588289007,0.08892144138046114,0.15524996066795269,0.3619700230828956,0.33951683181933806,0.17746143383825647,0.06702047146314008,0.04669860300930791,0.08092097246382633,0.14750888112194807,0.2912907200821738,0.44698097756933336,0.6683566523240636,0.9360084761252089,1.2871552275030063,1.8850408198921054,2.3063833136282614
2021-06-25 14:00:00,0.05419787165906653,0.05403183455171809,0.3878633400060108,2.3155598229259895,4.611251630289293,5.379171054523778,3.2080217067023784,0.5085489967537231,0.1602251275719417,1.5555586492142817,1.18722786570312,0.509130087047387,0.17543102018743234,0.07347457968413039,0.13004101019555808,0.3131627562814689,0.2967944201535083,0.16151947083555118,0.06109861391314958,0.04468768876138944,0.08513855107823907,0.15605010850058804,0.3070646425115066,0.4733935825995121,0.6973865797600629,0.9632654586095407,1.3041032142837259,1.8229318526788916,2.1588370896291935
2021-06-25 15:00:00,0.04537552405507963,0.04523983708497269,0.4209980838238916,2.2467938530850007,4.252345424261637,4.9547774090244925,2.905314781790363,0.43447855921218576,0.19402199909407106,1.5872962560149098,1.1586577108615153,0.4942614801772402,0.17399721686332978,0.061451304008791625,0.1189699777091258,0.29166187233745344,0.2732338283619853,0.15752025554449683,0.060816782065000546,0.04625954398369322,0.08999128179833514,0.16217138283798535,0.31732732784006035,0.48849175576374076,0.7185342693504239,0.9897366697629515,1.3214899312402937,1.750338647500272,2.001057990495395
2021-06-25 16:00:00,0.035834924289087695,0.03573529279081952,0.42196708029846114,2.12072459172845,3.8712113855348402,4.4517358640654585,2.5950655858035665,0.39012289974256664,0.2236111756229322,1.5752943779881776,1.1395724095219424,0.4812480938754411,0.16508983231699384,0.05415764653853132,0.11448415039124268,0.27438240752299486,0.2626324022931366,0.16350709035639752,0.06872458621826837,0.05717837682456746,0.10541836775656149,0.17869126322256723,0.33254910000036936,0.5103213111331921,0.7546474090904621,1.0356836823129816,1.3485419111311232,1.6871131408502786,1.8657073409397111
2021-06-25 17:00:00,0.028420960244637295,0.028357998346619836,0.4253227256372614,1.9377806552570447,3.5174481621118323,3.963039325921541,2.3658848206023246,0.38827764239342444,0.23188393366464935,1.5223567563968636,1.1000589378770962,0.47217487429881166,0.1601411823907359,0.05258486373659338,0.10698489867664218,0.23781655987689737,0.2505098690714489,0.17466303904732067,0.08420358605711988,0.07715633858996973,0.13019457279293778,0.20173543879489703,0.34400583409470553,0.525841129450434,0.7942540688545925,1.0928656672685733,1.3769356972921043,1.6399788057250784,1.7877162772266222
2021-06-25 18:00:00,0.024353181862935,0.024321640793861506,0.4165182049310574,1.7067186743106144,3.1860089522309774,3.4873165314998253,2.183989664997042,0.41049139672011664,0.21359304889648903,1.4088059225906162,1.02816594657041,0.4712442552476843,0.16548863275815318,0.056289674730663514,0.09353222512692946,0.19534107856938032,0.243905809049794,0.1925196302431182,0.10512644046767479,0.0997961905748457,0.15254325273022604,0.21688101640361807,0.34423218016568513,0.5178626700946364,0.8044957414456964,1.1448037686393515,1.4009827788598221,1.5898727314487078,1.6954959849856754
2021-06-25 19:00:00,0.02527276630358902,0.02526713040416068,0.36572245625380295,1.442744097474859,2.80726030576227,3.026714041879079,1.9903091680262914,0.4214732962270486,0.18082964937424936,1.2396533504961222,0.9507067161391994,0.4765786172066034,0.17674351622163742,0.05997164572218714,0.07594461723371222,0.1642238896911892,0.2519569201755301,0.21544116489287365,0.1269043597608996,0.11719270024616837,0.16831841496622635,0.22995971109663677,0.3493366935127242,0.5074188754164405,0.7937958080122494,1.162878065532884,1.405376381815205,1.5470428430559529,1.6103016490099902
2021-06-25 20:00:00,0.03135712153676852,0.03138015792411923,0.30257028390608004,1.1907918370110506,2.3805569155906596,2.577648532334382,1.7910028567743717,0.41399192901244314,0.140061099347323,1.0414960805922662,0.8970426760607243,0.4992839758158584,0.20183018175509818,0.06958530373986073,0.05688598297790257,0.14310158748958626,0.2687362971673891,0.23895405619989482,0.14738581775894738,0.13442295502005502,0.18087913179787127,0.23895926350440605,0.35323196164432424,0.4887867628040654,0.7481230918952788,1.1212517825949555,1.3811389647490204,1.5101695744174537,1.5357077190509423
2021-06-25 21:00:00,0.04110919251434989,0.04116738730628325,0.24303283681889087,0.9523862470035106,1.9439407810256677,2.1382826322967765,1.5925550215048483,0.40654768133110336,0.10597483881272528,0.8357605993919357,0.8489588808228226,0.5473789174572149,0.24949321127925678,0.0865396637371606,0.047245439445483005,0.1379509737624849,0.28919324726911844,0.2697346435226912,0.1725752849473043,0.15564840435522168,0.19384070606050355,0.24576703916441361,0.3582412279162099,0.47160305973332384,0.6934845703487719,1.0548630510971704,1.3400343865085975,1.4732208697211442,1.4770720586299328
2021-06-25 22:00:00,0.0519301790218325,0.052011263728787754,0.21782389998714288,0.7519913579924125,1.5098529872714366,1.7371222159333293,1.386760188961473,0.39401722200240036,0.08482848090502698,0.6494072209765418,0.7921089733463742,0.5996639918975255,0.31083861989128536,0.10890919494402755,0.05123467538653845,0.14197833774419027,0.30344136669836463,0.29483815482755343,0.1953348285492208,0.1735286255073765,0.19868462003765291,0.23748158300620525,0.3437817587553305,0.4350902612717804,0.6150493783984123,0.9617281388915649,1.2860683943764641,1.433352996763894,1.4212709954019411
2021-06-25 23:00:00,0.06347102764774677,0.0635581984768408,0.21159359826956237,0.6142637111564755,1.1220841198555276,1.420811664294328,1.2056287009672004,0.37525371420708176,0.07123425060853163,0.4979546922397894,0.7311585030841895,0.6414853573754355,0.366442638608401,0.13339496010918359,0.06838080465944404,0.16175463699064066,0.32659315790362675,0.3179951349770736,0.21272797147899616,0.18213063626012146,0.19470341187892515,0.22112369354540518,0.31611609945360764,0.3924620228460488,0.5481867787859561,0.8722288332738464,1.2227294304684366,1.3866902372358356,1.3644820686387198
2021-06-26 00:00:00,0.07859801631908281,0.07870134244555639,0.20614490017423354,0.4962122019398509,0.8236368230930767,1.1721852414543277,1.0547880826006377,0.36056506793370796,0.06759015003431065,0.3836127523730491,0.6695784820056669,0.654110180625133,0.406662586052073,0.15844287107173882,0.09622239202801136,0.19725159994994604,0.36093248676667433,0.34340549420197164,0.22364903921196302,0.1808915117825782,0.1774560464853903,0.19326680000408594,0.2805304482363334,0.3496712703839313,0.49683665368010094,0.7996121159865198,1.1549870505052384,1.338652875414277,1.3223910020994238
2021-06-26 01:00:00,0.09889727274741968,0.09904227186458443,0.20418796418747362,0.3900976873585657,0.5962772879987883,0.9619010141061108,0.9060938161120075,0.34371275457907124,0.07867557155410712,0.29964314460682645,0.5912542534224003,0.6389194927051688,0.43161373858268637,0.18263434368803433,0.13033773170533774,0.24155097959639854,0.400989731887515,0.37734903880762727,0.23805204679600458,0.17968093727723922,0.15863031693453108,0.1619975462491824,0.23620695343291878,0.30497100891701917,0.45724059498071296,0.7453456762880623,1.0880542062540688,1.2688796582699624,1.2608321569161254
2021-06-26 02:00:00,0.1257018102521224,0.1259040440632499,0.2073261397005888,0.2985076445217218,0.4201903931383139,0.7662913187130124,0.755362204607074,0.3199837496804131,0.09255562615620855,0.23965451861255477,0.5066458241619043,0.6004980016757627,0.4454952361605896,0.21508484229209485,0.17393930689708753,0.2924263914289456,0.44555767544107727,0.4112702575441603,0.2513420039462026,0.17922844777590627,0.1413880417002631,0.13246248112977413,0.19427560089154838,0.2636998937378289,0.42381835522926137,0.7048018720346345,1.0225166459911903,1.1840401118627613,1.1911708361303344
2021-06-26 03:00:00,0.1547783658983479,0.15502353484527553,0.20389395432674134,0.20746357558743028,0.3120777312331877,0.5960090343294088,0.5920262731377472,0.2828598071902723,0.100956271133237,0.19338610572525608,0.41709663037366307,0.5467291044420557,0.4501129951931102,0.2526680976069748,0.21580301806924307,0.33592618416627074,0.48145892426895365,0.43045001922072784,0.24995792766896652,0.16811386234784328,0.1218379316271319,0.10535983378885092,0.15876315144289888,0.2288007918261201,0.3931630163111657,0.6671946928540746,0.9529785600970779,1.0963631337782296,1.1229969572192668
2021-06-26 04:00:00,0.18290421838512647,0.18317309786313335,0.19899677243456418,0.15103821339792048,0.2593706660599627,0.4735199906476375,0.444867915462825,0.24137727005024,0.10045092305496744,0.14918204349071534,0.32248452452808835,0.47418329733430303,0.4481956045452061,0.29497229113287204,0.2504513744780295,0.3735636783607992,0.5110434555275232,0.4410324617281472,0.24704688082809478,0.15979751310314874,0.10906913520205548,0.08782433507135365,0.13489953149999406,0.2040624457908282,0.36421174483646007,0.6176333277742029,0.8712474042793311,1.001483930654748,1.0517351698992172
2021-06-26 05:00:00,0.20625784733557087,0.20656093985458726,0.19728877926949578,0.1313663080047477,0.24219281346816474,0.37052952181536764,0.31923268894239615,0.19800419609763845,0.0956458694683337,0.11077227516559368,0.23755550569703893,0.3963460951298073,0.43418817901726575,0.3325038796691143,0.2867473716428407,0.40117524074615685,0.524360333785296,0.4384934082175775,0.24550269496257357,0.15622114767385284,0.10002414461258122,0.07562447590239275,0.11439511664236116,0.1760959889229509,0.3210574124011395,0.5580984295390296,0.7740558704347361,0.8969454831604652,0.9836849174834125
2021-06-26 06:00:00,0.22681550987119378,0.2272008756851159,0.1961066981000362,0.1310362563923425,0.2379235837505934,0.28856525004329786,0.22392744371847603,0.1602476430659093,0.09076937571799247,0.08751467493820399,0.16333525658243497,0.3179411724665523,0.41125003657870585,0.35675066263345107,0.31838309213490135,0.42573549083702483,0.5310629866715011,0.445174020168921,0.25830118137428665,0.1648923317945459,0.1015846248475387,0.07293908172412435,0.1047780417230507,0.15626988255074592,0.2780396393932814,0.4900091051962367,0.6761127147980291,0.7929966528686443,0.9037957695629443
2021-06-26 07:00:00,0.24586944340686356,0.24637256516504172,0.19260585561774327,0.13002846150344752,0.22042506464864642,0.2165354916029797,0.15225767838842133,0.11876138897608379,0.08088034337138401,0.07792824796845406,0.10340055031082063,0.24860658835843522,0.39192004275035863,0.37298334467760186,0.34374545605081913,0.43802827786970655,0.5391737074527726,0.4700200009600041,0.2861233694529123,0.18539692768758712,0.11228980260942396,0.0765199160045977,0.10171577526853041,0.14161462115183324,0.23662600704572315,0.41248254745909557,0.5731619359565603,0.6976660911735114,0.8352677284208403
2021-06-26 08:00:00,0.2613436448787443,0.26192587898434166,0.18487519223420115,0.1282300835434761,0.19776299459115,0.15701621111150144,0.10187597665260702,0.07864821442251822,0.0640376594663029,0.07500084016119692,0.06578143554610628,0.19332066831927505,0.3774684016676344,0.38677361641728414,0.3685924115122002,0.44605534102778027,0.5461235046287447,0.5055529072011783,0.32710671566534577,0.21620834018364343,0.13007223170760482,0.0851019662414297,0.1036688636210784,0.13127619277650804,0.1979005699755358,0.3317016052268248,0.47256887302705025,0.6046508168680614,0.7686439749897898
2021-06-26 09:00:00,0.2740128202261167,0.2745946156727138,0.17667996914715065,0.1323075402783703,0.18864941623771353,0.11680480959811586,0.06391216163604137,0.04546579417502315,0.04554916764612367,0.07862442646906717,0.05267672422430447,0.14802080689260308,0.3533036262087606,0.39203844212183186,0.39057360361425714,0.46905284855045376,0.5682351645374072,0.5485924232427777,0.37734096120483346,0.26075487640848044,0.1569284193091975,0.0983849254944326,0.10634648882825459,0.11949089925806304,0.15864060072496647,0.25213028120542097,0.37598883315408643,0.5180798136832616,0.7117012759177995
2021-06-26 10:00:00,0.2807560878050022,0.2812402622872337,0.17507936410105515,0.1387637749136111,0.18398790932090103,0.09386581517511665,0.04146609627783266,0.026994081829147615,0.03432652822950091,0.08257894725449005,0.05403222918173476,0.11126856224164629,0.31664637521704686,0.3853148818814431,0.400937747361045,0.49132759607260373,0.5943974034054744,0.5808419608819206,0.41692712636513357,0.2988296649574437,0.18019143439495947,0.10831183752982183,0.10481318998480378,0.1057039459285675,0.12495499988338257,0.18211406791137782,0.2860519300933949,0.4411158345062072,0.6650906887801058
2021-06-26 11:00:00,0.2806500631098454,0.28096662042510695,0.18820637162031342,0.1525085507777661,0.1864737923823895,0.0879301759419958,0.03861312584828807,0.02394785143100717,0.0324032256070447,0.08809321340945084,0.06510710158445679,0.08222612669852092,0.2730051614004254,0.38018399407574205,0.40857282501683767,0.5146318916604022,0.6276557670070254,0.6087315762858266,0.4443173024385682,0.3249301173036663,0.19850846875021955,0.1179863351018786,0.10519317913453988,0.09813772292534112,0.10304856269283345,0.12813835191771097,0.20862751299546275,0.3683751059117795,0.6098537514759652
2021-06-26 12:00:00,0.2719155934548822,0.27202901900589976,0.2076263845765912,0.16782750627006895,0.18528353879153625,0.08612428258699728,0.04346424251016433,0.02683814815782855,0.03745615035323331,0.09909048806940209,0.08669109340189915,0.06428426259328987,0.2207239202563354,0.3638698630150619,0.41709244943076884,0.5335552393947766,0.6551937232682683,0.6294406956317538,0.4603075582720949,0.3400283190708189,0.20788056264031934,0.12136440045029301,0.10271557142690625,0.09066565723608101,0.08577955047416436,0.089261292469597,0.14819481438276055,0.3058792541671857,0.5578784175345368
2021-06-26 13:00:00,0.2593043802735413,0.25926520992793783,0.22129364612555635,0.17651739032525843,0.18369555361888282,0.08940933586311879,0.05121849914923702,0.035385839712163136,0.05039477774963479,0.12345925645609676,0.11632163590165522,0.06789720965388243,0.17704481199116384,0.3343238009771194,0.42385319390338944,0.5469259004421413,0.6676773052990691,0.6335906232639884,0.46348861179359435,0.3469385414505534,0.2132818576529625,0.12229695997719492,0.09952183604393115,0.08607050995326816,0.07702716774704343,0.06736725166591427,0.10885274465933051,0.26107757146057875,0.5090707876036231
2021-06-26 14:00:00,0.24491907544077807,0.24478896010657647,0.22248685433136878,0.1794915116793751,0.1894634718119332,0.09745898052345368,0.062242209748865004,0.05380308074728532,0.07539082998110055,0.16211059071624126,0.15019799055515218,0.09220997497523645,0.1509967987957469,0.30631854464161906,0.4246510754704898,0.5564261124044859,0.6631605338758783,0.6114799915200494,0.4421087384042711,0.3326217749318158,0.2048395525241821,0.11726013125950077,0.09645650841596175,0.08702550062445795,0.07644861008626112,0.05700906175011745,0.08711606769443882,0.23624975394342507,0.47713446198344395
2021-06-26 15:00:00,0.22785731193900038,0.2276643144068694,0.21180741253283555,0.1849822361158213,0.20256887553095965,0.11010881116404794,0.07562272583577435,0.08354144131678772,0.11858652224721375,0.20752375681270785,0.18553258377890353,0.12923773328238503,0.14222808647658203,0.28537927008436464,0.4237506938879868,0.5611868955574814,0.6484627933140649,0.5702620904407444,0.40136463445899206,0.3026132047164448,0.18313056568227717,0.10338519934869982,0.08729308360877583,0.08469260415975478,0.07473313508517611,0.054686121335420924,0.08092654919729299,0.2259826311503148,0.45895373794027683
2021-06-26 16:00:00,0.20963185896353337,0.20936430729896027,0.2038398138610059,0.19641369526705374,0.22025814502906912,0.12020245570411217,0.08369325503552706,0.12580636386412467,0.19017988311148998,0.2605005794108771,0.22628330021424972,0.16836188267851282,0.1429066921055554,0.2645991745341134,0.4167880361327272,0.5584261568496558,0.6233093664830324,0.5225266857712532,0.3560913419667166,0.2677566069490105,0.15742561532328608,0.08626992721289703,0.07589030921059088,0.08638275119906018,0.08236590793612293,0.06222148008369453,0.0886350490395912,0.23288251512887154,0.4573309085877749
2021-06-26 17:00:00,0.1882270360934289,0.1878606713193242,0.20080124228746243,0.20118962030048645,0.23764689733013156,0.12283690574631258,0.08606009855186886,0.1785077203678141,0.29124459716511275,0.31985881400648336,0.26548876285147643,0.1997553716890184,0.14282903625018703,0.24322757110434523,0.40671102950217164,0.5462138283331944,0.5876649240906536,0.4734711214618764,0.31653731698284293,0.2378355772908109,0.13377689866659948,0.06739063684742587,0.058805155924004,0.08394677034028997,0.09234886128769319,0.07456416237047506,0.10342901942992958,0.25264373561576203,0.47344378626907085
2021-06-26 18:00:00,0.15985759437172908,0.1594231998814537,0.20124886200194672,0.19746179914976433,0.24249630098584166,0.11813570549304234,0.08401422845602433,0.24062939091988378,0.41351701612891023,0.3951898535505076,0.3027040093704103,0.22193619967915823,0.1446714219470454,0.21748031172694268,0.3721069114881684,0.5066927142309049,0.5479435735428394,0.43592303017626505,0.29067264470603354,0.21718698422201818,0.11659684840842635,0.052171715442220774,0.04378946257297672,0.08307536964658553,0.10595409205527731,0.09166707472739849,0.12286494378292032,0.2790950955876633,0.49552540266254835
2021-06-26 19:00:00,0.12647930323630324,0.126070506101998,0.19975892424495775,0.18875946137948232,0.23549810500367316,0.10692192732690703,0.07753933252984498,0.3056817212223236,0.5372582609042631,0.4772023844889633,0.3190485398472877,0.2238706176326906,0.1435552645112068,0.19534044102768114,0.333141339097369,0.45860109090245743,0.5109522009335766,0.4100294928916389,0.2743968507167409,0.20432415673757418,0.10611471295408952,0.043357441116092764,0.034589764175718636,0.08049412753030638,0.1182382453009257,0.11220023385158795,0.1472458181744175,0.30949690137476504,0.520143579464794
2021-06-26 20:00:00,0.09468027853893635,0.09436436454389677,0.18744590229208477,0.18132676348066043,0.2282192521324753,0.09415095511184325,0.07147261585237184,0.36103909607585133,0.6303187644203117,0.5184550706279272,0.297439777483202,0.19511609252390394,0.12971596240534394,0.17313687767174346,0.29221932835468606,0.4064217989540114,0.4686372704755632,0.38469588267645477,0.26013244024898247,0.19377552335587267,0.09929543332604056,0.03858250257879751,0.029078426262953663,0.07623010387802234,0.12802963616718888,0.13503163122264022,0.17421621403013018,0.34206014962452286,0.560731739176365
2021-06-26 21:00:00,0.06900400186050094,0.06876893926758676,0.1648827782696599,0.17963720368313224,0.23509222726887716,0.08368626598077368,0.07024319594112591,0.4029171824975766,0.6976547602555722,0.520117199932059,0.2727723397075139,0.15353979785998043,0.10277177757809926,0.1479826957029416,0.24979696324806494,0.3496695327561692,0.42459966457396636,0.3560581416836113,0.2414232626688111,0.1784250227485655,0.08948824061072023,0.03329589322739144,0.02623647309727154,0.07785179072010197,0.14571948678638172,0.166877743306625,0.2066105383717616,0.37822902127400515,0.6075145878479228
2021-06-26 22:00:00,0.04955011456431515,0.04936507899035305,0.13243600238700132,0.16938724148209994,0.24978180977601067,0.0722194672651602,0.06856853902618958,0.4056573354064594,0.7207573589840562,0.5117260930620822,0.26092664646953273,0.12172012807090572,0.07337358713201189,0.12393424267299201,0.2089988915157406,0.2992026715661488,0.38384839062271636,0.3249237828180355,0.2197111221480597,0.1613780812264818,0.08044749175003721,0.03024956228649893,0.027096223353928084,0.08224443760964742,0.16369842008239188,0.2018816410992049,0.24112919561014262,0.403251365787562,0.6393374534901614
2021-06-26 23:00:00,0.03513662314948231,0.034989781204852244,0.10246120511162962,0.15617796882982515,0.25499742579105367,0.06385252809789414,0.06110783623898868,0.37469232395056995,0.709193023232857,0.5073948053314367,0.2642995098554198,0.11046329735793396,0.05470925319220904,0.10604312814078004,0.17776957267560956,0.26228437820614686,0.36092761044060084,0.3032066491311462,0.19556027353125643,0.142059209349178,0.07149120009693316,0.02937742849945742,0.03394035527044619,0.09371765151806828,0.18796860617292452,0.24003880709746786,0.2750511390215184,0.42565241602499515,0.6631768872824669
2021-06-27 00:00:00,0.024477681346185394,0.02436346609593322,0.07497655173117737,0.12915634617937158,0.23350294751371253,0.06117666015704806,0.05231327081447357,0.3151088549236674,0.6646699914048853,0.5039141734734132,0.289153027709041,0.13465419246149218,0.04912425321130477,0.09129950962995932,0.14863597202489096,0.23084744370414462,0.34369293361980424,0.29012034735740105,0.17747827993084894,0.1287449405978295,0.06786214799802678,0.030435879693745976,0.0370935034370376,0.09955287244169503,0.20733386124884678,0.27546629372418185,0.3063494123533177,0.44851064623107584,0.6916814043743663
2021-06-27 01:00:00,0.02160951493299398,0.021503604407170945,0.04634692500034721,0.10448928327472344,0.1982946270302671,0.06660679293531839,0.0510795200225677,0.2510474036218466,0.6065226171147734,0.5335641447539674,0.3306501033311279,0.2011683192658465,0.06902338700400133,0.08468757478478395,0.13381675718375297,0.2149909695169552,0.3328944027849191,0.27880393103496626,0.1677554682865438,0.12575950777613915,0.07026867408736856,0.032376321600308726,0.03256895729014959,0.09521315806457888,0.2184666383096217,0.3036548100993926,0.3272174954533151,0.4710425354073902,0.7216466141402643
2021-06-27 02:00:00,0.026501422907774765,0.026363538520834683,0.030360253637800733,0.09672712986483002,0.1671874247831905,0.0784530010178814,0.05380315677700734,0.1964679414112139,0.5475658288998421,0.6100245101901431,0.38134332957769007,0.2893096406681045,0.11246639745173838,0.0875906279388965,0.12094882843005857,0.19434456304764322,0.3122397613726755,0.264217960676889,0.1609654077490064,0.1254018167641781,0.07236721376069256,0.031755454116569014,0.0200701791012492,0.07517353403498468,0.2086954760417087,0.3138367332996629,0.34354945034032713,0.49486347069629893,0.749436738108889
2021-06-27 03:00:00,0.03824692517006423,0.038022731911414386,0.02693719761682775,0.10091062096015552,0.15047873456389588,0.10632750385087489,0.06817185119540703,0.15669508915332056,0.4805704485508248,0.6910344671709668,0.4463573784163768,0.3865513599947353,0.16832013041468546,0.09805690886408476,0.09694305345825036,0.1578287608633853,0.2739683319017595,0.238115212790775,0.14576422459889424,0.11575334935393322,0.06654556010419178,0.027019952389655974,0.009908656490143252,0.05647195312111186,0.19316446367869253,0.31630376616834216,0.3595892579357364,0.5180835571414226,0.7693326781694744
2021-06-27 04:00:00,0.056523157898277464,0.05614873878474402,0.02589419403747389,0.11173732536039398,0.16001192172331472,0.13542435465823247,0.10025570603519528,0.128185552804505,0.39322820130626124,0.7396555189967314,0.5424099110581831,0.4674443365661725,0.23497114221578963,0.1258653616335745,0.08351576977097036,0.13034308184747917,0.24487620656692102,0.21917046096824558,0.12407682349611632,0.09266151024828136,0.05286091113820594,0.020818318288019944,0.008519274110609223,0.05637361424626771,0.1953878631455225,0.32451876727322426,0.3750697941815179,0.5446899360757613,0.7872195906579036
2021-06-27 05:00:00,0.08197007403679978,0.08136411900503944,0.030617330921164,0.12388728939610155,0.1801964401176826,0.16022726837128504,0.14853797459825036,0.11896534739878536,0.30423557402870577,0.7390893095459526,0.6591863869275225,0.5311493178445966,0.2863727272867976,0.1717635470864906,0.0944617777624963,0.12671473350282342,0.2351214693362484,0.20815310223186168,0.10179308524147707,0.06668124921164577,0.037008925884518276,0.015911045120476874,0.011998234208219095,0.06300939849509875,0.20156558421846626,0.3272699241989461,0.3766508771837835,0.5469991684091613,0.7936863388486769
2021-06-27 06:00:00,0.10749310753801398,0.10663820443821002,0.04038664237207104,0.1279062752504613,0.2118028309816012,0.18912684360446466,0.19922992240700502,0.12867692900018662,0.22381174249077854,0.7057762322067076,0.777548592095656,0.5917178589514757,0.31331808321308713,0.20170455286145955,0.10694021925781884,0.12469878775027239,0.22518671671141133,0.1971782362746599,0.0834134435966546,0.048667374602339934,0.026581929385590133,0.01432054591784692,0.017008109681832924,0.06950425271737726,0.20283699192997082,0.32424976137314016,0.36607053379386256,0.5390772557019761,0.7899676798378906
2021-06-27 07:00:00,0.12741271635196008,0.12637572000733008,0.04825188354597316,0.12216855190229856,0.23496830747563172,0.20275927498113522,0.23569407205143386,0.1552019554167171,0.16525361568462885,0.641606471443504,0.8631486504224886,0.6284340608783616,0.31041463211381026,0.20459540174220708,0.11268831163769895,0.1237130186275707,0.20871423882281884,0.18070420594059586,0.06892731508252883,0.03706155815570882,0.021280488775396844,0.01397851455019038,0.019385085170118627,0.07206218567490687,0.19641547630315206,0.31238634190142944,0.348789603988746,0.5239409009123305,0.7785282484327917
2021-06-27 08:00:00,0.14000249075434823,0.13889019112792098,0.06224482247501345,0.11303670940408109,0.2500571338702832,0.21315074396571349,0.26429168953229093,0.20387965862561594,0.14900808063325865,0.5609368572676035,0.8945996185898998,0.6350979810696319,0.2863286043677653,0.18594402891033135,0.11298643346990471,0.11377566793470775,0.18677218557445743,0.1627497635978491,0.05505696636365722,0.026577333593650835,0.016009869328579392,0.013177504772397685,0.021638295049579332,0.07790442169288155,0.19535258266309738,0.30408787432987244,0.337399155442974,0.5094371748720053,0.7575700110047228
2021-06-27 09:00:00,0.15377799073504542,0.1526034663192412,0.08008833903144476,0.11536679041509733,0.2687123399546084,0.2265341875491626,0.30033328715582974,0.27381091946020725,0.17670797833433588,0.4900040107879894,0.8825332997139225,0.6298102686667292,0.2729464152336584,0.16375556125209942,0.10896079796916036,0.10140662336516372,0.16333267068674204,0.14062920384244584,0.043307852239717705,0.01885556627309722,0.01260855463646458,0.013656725768534207,0.027518921436566396,0.0898224099615019,0.20849276920413734,0.31051031675723495,0.33151128457414475,0.4923292087944607,0.7463608878030757
2021-06-27 10:00:00,0.1752021631226507,0.1739259300882239,0.09830762013492395,0.12503969604192303,0.2929610532144538,0.2558130471594133,0.35567599932488647,0.3546903336584097,0.22407202951197439,0.42049187583154185,0.8475438533241519,0.624136918870578,0.2670146207793798,0.1516577340037433,0.11533392724224382,0.10400697268358876,0.14928741024883035,0.12475529264297094,0.03970106034846588,0.01838207506185477,0.014459117059813701,0.017805953484673242,0.03694844784348658,0.10335845215382794,0.22424072868149333,0.31357798130131337,0.31841527574329925,0.4690075825539054,0.7286097654823895
2021-06-27 11:00:00,0.19134474350405764,0.19003535808396643,0.11013917826160906,0.14193217535369104,0.328615236544035,0.3035520885808039,0.41127270450912873,0.43337309758847,0.28225045264272736,0.3434648698837062,0.7604120602533432,0.6117015742838959,0.2742313424593376,0.1575226232425961,0.13131762372758954,0.11195266386075596,0.14063640722255938,0.1185008616792927,0.04607212978423773,0.026577449174864324,0.021653979649051587,0.024419265904286405,0.04550526614105408,0.11461327197486967,0.23905623894518097,0.3205523402873573,0.31016867770622625,0.45063330979825444,0.7080627345580223
2021-06-27 12:00:00,0.19462039308488427,0.19342234679099568,0.11783328483164825,0.17017847743527897,0.36773535953649467,0.359515830527742,0.4521073319769472,0.48690270634748656,0.3357825821911038,0.28879795191517227,0.615392133645683,0.5889076608588467,0.28610663685947213,0.16337042778543048,0.1405975184130478,0.11791670959039403,0.13304240765104053,0.11236519209760892,0.05452490382748336,0.03619446776234513,0.028744893589293122,0.02938258496027786,0.05011769836386642,0.11705217554418809,0.23828071426007463,0.313179258129549,0.30979209322887036,0.44978650367050277,0.6983377559680399
2021-06-27 13:00:00,0.18379881517127,0.18280136165226302,0.12590447042987246,0.19642114953501105,0.399081522539451,0.43547809219157557,0.5159631355529827,0.5249222411925053,0.37725351405984997,0.2561205357319211,0.4573651896829284,0.5500895436208039,0.309488118654724,0.17760804187430343,0.1425316145361311,0.11465612158161995,0.1171779516113085,0.10370798528556108,0.06539079416256935,0.04963240431927288,0.03954470095508399,0.037600933684575386,0.056737550306890934,0.12370716894343009,0.24429122857291172,0.3160602562535018,0.3203192710432799,0.46354488232631597,0.7090925505361361
2021-06-27 14:00:00,0.16336103828896772,0.16255874033001025,0.12439440153403009,0.20089785048715408,0.41792887878540536,0.5169883603092095,0.5877194550757544,0.5626570637997474,0.41680238938164094,0.2574382965443668,0.36225268450221254,0.4873865808495141,0.3212222605084081,0.19220069797329012,0.14641569852134215,0.10734200787806672,0.10051876054570992,0.09723269891414127,0.07947139237540649,0.06625281537779522,0.05513562356027848,0.051702686375283004,0.06946430450896426,0.14228330447540483,0.2662889649659533,0.3374392918520908,0.3471597030693504,0.4908115053316542,0.7358588506275516
2021-06-27 15:00:00,0.1454257524522805,0.1447310413012414,0.12281052539436309,0.1951027087275027,0.413760096528119,0.5596449181969031,0.6478501542614996,0.5912466029836805,0.44662895415462517,0.26320303920277704,0.3196643387731322,0.4135877095222072,0.3067189363634525,0.1939029602499815,0.15196977315584756,0.10822857048040065,0.09713683878507781,0.09762206399927564,0.09066491007039224,0.08161698445757037,0.07095932636439774,0.06667953938786121,0.08310592664880666,0.1590208049331822,0.2825063000731973,0.3516293392113469,0.37096644739576395,0.5241354727170376,0.7896856136902358
2021-06-27 16:00:00,0.12788377988545327,0.1272479913373258,0.12846086981702848,0.20018135366459852,0.3966424979355284,0.585646406561678,0.7243066242460195,0.6450987790743707,0.47106077883302705,0.2833983913740324,0.29037459412339944,0.3540120196206852,0.2826291078329829,0.19359306128465614,0.15275705736925768,0.11122340676975852,0.0997269277988581,0.10439770715547836,0.1038660264187775,0.09820184673992231,0.08830139410663894,0.08374877119049613,0.10042397230588854,0.1836737506773065,0.3124770706849935,0.3806573314752786,0.3985991558255364,0.5609725048994039,0.8563939914103945
2021-06-27 17:00:00,0.10471791962479748,0.10413087372012822,0.14125266350130472,0.22233913796490495,0.3731227663946058,0.6138416832720348,0.8108209777735301,0.7085529290455005,0.49289111244745226,0.3028797088244312,0.26014352290730564,0.3256654401800634,0.2613755380007946,0.19112268657077564,0.15073457720814085,0.11232440033931164,0.10255057749712067,0.11212774132133219,0.11811387678945985,0.11719253848172155,0.10729396163647961,0.10160331260218132,0.11875287735019224,0.21052775383288605,0.3443353139601897,0.41285765861124113,0.43119311066444777,0.5991762408326967,0.9132982967946892
2021-06-27 18:00:00,0.08258459241523822,0.08203304190067054,0.1615584042552979,0.25595478424790774,0.37628578177742616,0.6778291918803429,0.9326714321153596,0.7663211562128668,0.49554756519970716,0.3387999442466206,0.25551107688380853,0.30728657248308977,0.24475395547003279,0.17567382550057667,0.13725135895635804,0.10713801420771948,0.10340443339487673,0.12112076984912995,0.13716439718611695,0.14162756396950235,0.13608204129731885,0.1304430247211658,0.14497524324031955,0.2385077490569925,0.3738539797636919,0.4425618037068405,0.4650422299185651,0.6329089519894496,0.9554521687133758
2021-06-27 19:00:00,0.06662966129308837,0.06610815877256128,0.1832914128805869,0.2854026301954643,0.3824230017806374,0.7699209856005378,1.0545947838992877,0.8077304342277084,0.4686000736825438,0.34553945523219587,0.2659254244692991,0.30527944869743334,0.24872886219516044,0.1748432058624297,0.13391547269963866,0.10347873900016172,0.10472559150797393,0.12684372905878474,0.15423202513272558,0.16921271136393323,0.16830699209938338,0.16177434271792884,0.16991734548218917,0.26414692425465186,0.40196781426166567,0.4612076185864748,0.4838688991731697,0.6547592242908061,0.9735937054793433
2021-06-27 20:00:00,0.05817278377788372,0.05764979023133331,0.2011527258874999,0.2985861538622359,0.41000111393860594,0.8757613922436088,1.1268286578385822,0.7895471186174513,0.39273643547900544,0.32149259822800996,0.2748680882983266,0.3202068256090256,0.2726783904631546,0.1879101824405877,0.13829042660202515,0.10387489140055405,0.10827498516764675,0.130637943307709,0.16388078464665187,0.18712325112430547,0.1910654675848707,0.1849661506033611,0.18787192124977656,0.2834521075613461,0.4257983798931766,0.4750382374431994,0.49894525977021714,0.67298933732774,0.995255119563734
2021-06-27 21:00:00,0.055357453535024845,0.05481396824092083,0.21248082153448575,0.3020123574399111,0.4699512973942392,0.9513987336438215,1.1443389113176212,0.734765666658029,0.3217011722129597,0.28503310331730003,0.27683144570950957,0.34233487827454034,0.30004366241962815,0.20946491992414104,0.14967232616364426,0.11214372456849027,0.12311026750769201,0.14942034099374046,0.18466210781638615,0.2145061244744654,0.22359779830039514,0.21499853475291894,0.2115735739671857,0.3041606200782875,0.4535889062063377,0.4944448116296244,0.5052939142696287,0.680566094500736,0.9989539227902774
2021-06-27 22:00:00,0.056451569754286536,0.05586771586164469,0.2105403153478613,0.29861605121496515,0.5419831278101518,0.9594187668601301,1.1015950389347344,0.6769557748970343,0.27228842698879907,0.2556293978539703,0.26708564341909985,0.34838315470659564,0.3326906378489955,0.2414450646974827,0.16676172416821355,0.12781526450444328,0.14626378462965275,0.1759722980994729,0.2108493760140007,0.2416445774373604,0.2518607228423182,0.2394113132923335,0.2302702672636395,0.31807021689721277,0.4708021284197655,0.49743776075716745,0.49274897460217165,0.6722063757083461,0.9757349594622219
2021-06-27 23:00:00,0.06131388489004416,0.06065649859634999,0.19889665534928025,0.2864901157645064,0.6114592254880219,0.9214038438714605,1.004167744280085,0.6286700550570609,0.2496038033424472,0.25057682423450234,0.27673221884760957,0.3449525889246486,0.3452871973153876,0.26132171818953864,0.18828174621810848,0.14888162950726225,0.16763855420365292,0.19694853446708216,0.23501591995209478,0.26832283024441045,0.2777173663946488,0.2621773274299294,0.25035649914016284,0.33302013868674996,0.48487676644982314,0.4953408276945258,0.47854573320414096,0.6588828012333797,0.9420291071048569
2021-06-28 00:00:00,0.0679865043734546,0.06725458527169069,0.18737374332463344,0.27444143471386845,0.6680777661448299,0.8542982472187743,0.8807121023511915,0.5777510713415767,0.23154977106110805,0.2668629408855105,0.28592644528710254,0.32674395714979343,0.33556082288941813,0.2670976034454198,0.20446880761495376,0.1714249970085104,0.1861113407225762,0.21149735947469578,0.2526204028614508,0.2883130366170205,0.2985400855675465,0.2827009279621383,0.2706042896148919,0.34408110529639835,0.4885527293102323,0.4836979873128573,0.46260484142083064,0.6425342864451649,0.889019319503247
2021-06-28 01:00:00,0.07355612587639826,0.07276737236616547,0.1802586077976048,0.27841551821964766,0.7125127784305694,0.792883050127213,0.771432230619832,0.5171990786249185,0.21397966611993155,0.2806458005231328,0.2939733217227841,0.29824804479485884,0.3103004145178234,0.2742563663074046,0.22134186385568874,0.19465868394770205,0.2069286577478315,0.22693770264470767,0.26447676906424966,0.298516926823024,0.31325168339758785,0.30216975317213846,0.2903890088795158,0.3548205465035538,0.48940379557870345,0.4679754248124848,0.44339730168403196,0.624848319032356,0.8470343945913507
2021-06-28 02:00:00,0.0767837759130361,0.07596881897694896,0.1792547157007999,0.2955266689052669,0.7544100317822534,0.7526012653217138,0.6787515974379513,0.4579161629909713,0.1971572475235439,0.2804054522928889,0.30904218410157436,0.2727169366785705,0.28215639485834776,0.279293155466292,0.2449097366047922,0.21956604749635936,0.23146808276066022,0.24562985040718596,0.27523947321598724,0.30770581761260474,0.32592775797009466,0.3197264246488669,0.30660132531773215,0.36226654603351344,0.4854688120446856,0.4566153282554012,0.4380990918630315,0.6156166297010649,0.8040867027086744
2021-06-28 03:00:00,0.07871118742782376,0.07788395915961405,0.19012571405956613,0.31442665086893484,0.8065172799912654,0.7395225917209483,0.6181946006684282,0.39161479611641464,0.16234069439831098,0.2688166584882245,0.3148163161648875,0.2568550194983424,0.2701465098826875,0.28643453963244875,0.2641577999300184,0.24253471556668654,0.26097222428288785,0.2634227800876108,0.28211462140352556,0.3171089382355616,0.3420759071656593,0.337157405658946,0.3116791728408752,0.3545086523714254,0.4651849282950517,0.44095605260689047,0.43866953505271955,0.6063508967998102,0.7651812376251826
2021-06-28 04:00:00,0.08346917411490862,0.08259975903969173,0.2097942920801808,0.34346982474341603,0.8919555331211145,0.7812144923136024,0.6191060116597181,0.3504172627859291,0.1262187442251995,0.2533621889418149,0.32658974503597926,0.25406513447216383,0.27606868914324734,0.3133161572620532,0.29136925002512987,0.27243267910900054,0.2982684916957917,0.2942980669835986,0.308115621622816,0.3478764418404843,0.3748849369890314,0.3634477119958298,0.31959572129467867,0.3405318206861875,0.4396620756958635,0.4277563364385538,0.44363939153182924,0.6027794819588432,0.7408303732669885
2021-06-28 05:00:00,0.09230847663520525,0.09134923324674413,0.23554356369254226,0.3866978193269828,1.0043965218746873,0.8556483715018833,0.645431728065153,0.3397582019992038,0.1115298844608535,0.24875902026803381,0.34650615177293637,0.2801000886963306,0.3024446570497646,0.36149786520940674,0.3372580018431683,0.31488685490661283,0.3428830529712799,0.336043187948544,0.34735180665668103,0.3908503164553714,0.4206212679183739,0.4012049551539342,0.33779874771540364,0.32367272278907383,0.4076553703185196,0.41031396871821074,0.44367392577888143,0.5969615893437984,0.7064138611365862
2021-06-28 06:00:00,0.10342913623205949,0.10235640373467328,0.2626113442093078,0.43478527454101523,1.14634637638059,0.9986733074944588,0.7270304936111239,0.3546932503464695,0.09835146899954991,0.24352827323787152,0.3788941838646391,0.31350919158472357,0.338031135130774,0.4183251751361568,0.40063855878865284,0.3736401076873368,0.3956058029840223,0.38354299881984705,0.3950464974688515,0.4458480780128372,0.48150563327518797,0.4528996398310631,0.3647702319164028,0.31111794280125193,0.3819005884471295,0.39549398295150734,0.4390775450660997,0.5960960139512078,0.6798390390360842
2021-06-28 07:00:00,0.11386785638075667,0.11266512633542183,0.2835140678606595,0.4802067673825991,1.3060594902484992,1.1959028517301595,0.8383782424971565,0.3861149177419177,0.08696948271814012,0.24475876549698336,0.41000697559760096,0.3546782660916138,0.38394508243476433,0.48906898723393166,0.4773075702073832,0.4487560354295697,0.46496948193706567,0.4409857133351924,0.453424574060568,0.5165247897490476,0.5520629921627435,0.5057195202594986,0.3883528524209963,0.30110618036328035,0.3684112252739408,0.39311057414019845,0.43588261655893373,0.5990004604037009,0.6508702618467492
2021-06-28 08:00:00,0.12268486935016061,0.1213432622043647,0.2907224663020445,0.5282151320688271,1.4499046775452982,1.4004698971158542,0.948483822406957,0.4216700064439121,0.09050277495545388,0.2395884417919433,0.4320874300490559,0.4184075787531052,0.44736199075131283,0.5643255339909535,0.5616218495448653,0.5314319713829639,0.5387577435593307,0.498993462481173,0.5106742856754434,0.5791272063268339,0.6150647317778855,0.5543309274694536,0.41263352101914724,0.29491493108949957,0.363783841828377,0.3989368298040431,0.43169602932929835,0.6036203970376541,0.6358115503047205
2021-06-28 09:00:00,0.130824373241967,0.12933771817867026,0.28457491032496907,0.5779719542986371,1.556263228918854,1.5868599220142816,1.060817881986219,0.4604028101114303,0.10604021872409568,0.22298856881616302,0.4535804875719551,0.4779808025425696,0.5252298191110838,0.6465743288024998,0.6357861403467332,0.6012201884902172,0.5997695494318689,0.5459145682219629,0.5502545247028986,0.614213936404448,0.6464646089765426,0.5802190926983827,0.42977110891752857,0.2956196205649393,0.37099172762724414,0.41379086345331745,0.43413189776441524,0.6101051372032791,0.635219713197917
2021-06-28 10:00:00,0.13680784849655914,0.1351675711890713,0.27558542302065325,0.6232274697879095,1.640809172893872,1.738338005772865,1.170314748894696,0.5014371719689096,0.12214635036033705,0.2004236376500773,0.4709108507856022,0.536736324080737,0.6139497438867104,0.7235494881922316,0.7054465954584691,0.6673640973218851,0.6602851000756415,0.5918683671680821,0.5905100055534868,0.648292600306291,0.6740783849348099,0.6009216708233206,0.4404175967396511,0.2963572958127446,0.37676358379488223,0.43388829136140245,0.447586115307648,0.6120410042626395,0.6363046837136165
2021-06-28 11:00:00,0.13977344505776318,0.13803926538313246,0.27158568627623114,0.6670784151750728,1.734888033874171,1.8650456906388309,1.2663822985530218,0.5385186745659845,0.1321323979117791,0.18685056418132226,0.49734152591406805,0.6051553707602436,0.699208147313904,0.7902765234182613,0.7653514112179155,0.7241586659421095,0.718127755795075,0.6477803201231865,0.6439660796882627,0.7012188919449898,0.7184689770449855,0.6315766919747531,0.4553980581113301,0.30308522946671795,0.3809853769003132,0.45445880436809644,0.4798461422459687,0.637162767941196,0.6530665760227495
2021-06-28 12:00:00,0.13791048679111764,0.13615684341284962,0.26802033044608103,0.7199402931501704,1.8100504546623464,1.960221072200412,1.3561792297094943,0.5767330994061186,0.14215827056487412,0.1800890953949734,0.5370123610726939,0.6799721912901746,0.7703513269337531,0.853288450869804,0.8268686533162418,0.7818095685087223,0.7823960727097717,0.7147222374048955,0.7101845914796602,0.7705317751754919,0.7787897239631991,0.6759032180170702,0.4827186109103816,0.31965647627926236,0.3825635979137582,0.46658562566491846,0.514771886038273,0.6735961829370779,0.671876090668505
2021-06-28 13:00:00,0.13227782674335947,0.13055362775798848,0.2671582972641885,0.7846733051593542,1.8991908743507595,2.063884499874032,1.4604576987810083,0.6300834517855158,0.15741286042368474,0.1774986414339721,0.5795323464081531,0.7530190999920467,0.8365681558859384,0.9172366293416567,0.9000329703831397,0.8574690603361285,0.8563417683487057,0.7909361812867735,0.7890897759442747,0.8566890686780878,0.8546645801173075,0.7329725715186067,0.5225689766260702,0.34644389255037755,0.3879840295689825,0.4747533021511245,0.5465923860738952,0.710766182669646,0.6925959215439306
2021-06-28 14:00:00,0.11847749442951293,0.11688224247387076,0.2715688222202075,0.8655324490117657,2.0455414457817658,2.1949482695487292,1.5685029615969364,0.6881551795763171,0.17640380619476212,0.180387290432141,0.6155483550141603,0.8137499046820718,0.911153615719121,0.9815622408826539,0.9827090627986009,0.9509482030714108,0.9499136008649088,0.8962570964220049,0.9038310565188966,0.9707921119434413,0.9491345968976096,0.8037750155052762,0.5740676193656069,0.3878861097164879,0.4083337969429671,0.4893352083421407,0.5759416696726761,0.741374840707726,0.7100919943786244
2021-06-28 15:00:00,0.10601603156164478,0.10454921660315478,0.281805392189821,0.9688010398204394,2.2149706408995815,2.348891749934422,1.6676664050232826,0.742148752196628,0.19124398546611796,0.18404157833763918,0.6438985570490215,0.8609439214634063,0.9751532934383724,1.0526974301448113,1.0568910984044073,1.0408626377390158,1.0479180340917016,1.016470827236374,1.0413995802762883,1.1080965947859547,1.0680442957828342,0.9009142657335623,0.6546901204838937,0.45260453771849835,0.4463750271146652,0.5102857788103538,0.5949383646448102,0.7516148232838517,0.7320362753348532
2021-06-28 16:00:00,0.09606339011659801,0.09468953603438697,0.3038741905543287,1.097120024537719,2.419700204240203,2.541624903769271,1.764260986339806,0.7872734551823947,0.2083224316249847,0.180104493043033,0.6512410052374223,0.8923741300419026,1.0244487910981261,1.1204518453345347,1.123186258828803,1.1127727162432386,1.1375610149500628,1.130352062355701,1.1686186973410846,1.2337201873904533,1.1765685756450917,0.9958505183292621,0.7461419460464119,0.53277832747363,0.5033840585248226,0.549479837158468,0.6182657035122933,0.7593679288703071,0.7726282268697724
2021-06-28 17:00:00,0.08441233375953433,0.08315443845466904,0.33399930801777716,1.2299862260284566,2.6822990590982725,2.760734488930835,1.8620180117717309,0.8267534909452487,0.22069516230053599,0.1635479663863222,0.6343207232426817,0.904181925594762,1.0726917025110387,1.2023081910693445,1.1990073718163137,1.1773040213483095,1.2281943429337354,1.2529293613994197,1.3006777079135123,1.359499210733604,1.2794404104427635,1.081212233549745,0.8258611095870801,0.6137421239450745,0.5731613882281151,0.5999593754579716,0.6399534199225898,0.7539245947400199,0.8150857345037514
2021-06-28 18:00:00,0.07421929054487188,0.07308256659417414,0.3684974070283672,1.380751512138417,3.0044150360706263,2.9772199561484363,1.9508648651133533,0.8625570705134618,0.22426478168933583,0.13682306561087085,0.5825266245025238,0.8951063684444395,1.137947387611934,1.32264255255017,1.2949080359857488,1.2421113127878454,1.3119705250199554,1.3749959164092926,1.4348752278751433,1.4856811955112237,1.376909987030821,1.155838632525133,0.8929938207550974,0.6889377393633304,0.6413953708458161,0.6542902763587359,0.6734226689156183,0.7585955376269736,0.8537460470498368
2021-06-28 19:00:00,0.06946204405132052,0.06840333226798061,0.3946542794780571,1.5302936925764257,3.340688384943367,3.1419109647236256,2.0007534426212,0.8772836923788058,0.21324843194874926,0.11608248945220599,0.5066791201262029,0.8742347409485411,1.2204482515239272,1.4720904452450192,1.4185451398323927,1.3230926799175329,1.3987967854736243,1.495430267583264,1.5712844814876217,1.6148644182746745,1.472663165030086,1.2277068145852068,0.9586097954157056,0.7578191668298023,0.7048905666169109,0.7102253996045127,0.7128183988120529,0.7761589374041364,0.8782718525571974
2021-06-28 20:00:00,0.06605235527388341,0.06507619146395634,0.41482642481527154,1.6664705720212167,3.615447016714216,3.273942245800198,2.043271519843487,0.881300645209723,0.1967113344208978,0.10833851088774317,0.43348035232042914,0.8419954250417889,1.3162376435750431,1.6399878295574115,1.5740986899382419,1.4450931578592126,1.5012472500870617,1.61395466861554,1.7040092282327728,1.7388406148914428,1.567055196338301,1.3006137110464429,1.0246014439680575,0.8246508163086337,0.7600007104047675,0.7558394700424786,0.7521397467137545,0.8101842776211479,0.8942799150137479
2021-06-28 21:00:00,0.05743809522278909,0.05661913294508448,0.42478610490753094,1.7810334241696995,3.792353371606334,3.425276177519936,2.126134701877063,0.9106784565221896,0.20520026611819278,0.10342559495052409,0.39430311329539897,0.8307296524903716,1.4086147800134394,1.805489980310658,1.7424779631921665,1.5934403635893042,1.6169026379820255,1.7274813588464861,1.830131734628082,1.8583675134653612,1.6542373744893808,1.3638051655812469,1.081969225384195,0.8832498768151553,0.8064330223616268,0.7967588014054422,0.8020373831704913,0.8626883100130278,0.9122051615161884
2021-06-28 22:00:00,0.044060101374808536,0.043443184364540234,0.4192763257071199,1.8553126417491312,3.8671566874187944,3.5815878306037865,2.247043724920518,0.9630316382963997,0.22616091450925527,0.09447823605963836,0.40104497003283734,0.8667781242351659,1.5100571323959606,1.9751600058421297,1.9204558478418907,1.7640644236768255,1.7679293835818377,1.866345262384072,1.9723969011684424,1.9995224542767036,1.764536117737681,1.4457486130175212,1.1454790018496384,0.9404798619260561,0.846142063484463,0.8281148446371659,0.8427705959820438,0.9002700905256116,0.9145088995338453
2021-06-28 23:00:00,0.033154017702031933,0.03269642218342543,0.41017440916022313,1.8784619452153422,3.8719130195902776,3.739853756601814,2.411557123661315,1.0529643350093747,0.255835387193751,0.08257952084850997,0.4272095850074119,0.9612654372560577,1.6433475721679596,2.15284373296053,2.0956870844565674,1.936475945063355,1.933053030171367,2.0198546789677763,2.1256426466248404,2.148120386896001,1.8897616302641411,1.5440033814897578,1.213002571327233,0.9950008043337565,0.879817313080802,0.8491862360017084,0.8701405452779621,0.9263934724653942,0.9171223891453214
2021-06-29 00:00:00,0.027463575452219956,0.027096409868005926,0.4043826179865873,1.8672366074804354,3.8123881636894694,3.8628625602349054,2.589201489576636,1.1585410195463357,0.28590484999591365,0.07238755193215975,0.45641108578688977,1.098508246998492,1.821906974665533,2.341511642764438,2.2684281574298626,2.104732443019975,2.098961730327772,2.1874006437740148,2.291320776377182,2.300630894318389,2.0266914468838704,1.6598865291621918,1.2958381560797758,1.056982673342406,0.9129222819083109,0.855813989778587,0.8730546405256941,0.9267694054776683,0.907440494726233
2021-06-29 01:00:00,0.02334959727324707,0.023054340469231938,0.40784760148717225,1.8559439505753668,3.770988221341347,3.9918745350842135,2.7733834789161453,1.269781193785947,0.31837042321974285,0.06534538678661021,0.48570154332230614,1.256935500883032,2.0438429722951508,2.537048902986634,2.4358309199214245,2.261849395605336,2.2526401797884006,2.3418715303548607,2.4471936433549946,2.446545382668701,2.1750025587012476,1.7937963431050494,1.3894117712175782,1.1205155069031196,0.9459758367209239,0.8559726999660026,0.8614730589833769,0.9220213444442148,0.9120044388638928
2021-06-29 02:00:00,0.019854297649029674,0.01962322890831805,0.418835612721685,1.8731399150185293,3.791893166054525,4.1683254707718636,2.975231092174244,1.3734736448205553,0.3493655142404315,0.061187466046780443,0.5226370175843426,1.4375700397695041,2.3038817228384163,2.750957144586076,2.6138330452842267,2.419926672211941,2.4032621355425356,2.4919191528426627,2.594442273336811,2.581674443110264,2.3126533178079316,1.9240282877432682,1.4835507605895517,1.1808260434342004,0.9774932493623943,0.8590254990654399,0.8443871278846691,0.91794343787768,0.9386325919322426
2021-06-29 03:00:00,0.015885887405708003,0.015722467156914267,0.4328435030009616,1.9163897718284826,3.8702646205596674,4.3675731790240535,3.1809687478331807,1.4715332252944406,0.3660727122185451,0.058852777000175424,0.5692979624841272,1.6287477285065752,2.6086025661536096,3.0236032965239654,2.833773575508102,2.6059047192802294,2.5714105836776877,2.651401100154658,2.744354705347525,2.7140340279898485,2.4329168004578086,2.0279230965996713,1.558549730674526,1.2379019408571779,1.0151373908546573,0.8615621439744837,0.8215188508045549,0.9100767427319781,0.9760377975194321
2021-06-29 04:00:00,0.011263460428858977,0.011167522058414956,0.4461835844133619,2.0031545391175665,4.039406071333324,4.644920892725521,3.433286935676244,1.594383696721442,0.38414678880988745,0.05280007468278941,0.6182268059175083,1.8269894163777052,2.9396818272657432,3.3440529686704332,3.113073177777202,2.8440061497072127,2.76235926556388,2.8097328947281732,2.883344432431635,2.828334552791847,2.526086278935352,2.1130079091215754,1.627185914304163,1.289237629454381,1.0507538074999092,0.8705438942793712,0.8170908217723072,0.9225172417158406,1.0258312622945827
2021-06-29 05:00:00,0.007258387526093083,0.007212266163412591,0.4538029250082979,2.1212068148583367,4.247197464301004,4.9926431887442595,3.745806781470088,1.7545574231908232,0.42008307122364996,0.0459696720849854,0.673814496459755,2.0425067014521385,3.2964852705680543,3.696289906236154,3.454964787674144,3.1434591684372575,2.9957208215541096,2.9999301689253395,3.037701380776823,2.9369797360028027,2.597551859218109,2.1717097649965766,1.6886721437474776,1.344988204341466,1.090341551165786,0.8839645194271878,0.8208637024465792,0.9371669820314702,1.0658875452856191
2021-06-29 06:00:00,0.0051146381791508655,0.005093688634193262,0.47091740205837535,2.266397453639351,4.476843944424243,5.382326719924912,4.1141562857723075,1.965357969061225,0.4851851941598552,0.039676056134520944,0.7278081872896504,2.267519313031594,3.6859594589321465,4.096255198418649,3.854500778588649,3.4929062157022273,3.2673267994665283,3.2116861182973264,3.1884732040851436,3.036229218182546,2.6356911355160695,2.1902418126166823,1.7247019422427687,1.3870086773030432,1.1205908687990351,0.8977307688363386,0.8398732110336824,0.9673799918717972,1.0992389173738828
2021-06-29 07:00:00,0.004285989822489196,0.004277600426561589,0.5054802588916086,2.4317929634773607,4.681697128669891,5.733384607528357,4.456430355802732,2.1711257456145705,0.5625181505783086,0.036780569778777715,0.7901152647029536,2.4963966669050777,4.116260592025692,4.552111897577717,4.2955361065731505,3.8674289760030818,3.5780919224244556,3.4627057967431902,3.3471842420441003,3.1217149275486267,2.6520372767851677,2.1932672098375856,1.7495424988214934,1.4180293500745078,1.1394188437409019,0.913970460182338,0.8705731165496831,1.0005213889299274,1.1249080075725237
2021-06-29 08:00:00,0.004081041993319238,0.004081090919885921,0.5476774564486839,2.590557046902703,4.818476993549357,5.956905781291723,4.697992786997855,2.338707493189002,0.6382627774827384,0.039369892950849736,0.882380373984529,2.760239023769511,4.602294487392847,5.073469372497546,4.755510846817282,4.249463794637154,3.904886598099585,3.7331320623997675,3.5137015146931225,3.2022342203845757,2.6659797949325594,2.1961042936724704,1.7763500290718228,1.452561984934341,1.1536322294701735,0.931382402749069,0.9065253822535304,1.0414394389003612,1.1558400234512214
2021-06-29 09:00:00,0.0035572360557942573,0.003563777268388654,0.5899183942287839,2.745021058326919,4.89855937413233,6.099636543783823,4.8887884744510295,2.4829551000049084,0.6981260096095975,0.04789797358547936,0.99743076899908,3.0656423951606113,5.13983491884197,5.661384198242109,5.2263686927740665,4.614874467101437,4.202214235094627,3.9628639963454475,3.6263096745626853,3.2354101483747475,2.6385598395360725,2.1651003723781237,1.781789216745887,1.478367100683531,1.1673669638222137,0.9567915589785768,0.9477669417528031,1.0821264828828039,1.177327362869505
2021-06-29 10:00:00,0.003997634921362037,0.004012305606237584,0.6285266188045953,2.891383978399634,4.958889021372469,6.20374059943319,5.059642332933158,2.6074460457584765,0.7268205218738844,0.061543270927825085,1.144488407204995,3.4155153407388967,5.728531393559341,6.3034418435788915,5.715616957866713,4.979638085654348,4.497229552953488,4.156497454581263,3.690471670758421,3.231018746311391,2.5910750741742277,2.117586625911488,1.7662924533989204,1.4897661509941749,1.1813575467949495,0.991814862228473,0.9903745684666145,1.1187641571569626,1.1990545718508723
2021-06-29 11:00:00,0.006135267635151431,0.006169056971648431,0.6700466481635168,3.0426831698055605,5.036605044692974,6.290273234857769,5.223152941550894,2.6943182033814477,0.7237808950295695,0.08311014069438522,1.3107538573085034,3.7890697290436006,6.305335049741299,6.942607834192773,6.223737272962757,5.365797652074269,4.7925463672929265,4.318430254710212,3.719219367680167,3.2020693945492744,2.5284065184928153,2.0628626661696368,1.746637798646774,1.5006082162488725,1.1972331855351765,1.033682416368529,1.0299869131797008,1.1660409732284807,1.2444197340554375
2021-06-29 12:00:00,0.013687104759124621,0.013784845171110241,0.7168101977509206,3.17439045710933,5.103852092405335,6.327985813836981,5.367258086179682,2.7406670827429376,0.6816926701899604,0.11979369258621149,1.5017395205991106,4.201160022130636,6.898803343844877,7.547648809517364,6.687095752170687,5.70231903653374,5.045279160068667,4.465548209260102,3.742659052504279,3.172396623988612,2.4742852229793297,2.0209972057136927,1.7430122260442173,1.522217691858245,1.2075733493098324,1.0578039011159066,1.0598288984419324,1.2169370251685911,1.3066542484646062
2021-06-29 13:00:00,0.030668289615855413,0.030936129560751254,0.7645613769714947,3.2773654627897812,5.152963217574561,6.3348601828523865,5.4686578088618925,2.745254597251761,0.6282602203583822,0.17084935365139228,1.7101980323507373,4.629866588493714,7.444590601512374,8.058459725052021,7.059748683035063,5.973451315128441,5.246002811545482,4.569757602486856,3.734300772172657,3.130681996404343,2.421054030451911,1.9764673023212866,1.7352411972504151,1.5444031623930923,1.218249735522257,1.0731628020019057,1.0879122283126774,1.280377288327858,1.39460874688059
2021-06-29 14:00:00,0.05845940549209284,0.05907275583305817,0.8094829538309586,3.3417657429500807,5.181242014953436,6.313154047923344,5.504031778028401,2.692984556392547,0.5637282220212935,0.24494795889303617,1.980357008380789,5.08961419218355,7.910766073882525,8.456473268356977,7.361298333031981,6.197575242347735,5.407516002751916,4.646329361950798,3.6946430531788943,3.0651294449474604,2.3611450537230474,1.936392601286797,1.7386015795912462,1.573151037005227,1.228152370407363,1.0873264400712062,1.1228576382302797,1.3500737066408734,1.494376152837195
2021-06-29 15:00:00,0.0940457079970187,0.09521098439093374,0.8578783886452764,3.348562837990397,5.144398786587032,6.233958774064654,5.434750539361038,2.564746370277127,0.48837053223351456,0.34129769095580165,2.308549319294789,5.604994694855878,8.417001863073978,8.824920505310297,7.615714344289462,6.366626873411746,5.510542590637893,4.681112627460275,3.6347511027758572,2.987349231963877,2.3007748342790086,1.9048199974269477,1.7367172150370846,1.5816025228926849,1.2246281409683106,1.1043951456130612,1.1606551391321198,1.4294257362703073,1.6321224492558455
2021-06-29 16:00:00,0.13310211783047385,0.13501376084002767,0.9238296090800115,3.3245788307169324,5.052484062846794,6.113463537431898,5.28597154892599,2.404422484009348,0.41460561456876216,0.44056742875265775,2.6350957132713795,6.067115671000817,8.861943185885123,9.175118023330526,7.810682504992756,6.460945393947415,5.533164814377228,4.638161615700369,3.5179084979993185,2.859412315037589,2.2016719004449747,1.8435490072553065,1.6989862564399203,1.5539639078520844,1.209857227935796,1.1118461984628292,1.172125101553351,1.495403953973506,1.7997820546064323
2021-06-29 17:00:00,0.17991218507937512,0.18281440698633822,1.002743277875128,3.2670724297792844,4.906932134379688,5.956470513672563,5.056950203573941,2.2276932103678577,0.35282816873798933,0.5296318045155628,2.9394164034838224,6.477644900360213,9.277911402347048,9.508794277411736,7.996597117475684,6.5219720896669235,5.5428557092409925,4.5921628987222025,3.399119213269976,2.7424528862619746,2.1174712761117784,1.7962008727979135,1.6740754370342497,1.5431893983450606,1.22258682794706,1.1284595828237665,1.1774805643046873,1.5541133780899512,1.963088957227223
2021-06-29 18:00:00,0.2361266317940319,0.2403134819618251,1.0802593068450694,3.184683580187087,4.757783145433571,5.8295753059542745,4.835337965642556,2.0638172091379143,0.3119826962954833,0.5883506599802766,3.20673878709034,6.853754211121251,9.65725175523986,9.829119527335797,8.18998928783558,6.592287352180677,5.5352008596029485,4.529993889791707,3.2811821386704696,2.631973618749777,2.0341483416507002,1.7442531721603047,1.6502963998512676,1.543238157114742,1.2666096891145655,1.1602907273457153,1.1902160077222907,1.6289002262285481,2.1520496324427385
2021-06-29 19:00:00,0.3001415094947745,0.3059220566671664,1.1491028883720344,3.05325379824967,4.602866611682736,5.711511965257282,4.622832202935321,1.8966888175589425,0.2854250885357347,0.6307639872578196,3.4693139021541715,7.243613454381817,10.048716262651672,10.148873633517573,8.398376497681353,6.695635432459232,5.54716341280679,4.468832934770611,3.187778132017545,2.5595711852624747,1.9971532783616313,1.740309821903647,1.6805984600276356,1.588780394170405,1.3316824094796644,1.2166851816991926,1.2350169352275135,1.7267089936990854,2.4136007464203195
2021-06-29 20:00:00,0.36684997338855696,0.3744414779898295,1.217823459005462,2.901646346639323,4.455929896649602,5.620813147548723,4.426798381653015,1.7260946332446065,0.2641985531542511,0.6709262245335497,3.7148487653925266,7.649878083532919,10.508278967860821,10.461397852326513,8.605375379222329,6.840836819452118,5.591955677314922,4.4281068112028885,3.119524017422117,2.5185486058510165,1.9949190917909452,1.767000486115515,1.7490358750485147,1.6613838852581753,1.4157137705984801,1.2924920008021665,1.3031486398546106,1.8124609324614953,2.712252480453106
2021-06-29 21:00:00,0.43474556219786553,0.44441007836588564,1.2654972344603137,2.721028437193458,4.317103445290638,5.544223792357652,4.224080347392435,1.5576459461623777,0.2501057717179969,0.6973783492172501,3.8863677652046595,7.995798139567168,10.893291687607364,10.750354933265086,8.777734984307925,6.9308030449219045,5.565285225453644,4.331251039056294,3.0209195086180154,2.453311771170856,1.9822373849104264,1.7775330319105112,1.784461618236371,1.6926505097998532,1.4839199980034665,1.3833197799653298,1.375866215281194,1.8897480236091875,2.94153171176698
2021-06-29 22:00:00,0.5012221827726735,0.5131607759945649,1.2902045172738459,2.5170750006924667,4.121181492679643,5.366678034054451,3.953623642157089,1.3716634254396765,0.23241987547357806,0.7228172791992934,4.002613234774814,8.22884712845836,11.104672388151839,10.951242744191166,8.909932329487196,6.9554680794886385,5.46019563259368,4.182508244986231,2.916711937304753,2.397402948602059,1.9866235532182703,1.7860597177038096,1.7776354234864795,1.698792485836959,1.5638546488578529,1.4970318187284295,1.4537770835102022,1.9573477324406647,3.1078411999232873
2021-06-29 23:00:00,0.5654976078639454,0.5798471224282534,1.3134126446501113,2.3277606815736407,3.8639510918962356,5.081594501905844,3.639912939924979,1.1891972316507426,0.21229407422972313,0.7520606594460254,4.04169670515894,8.273052129602846,11.093271974300325,10.985884628801731,8.985735935979552,6.915723009590728,5.301755802818175,3.999179045314093,2.786444612164932,2.306773023364482,1.9486456459801829,1.7580057677524057,1.7387981532642827,1.6954016173494635,1.6699460142638707,1.6364287282195835,1.5297693384480733,2.0264016591298892,3.0355132435933356
2021-06-30 00:00:00,0.6299762362962918,0.647062760808986,1.326275611269637,2.129057551975966,3.575371017730786,4.71352232628901,3.2843214526225926,1.0208567217903888,0.2071712524692537,0.7993976583926338,4.02605806900251,8.109343782901139,10.85081094789872,10.853933039929077,8.945055698683037,6.819613053669791,5.104344264766847,3.7728879941490225,2.610915212945413,2.163007979434995,1.8552666107655744,1.698728501311819,1.6897645811053168,1.7176081961702854,1.7769599125430922,1.7354600812820813,1.6150213473434674,2.1469389709995865,3.0615500368582866
2021-06-30 01:00:00,0.6880500865188961,0.7079532339065121,1.3174593114840627,1.930682446832195,3.3178194639773775,4.2910427110864555,2.8967396525972977,0.8766137279331346,0.2294346299372735,0.8773374196630247,3.968432011003779,7.79839319132393,10.375966280858078,10.464704454403428,8.674639623034116,6.599527103382231,4.8677628648928835,3.5160593426658084,2.3856815696368296,1.9744957274755177,1.7235707507562081,1.6081179030161004,1.6243141524091378,1.7345983417815385,1.8506663261929832,1.8113643141988862,1.732432558054871,2.293699555182098,3.118111747340148
2021-06-30 02:00:00,0.725978344512522,0.7480292168264788,1.3034420037740282,1.7665542709062056,3.092230941225342,3.8472470776052323,2.5300634416299723,0.7801183676160869,0.29227168397810854,0.9761362398525325,3.8387573289162282,7.358765444840559,9.710896896600081,9.830978777895178,8.176128924747582,6.213303467172729,4.56143328772845,3.2452087488469505,2.1595399989477366,1.7862641795902003,1.5703064157930473,1.4732657183785876,1.517938121501834,1.701709203987649,1.8893558753980015,1.8816864256814774,1.8528944127603284,2.3800614702129197,2.9394312490689574
2021-06-30 03:00:00,0.7352683539082691,0.7583348646127676,1.2615687334130712,1.6024636775251426,2.8409484241934893,3.365146654057922,2.1564172089379934,0.7115913319257181,0.3902801415846535,1.0962488524085319,3.708840015876717,6.817934024028232,8.881801143808309,9.062979394664866,7.553060720413354,5.701949087901936,4.164630845355067,2.9409272094441343,1.9302386821975612,1.5800460102961893,1.3757566021466612,1.2990590357002112,1.3659188711032197,1.6003984612951316,1.8467295062856037,1.9094395591618245,1.9791589093643827,2.523144441443822,2.7755868258641105
2021-06-30 04:00:00,0.7107122084958816,0.7335053723889173,1.1747910793362504,1.4324601008581688,2.5730561449105678,2.862816902359791,1.77921754571333,0.6644915104024058,0.5185004963941386,1.2325049457413373,3.5548506918586376,6.1623478067919875,7.9217647047891315,8.126471390109243,6.8067332206511635,5.095597838130374,3.6772959468862783,2.573648034137888,1.6755579241280039,1.3617504973006564,1.1766025895080878,1.1248102397595563,1.1945970925054408,1.4474209576794383,1.7226282693281258,1.8471908749109234,2.035857997864083,2.613866438009103,2.52218657657063
2021-06-30 05:00:00,0.6539987991819406,0.6752307648334492,1.0577065462157962,1.2651709724865208,2.2403289686984347,2.29874547120149,1.4115175842549947,0.6591162440922549,0.6736451137219065,1.371630599474319,3.3292664181713474,5.503186336438553,6.928606990023419,7.091898900879963,5.9848001444637795,4.443748470817266,3.145217128099295,2.1719262296884647,1.4127376102282212,1.1483389568922844,0.9876467319902794,0.9572956469660618,1.0297891216426285,1.2756319006096233,1.526402079136582,1.6711713798756715,1.9535981947904695,2.63477353883374,2.300760005676905
2021-06-30 06:00:00,0.552312121530682,0.5701233064883804,0.9248288445551122,1.0778011569564374,1.8283409576626577,1.7664355326966295,1.1102610747481598,0.7048621808291233,0.8517431763466572,1.481838440191441,3.0202909626878216,4.795299186745619,5.934343233411279,6.051820641698066,5.13013498589171,3.7630689343033144,2.5975753166063846,1.7661598546805153,1.1720212431744357,0.9526668841922514,0.8082096096967748,0.7848140844049022,0.8469332763619002,1.0617511655439256,1.28905884600228,1.4782324435934435,1.8297955840599678,2.5669538582687563,2.073177241964887
2021-06-30 07:00:00,0.4050300269512724,0.41780799753025216,0.7815551629661854,0.874597775951757,1.4254987350493045,1.309073684176361,0.9058206249357873,0.8062146196532932,1.0684004900836828,1.5967785846487217,2.718298955350547,4.095164112303082,5.0155691444410895,5.110095402635137,4.328874160475058,3.1344727513759154,2.102869256539031,1.4133804090699436,0.9718093486414803,0.7995975205418564,0.6772772430306003,0.6563541267538318,0.7006045821854572,0.8723125415867005,1.0694944509417097,1.2851672678527868,1.7093946926873211,2.4737243598854723,1.9406238175562662
2021-06-30 08:00:00,0.2500491142918687,0.25773701354389517,0.6362136256068143,0.6904243673871141,1.1032776178761168,0.9763167594208493,0.8300510867121715,0.9879443151912626,1.3378152874192673,1.740636997295141,2.456747669464858,3.4388524212536975,4.15823852821926,4.254070977035518,3.6576024745928537,2.6465576070120242,1.7330249734850636,1.1490249087006132,0.8152064234964831,0.6805986842405266,0.5701392230143139,0.5468940322509197,0.5703147009185933,0.7005646545228535,0.8780357536985871,1.105938000439014,1.5600752618669342,2.3212657161763075,1.7585464607657875
2021-06-30 09:00:00,0.1284580439023521,0.1323439820124833,0.5099135283587238,0.542476981814429,0.8302654843602119,0.7369563253178772,0.862669705612365,1.2539164061331036,1.6695930396037515,1.8801713389140617,2.174604868694185,2.825770328987082,3.3781086701586105,3.5074397558374626,3.1161116319277524,2.2959355794595955,1.4927631652698132,0.9846866330890248,0.7149288909821157,0.6020223856403044,0.4946171537722443,0.4588525975375025,0.45370091389286754,0.5426971196311258,0.7024856557786041,0.9456041476235569,1.4477099855753992,2.273657283079135,1.7127285436386372
2021-06-30 10:00:00,0.06675782201302329,0.06879709007781519,0.39916211021638476,0.4225599632842768,0.6194864557485701,0.5902812374665343,0.9775994018420897,1.5736761362775353,2.0420199936415613,2.024208167767893,1.917440762131831,2.2997806508672816,2.7529476059120848,2.9473422079537674,2.7335740985639956,2.085724263567722,1.3649964854893355,0.8929731376435119,0.6513683161951387,0.5550683274389975,0.4580417123733647,0.4113907957981085,0.38135335303101875,0.42781434918481837,0.5585939884622116,0.8065747973636489,1.305214249692517,2.179202394936815,1.7971943623007631
2021-06-30 11:00:00,0.040971875155918616,0.04225789634086325,0.2980447869779838,0.3378591093747752,0.46792033964881413,0.5111937908159639,1.1305421119551147,1.9134396974038415,2.4192306360905063,2.165412530369048,1.6999868272814054,1.8620430204606895,2.2651809386240225,2.5433376705059216,2.456699141419591,1.942661667539743,1.3023665410003584,0.8649808813617146,0.633024965897061,0.5398849008444613,0.445703504954533,0.3888554698188352,0.3460849624121932,0.35824454845230846,0.454214068085212,0.6955755655470844,1.1725651060102575,1.964784569282049,1.7874018481447955
2021-06-30 12:00:00,0.022948723755770555,0.02368119064583176,0.22061506137156006,0.28647678999671256,0.3720066402823499,0.48167937359589114,1.308222099902112,2.267052720495474,2.8018217199741073,2.3496424535937304,1.5452907507284428,1.5153995317394258,1.8994092401678597,2.282443879368057,2.317528173389989,1.8955248226681014,1.3278110504322704,0.9237597979086737,0.6790296589917171,0.5704026545627598,0.4618533557793163,0.39775257071955333,0.3477747626834718,0.3295245931995107,0.38997761305136436,0.6295462948446079,1.1239569411328683,1.9921438256946786,2.2561064406935896
2021-06-30 13:00:00,0.012633057032854986,0.013039976596276526,0.16766978482403602,0.26159432297169743,0.3036965917996987,0.4894310915590718,1.5103801957902339,2.636569127543735,3.206759167680906,2.5812624260951513,1.4611093639625432,1.2447741281770472,1.634749540997296,2.1229714933818005,2.286005139483327,1.995961662915718,1.49506971660012,1.0850420220145138,0.7973490899555784,0.6645308316975616,0.5335496282669762,0.4507871414282483,0.3791023959543522,0.3297699014128639,0.34748346788184986,0.5499897584678752,1.0550911270821604,2.056833443205105,2.881660619167808
2021-06-30 14:00:00,0.012528052046422444,0.012934473624941354,0.1401504040270199,0.2536189251071175,0.26164420305662445,0.5470984077339837,1.7657198219184471,3.04967156580336,3.6404011618951535,2.8286741710958587,1.444862420088512,1.0458719821901434,1.452269133595321,2.041456212565933,2.346010216326548,2.2309856135201334,1.782946734444756,1.3272281142575577,0.9769382487385128,0.8148299602976912,0.6544485034771534,0.5421248712546995,0.43350502016628617,0.3422614776418552,0.3087055113960616,0.4571882712642323,0.9271045132318733,1.9975852544738684,3.675932829155232
2021-06-30 15:00:00,0.01786802383547222,0.018450743318205436,0.12512940943823583,0.24407262063553029,0.24136487416464494,0.6456716664772477,2.0726025729565833,3.508941225990303,4.090255316090284,3.0732748154210348,1.490300837369991,0.9390044482256286,1.3251735294620033,2.020259314111899,2.5111807025101323,2.571592447287211,2.1554232961619535,1.6225038453961718,1.190587194066713,0.9923346301270891,0.8008493408052405,0.6555820688457373,0.5047154552620288,0.3721178498261838,0.28583513801649846,0.36787291208539397,0.762736551926763,1.9477480176994948,3.0895086854825213
2021-06-30 16:00:00,0.026376290539352316,0.02724421825199745,0.11740011798650724,0.24074613360419106,0.237156003276531,0.7637121301403067,2.3775214050788716,3.938800765042323,4.495024308536317,3.27410029676079,1.4971072696111771,0.863093677732359,1.2691818525029928,2.0928219307936797,2.779848434607335,2.999706286884317,2.609749289163394,1.9648589894758868,1.4239965146928992,1.182833657940329,0.9574253014315239,0.7793065202958697,0.5885698880836324,0.4214113829155105,0.29255482329324406,0.30674231832520954,0.6023458509723933,1.6714245555568619,2.4484713982631696
2021-06-30 17:00:00,0.03771613067226375,0.03896652242934054,0.11308945502685246,0.2361558101851692,0.24636830122254955,0.8782958800575986,2.650876608734387,4.318391526073747,4.855310650700832,3.4281555205915395,1.4217727928504442,0.7798949900397856,1.282546538211526,2.2744942892758906,3.1525440923643937,3.5001727778417253,3.100272095206141,2.338567357241543,1.6790827328434084,1.38694918685049,1.1275849246535015,0.9222903256850224,0.6935918334852772,0.4943864023783956,0.32576126838568314,0.2764837151366724,0.5051877754671437,1.63128028155431,2.2322050890904213
2021-06-30 18:00:00,0.054930228819193225,0.05675239019729376,0.10919367459873018,0.23205322921017874,0.2639338737209874,0.9783706912090727,2.874245594039366,4.622802889741373,5.122563063929672,3.48135069115119,1.2785034576890875,0.6949883874919637,1.354436651732043,2.510989105963416,3.5820625437527367,4.04437371991143,3.62537083247277,2.7575142073249945,1.9895854734423066,1.6469722956880868,1.3393337186130199,1.0961480048069663,0.8234333781622742,0.5858116991710156,0.3789870721321771,0.27566837959967677,0.4736981078432397,1.8241498933089566,2.322507704435336
2021-06-30 19:00:00,0.07132838332443048,0.07364853526459768,0.09998806333706274,0.2246067253421512,0.29803957128697217,1.1076753407544118,3.0796954283967928,4.870984065491868,5.285878089921285,3.4159958830399697,1.113663811530632,0.6451502151584189,1.4764233953436992,2.777007340085248,3.981809003930229,4.531918311708405,4.124219357994336,3.196281523067561,2.3147917392540727,1.9124910074693764,1.5582844134211908,1.2808772910168584,0.9667689707117032,0.6880486988114599,0.44509690722731443,0.29252037176087403,0.47635180376232383,2.3451423835514373,2.6260468884904564
2021-06-30 20:00:00,0.0792420594034144,0.08174268906249957,0.07921460807000438,0.20595149484351546,0.35918691316232626,1.2841035166972128,3.298843921086066,5.109035772974663,5.401056905297208,3.2682118212798943,0.9538447871139152,0.6308651725405142,1.6001986435024131,3.0232596576321966,4.3263318332632394,4.936761834643284,4.556083688613317,3.6004667076389856,2.6334696845807546,2.1769167662901507,1.7752465595516076,1.464860598629819,1.1123561301392833,0.7901946326495753,0.5071047755955329,0.31280953670998046,0.5045676793350846,3.0200605109921583,3.065305317956491
2021-06-30 21:00:00,0.0843435516639478,0.08692302428571921,0.05625577487756917,0.185785790856658,0.4393228453805188,1.479851472884197,3.532528430598296,5.344354260057954,5.491476134561354,3.0663920549231674,0.8092350937637881,0.6337026051649726,1.6960511160668137,3.2101763211922454,4.5835156403843875,5.28313378246411,4.955846814507076,3.984788794359922,2.955798920847549,2.4508064734920216,2.001704972055733,1.6589230104370183,1.2719145436766812,0.895128166672432,0.5568155182945883,0.32294572422220763,0.5479779882544249,3.7452788216762123,3.6260642475724896
2021-06-30 22:00:00,0.09108734539957289,0.09377948246902496,0.03733444671153802,0.19789676175606413,0.5397521363652708,1.67490039873316,3.7514548498704965,5.552660999117737,5.555785259743193,2.853459875559336,0.7015959357966264,0.644028086650214,1.7381644461844403,3.295286920068597,4.740804951839837,5.558569946390488,5.304837854473747,4.333020663458108,3.260148463517518,2.7176139676574795,2.2349232226417963,1.859983484773204,1.435222566117228,1.0001897099721537,0.6074117752200408,0.33645319714998495,0.6090817965438469,4.429793965513921,4.294785756775592
2021-06-30 23:00:00,0.09839966202959124,0.10119247147010149,0.0265098684979014,0.2535811431985619,0.6805896548811267,1.8769386251265705,3.908686905534943,5.635460727618336,5.50664852920365,2.6241000447815135,0.6227883016563648,0.6565244991514736,1.7278196169710374,3.278605373502374,4.779430329953594,5.760200077356099,5.612085604645943,4.658759103627762,3.5546199154511187,2.979307926011281,2.4612557646467805,2.0586892624589423,1.6093697890326324,1.1235396255061316,0.666812737687631,0.3547103192556901,0.6940745400980076,5.1810697391236396,5.038747244217504
2021-07-01 00:00:00,0.10726583776235031,0.1101776128244609,0.02711325289189372,0.33337594117165803,0.8467894132370395,2.0928843853782664,4.020867421649314,5.583988192055054,5.346313635023603,2.393992047834866,0.5733557014413947,0.6716093328287688,1.65541921380569,3.152200554124728,4.728457826516313,5.893792918865944,5.8852469052419165,4.9591288374126155,3.8307061167887966,3.2292933922158054,2.6735925816649067,2.2444868480387066,1.7827090571146196,1.2625721373257581,0.7452068850393715,0.3835500878936847,0.7848292156384815,6.049924231675019,5.895905900731106
2021-07-01 01:00:00,0.11851007301592836,0.12157331512067968,0.03252055308963142,0.4105550291739603,1.0037450947428157,2.3204111835946795,4.121255745259806,5.417401305705002,5.06731303905173,2.154303525637353,0.5403637222930749,0.6903080664543173,1.5491037083061536,2.959218761675331,4.619580989521873,5.956384094724893,6.095992713180045,5.230124238906771,4.099499011193638,3.476830685467029,2.89166002801342,2.4421290652124545,1.972464356204407,1.4138717254646584,0.8407329459276978,0.428822403616776,0.8875113287830477,7.000048615792266,6.813953779205172
2021-07-01 02:00:00,0.12879237853442907,0.13194817437919995,0.03725321153270762,0.4797950567144477,1.1494965939474904,2.5801177524298797,4.260599484212547,5.207651871230995,4.696930054317984,1.8994216128013193,0.5225989307645371,0.7225778438628777,1.4782125774762964,2.778611514559896,4.47126231656332,5.922938090923031,6.2339884683215905,5.482078768590253,4.372543153689644,3.7314549166874587,3.134820814132266,2.6741835427609786,2.1867041326880132,1.5536813420152762,0.9253395796186185,0.4790308010362803,0.9895427890408467,8.06326831473998,7.834801988149358
2021-07-01 03:00:00,0.13599677547859607,0.13914360598013778,0.03927915630378505,0.5263158175622566,1.257358491596652,2.8532847451691024,4.424817431716971,4.984979806206681,4.278836023386338,1.6646728864324074,0.5276528639974026,0.764627797329195,1.4377490431698219,2.6318160892541123,4.304827526599264,5.824492290456131,6.276792394460422,5.658173211025692,4.611779607241978,3.973634522272403,3.3686377864827914,2.894807979059104,2.389492916456496,1.6772601600747636,1.0073534676464695,0.5385651403585904,1.081068162204002,8.42688404726293,8.977004212899514
2021-07-01 04:00:00,0.1387550770821659,0.141772086838241,0.03489685701121423,0.5266004512093766,1.2869349184086012,3.0438434630309414,4.5385993756608,4.718716855940663,3.8083919293333306,1.446219187031871,0.5383126422358651,0.7963949889512076,1.3932711152746597,2.5019589000533324,4.115353001862284,5.628256841985972,6.178882756127945,5.726498324909968,4.794093086242817,4.17466093991702,3.570509150463129,3.0915604700201085,2.589529163451475,1.8172153601765486,1.0925356445384649,0.5944471908807106,1.1737618567185946,8.594634733889093,10.284623846499489
2021-07-01 05:00:00,0.1364993562972769,0.13926778204841897,0.029405925150842546,0.4988945654897958,1.2685254230819432,3.1106361759870205,4.566934106345053,4.451666061320258,3.346880956529652,1.2568742920438059,0.5568487672665988,0.8174902553594869,1.3449054557934093,2.3466326860168487,3.849153169648474,5.280161506458617,5.913095538306488,5.648592181444271,4.863646734629638,4.2884256051428915,3.69929704630559,3.231523171863259,2.754301968482677,1.9698531971080921,1.1986310116551975,0.661680829021259,1.2504109093770421,8.782270919676243,11.768069664510039
2021-07-01 06:00:00,0.1305407864654402,0.13300966381404966,0.026284754194911067,0.45257413735890584,1.2176424573421198,3.068622870488431,4.47765425785042,4.144033389580365,2.8712949808278556,1.0657026946952033,0.5823807635386243,0.8471365329143591,1.2899049975744576,2.163626690781903,3.5247552619785725,4.821404102147609,5.480600459256275,5.397871578410775,4.806999074843454,4.308277787651718,3.766129330143454,3.3286990882090155,2.879951681048179,2.109292224733244,1.308512671977501,0.7359218588366209,1.329190269841679,8.563364648199626,13.34018522738078
2021-07-01 07:00:00,0.12000818928043833,0.12211365508463147,0.024823286046400828,0.41213186099973037,1.1629687023029132,2.9719427194871453,4.291714035114701,3.7733378156669213,2.3765941531194286,0.8763516655469183,0.6189157253986766,0.8890962980135778,1.2333124115202938,1.9623960655957011,3.1665729178684456,4.308668486578873,4.915002763964223,4.980419521187666,4.622031420573748,4.232723794494121,3.753251764794109,3.3435012685987506,2.9090766025414907,2.196861910596436,1.410551500091548,0.8164076139821486,1.4107980134275662,7.906241882305872,15.078809103794201
2021-07-01 08:00:00,0.10575945265188905,0.10746481156163264,0.02591812057991069,0.40723450707275777,1.1497263657844876,2.8850940887774335,4.101919689307084,3.41978628564665,1.935587617892804,0.7007451041906634,0.6628219997395344,0.9349647694469984,1.1789516359937493,1.7633555356888153,2.7813496571310403,3.7539737987897026,4.300261951798654,4.467789912150021,4.318345708796325,4.04707773291231,3.643037729612607,3.265420378038854,2.8567598849883895,2.217168059916197,1.4798729301657978,0.8944547460077332,1.5019471640389366,7.263724912574753,16.91656807238285
2021-07-01 09:00:00,0.09082630431246054,0.09217881079041486,0.02737529345707489,0.4181147035124325,1.1524059694674924,2.772346701877505,3.888014320227922,3.0825086881100527,1.5555101550156154,0.5537070847059384,0.7125293210325703,1.000875001417066,1.1597018139722537,1.6130970135158862,2.452596171681787,3.254180141848604,3.735559127908766,3.967942387869313,3.994216070291212,3.840449564228217,3.524126885822106,3.186403716901323,2.806144513325669,2.2374459138573046,1.5580253084935356,0.9726253014469336,1.5708696464392105,6.760702127050355,18.80227476572994
2021-07-01 10:00:00,0.07635842182912088,0.07742457315952725,0.02685990219798046,0.41829187460543027,1.146628907829977,2.6547823551953793,3.6875214524842863,2.795076343379259,1.2498546835864235,0.4402374053490748,0.7528036242282665,1.056886676321219,1.145354448234473,1.478532059511927,2.154728346212626,2.8019752685651347,3.2181149150112156,3.471742914765818,3.6258010011701645,3.5788156932581914,3.3581290190049944,3.0758933896308123,2.7291230968459663,2.216795027025484,1.6130094738790528,1.0590240093652028,1.6363036581168258,6.19258914899284,20.672688981514476
2021-07-01 11:00:00,0.06339078317412733,0.06422726917488271,0.021802699447026265,0.3859772701509959,1.087660821397776,2.470985188889024,3.4538494074218242,2.529067158173995,1.0026713504216622,0.34664561653746884,0.7737042603198876,1.088436366226644,1.1295818217330906,1.3622638834011618,1.8989136335895245,2.4119688835992026,2.7684529451188875,3.0216979725569995,3.2505556845507595,3.2868892817460704,3.156618850462141,2.9334254427663486,2.6163207520832197,2.1552595597719875,1.6186978599303201,1.1073318772056588,1.692465683165975,5.892569314324734,22.342374172478163
2021-07-01 12:00:00,0.05175478237159197,0.05240130691455457,0.01657849844073689,0.33459855197846294,0.9753521272089202,2.227171616387678,3.182987898681253,2.2993122600016194,0.8215763551611746,0.2723415272303964,0.7712635787008661,1.0915247556915402,1.1053137051293498,1.2468088566417659,1.6573453428859535,2.062936459804523,2.376495068528717,2.629146931608495,2.88927766105214,2.973546781984582,2.9138133084118794,2.748834438716705,2.4660609945341196,2.0537496470221477,1.585941267538756,1.125133124783178,1.7107437744517522,5.888429475706868,23.88933196925702
2021-07-01 13:00:00,0.04127537464254085,0.041758899044567616,0.011797286793050298,0.2730235294685991,0.8213625857367882,1.910180345061438,2.8491437793820276,2.092394550382364,0.6978872694651043,0.21834457290495174,0.755695793570493,1.0858932640230925,1.0772040527127866,1.1319364012852795,1.4158976226082016,1.7336919467012246,2.0246728734678485,2.2922162151236094,2.5665321164939328,2.665191962457096,2.6482693162846624,2.530340680700305,2.282541559070717,1.9364109943106789,1.5497608640274576,1.131612033266664,1.6899979536289673,6.023876767943965,25.255333993257874
2021-07-01 14:00:00,0.03062338203800008,0.03095593467968485,0.0073818571845365565,0.21869851942475987,0.6801732047558787,1.5831160694969377,2.479400437749946,1.8969079739909624,0.617264954706558,0.17891427203281868,0.7344668749384158,1.0793904341359275,1.0505016540046417,1.0209531567323566,1.1806457302704663,1.4223475039140216,1.7091692737710047,2.007233483982734,2.2874018448150926,2.3855599809077632,2.388113531273999,2.2974059743909576,2.0768170517770086,1.7889228956157832,1.4814633782428124,1.1099851953762583,1.6423276719819828,6.13976141903488,26.266883473371614
2021-07-01 15:00:00,0.02125835193277155,0.021470131853156875,0.003851804233823399,0.18108942416669133,0.5748247937110843,1.298003861788484,2.1100152861468064,1.695628197253126,0.5580580546138724,0.1524797781288241,0.7128972574993397,1.0734531318960192,1.0223333571291355,0.9161497971424156,0.9712673896018158,1.1532689987893199,1.4440373115158585,1.773957642200669,2.0552757368888326,2.1442364866125936,2.1413224943187505,2.058359661245727,1.860466995764274,1.62656710845169,1.3925973879786584,1.080755385337795,1.609754042468914,6.151773204908924,27.058886904153415
2021-07-01 16:00:00,0.017822876729960718,0.01798689221883301,0.002703569530128433,0.15705417548797526,0.49755403025816963,1.0449865074868363,1.7325754115505854,1.4659928091285912,0.49887936565850455,0.1375088488399037,0.6981662011347975,1.0721743932268593,1.0038200730208142,0.8397197524602146,0.8115626559775029,0.9472718470900113,1.239462433834093,1.5987466826282755,1.8905582519581126,1.9759351732230304,1.9570055318494883,1.8672333678238178,1.6927525295288208,1.4964908894198625,1.3116407452899974,1.0381511761028057,1.5758540581972194,6.184558684930704,27.76640597481309
2021-07-01 17:00:00,0.017837009775642138,0.017988658084557657,0.00382272514544911,0.14087071157477518,0.44214107159589433,0.8254253977023925,1.3630100742635216,1.219117453397522,0.444944132351252,0.13048365102565918,0.6805563727796868,1.0491094115410984,0.9754626450691845,0.7763404394233685,0.6849933889964951,0.7747893541098774,1.0628421866351316,1.4400887028227531,1.7419454235208955,1.828674161084332,1.7938391643743028,1.6870955592305272,1.5302776134221525,1.3632518110449359,1.2175498059330399,0.9866539405842711,1.5596718591234113,6.021567241446669,28.46092226184322
2021-07-01 18:00:00,0.018334992594729423,0.018477800592786715,0.004244801914348463,0.12696274860505946,0.3959706090898492,0.6400625962833382,1.0289747519080161,0.9754786206980423,0.39232738732319006,0.1286618990915743,0.655330487235697,0.9965027931668177,0.9328368638784624,0.7260169175457133,0.5946063555189953,0.6427533662893327,0.9147838156829026,1.292999625260099,1.5984088988468372,1.686767260379694,1.6450783228647892,1.5272282037464362,1.3840871008333318,1.2411100987853088,1.1195938055257182,0.9217010816404807,1.5481520192221707,6.036613447854386,29.067293454439394
2021-07-01 19:00:00,0.01814102662001305,0.018272272821434486,0.004388292703063588,0.10496122908811659,0.338373857053838,0.48852671179538526,0.7688576752447295,0.7729299508840352,0.34440440952560886,0.12867097036618125,0.6190501148506806,0.9128375687654684,0.8700197557102586,0.676049546329555,0.5217647681744028,0.5310602223697306,0.776493146327387,1.1431306547395574,1.4489893340621733,1.5415079705676562,1.5015613109298518,1.3785855288102526,1.2452994217590643,1.1210597326383063,1.019645992830322,0.8558507555269826,1.533816459284376,6.054387868003966,29.514828159119013
2021-07-01 20:00:00,0.016217377197226043,0.01632938212948352,0.0068320383028026375,0.07869541870333012,0.2736442637707018,0.364544594683059,0.5865058966423217,0.6382039947563942,0.31549804775149654,0.12966415707981543,0.5710545682760974,0.8059472152980734,0.7810999266981647,0.6323911001151407,0.4568478329066725,0.4275069294312872,0.6386702914979865,0.9892324371628018,1.2894359253362855,1.3822070213694617,1.3481261849576427,1.224051998305922,1.1006145280937965,0.9960235687680747,0.9116974823823583,0.782499895290552,1.499371809488759,6.071538863012061,27.7795623499621
2021-07-01 21:00:00,0.012471918528082703,0.012555973768704352,0.007914108041407122,0.055340120551447575,0.20688482940095942,0.2598041253322324,0.44850758568567195,0.545230120845404,0.3104932274693685,0.1382553890912536,0.5347362957242775,0.7128109122396281,0.6986041822155801,0.6090389993875581,0.42182113981240776,0.35245215386682777,0.5284462998033754,0.8556546798244241,1.1319237187259317,1.2153446562905204,1.187184969797725,1.0729780833358311,0.9676351611001308,0.8878296703218915,0.8133453554678978,0.7048643033409823,1.4327310426585553,5.971773804155198,25.01580775942528
2021-07-01 22:00:00,0.009671013531292603,0.009736451087289604,0.00854607203092494,0.041831647496829355,0.15659152163886714,0.17699368416042166,0.3398603434068181,0.48158239490997123,0.3223775540881122,0.15678358296265923,0.5132770792629116,0.643105775524547,0.6354569142117811,0.6031727245444579,0.40755996220293333,0.30197106986163996,0.4364044907956417,0.7263957552193314,0.9647736767223355,1.027380613553742,0.9949174479850983,0.895376455717887,0.8241936997992019,0.7747395377029623,0.710419043371564,0.6233861943349229,1.3570701283470459,5.730148702138751,21.41336456309345
2021-07-01 23:00:00,0.01011395836893541,0.01018627721467623,0.008622102858234216,0.036932043007037625,0.13670748179747297,0.11789501429750215,0.2551457471860503,0.43593416508863275,0.33627929175384413,0.18707605624080564,0.5040260071945762,0.5980104208960981,0.5977331994031932,0.6188608518620272,0.4159262683523518,0.2726830864668317,0.3673738574351432,0.6174696855542238,0.8171821295887632,0.8579651912729405,0.8103180855629469,0.7192549136861394,0.6800752687810543,0.6681097779191764,0.6139263779807775,0.5407265650802012,1.2956692813488357,5.6640666615953075,18.28891755182219
2021-07-02 00:00:00,0.013354915318319121,0.01345867536141601,0.007526787996143178,0.03904361347124973,0.14650940568481127,0.08802982954912332,0.186913557260268,0.3971233644934268,0.3510230399411709,0.2276287269904234,0.5029754555717185,0.5684066864164623,0.5829659850930367,0.6445459200183271,0.43377813048202685,0.2555656052192333,0.31533585522348223,0.5254361720014477,0.686589309298061,0.7099086502610382,0.6449273947607613,0.5553331532190194,0.5380758639450001,0.5543315790015517,0.5142099837011355,0.46398770417440577,1.2561645630697462,5.626770153050241,16.335634730653823
