,Az,Ae,Kz,Ke,Cz,Ca,Ck,Ce,BAz,BAe,BKz,BKe,Gz,Ge,∂Az/∂t (finite diff.),∂Ae/∂t (finite diff.),∂Kz/∂t (finite diff.),∂Ke/∂t (finite diff.),RGz,RKz,RGe,RKe
2021-06-25 00:00:00,139703.63548712185,217915.4893983882,1959877.4750788982,296967.92383130145,0.0,1.4496594129571798,2.805953147536761,0.0,-6.0427483469034735,7.355265509112231,6.872751189498622,19.718218943592827,7.426747681294486,-16.302796641951474,-1.5414078093048496,-3.2074907220466575,9.026845518149138,-3.608738368579733,5.950999950555804,-0.6518588188862457,-12.012415644116068,-20.521004164635798
2021-06-25 01:00:00,134154.5673736244,206368.52279902023,1992374.1189442351,283976.4657044144,-135.4913388657274,-18.810449076304625,-3.554593194435805,95.16307970965438,-4.781254926357944,6.729971442051693,11.236320662229687,18.108135882290473,-161.09456871153776,104.30539441135736,-2.0064267757130723,-3.7034555513093315,6.4438620221263,-2.095865589750441,-151.52695979138716,134.25347342005983,103.54010179259798,-118.92167437613111
2021-06-25 02:00:00,125257.36270198773,191250.609428961,2006273.2816382076,281877.6915850983,-181.65519067975907,-16.826873453713475,-9.287383312072684,51.46897969523963,-2.9953104186851287,6.228951057493077,7.482194381535722,16.00010837846982,-209.96279099752013,61.791800201416706,-3.7158956072644083,-4.401403047873492,7.20007868982098,-0.8820566181400581,-199.20264932205183,190.660458300117,57.665499043586536,-77.63852800392219
2021-06-25 03:00:00,107400.11900132065,174678.42085433108,2044214.6855109462,277625.658053806,-232.70592830522028,-10.17989267970438,-6.138955003566753,45.13327465959841,-1.8230784928623842,4.60593513354485,-7.775229554719074,12.949997313327493,-260.5028116541166,49.974977962736745,-5.266487563763341,-4.578789274403247,10.86863775110215,-1.3359746018546623,-246.32923005582563,257.48875061460825,46.1284429313547,-65.55820157834731
2021-06-25 04:00:00,87338.65224289168,158283.32665325762,2084527.473446143,272258.6744517447,-182.5778351333846,-1.3895905844868006,-4.34156513627725,2.7166938307587944,-1.608818210167849,3.7229449235485332,-7.403235009119551,11.61610816585784,-200.84535972889776,0.6670921417231358,-4.530855450201273,-4.134419098839389,8.074997130367006,-0.6272663317669422,-186.88946295790484,202.3976324091484,-3.751079607142328,-19.301633464660828
2021-06-25 05:00:00,74777.95975987149,144910.60334268748,2102354.6648495886,273109.340465084,-142.21689369319276,-0.6259715971310806,-3.840362333510458,12.242477043034938,-1.5814737563913182,3.033042556580056,-12.646726881939758,10.63575872777318,-155.98928143473043,9.035376873034153,-2.8837680390335056,-2.486193213683639,2.979786591383842,0.4622735905272,-144.145159572966,161.6837695000268,7.349212869902325,-26.256324513791377
2021-06-25 06:00:00,66575.52236185044,140382.73551473542,2105981.9369041068,275587.04430354055,-113.43712304829313,-1.9881363807032062,-9.009547830436961,28.512727558668992,-1.7131450771336936,2.1689112441459732,-20.127670901729513,9.49640938980197,-122.50114735034666,29.830691344450837,-1.6183531030119815,-0.8029541081088124,-2.777233026148816,0.582034797296219,-115.33046745487464,139.79710875431078,27.52899858711741,-46.4366499816117
2021-06-25 07:00:00,63125.81741818522,139129.33376430403,2082358.5870613172,277299.9910056168,-114.03093065219419,-0.7158353860016949,-6.945720261340292,32.059050327280175,-1.9128015114188097,1.726781608403176,-18.704620988293815,7.919877135083595,-118.9327110714758,33.292618782510175,-0.737031985709588,0.1252326059792257,-8.547322715198776,0.4454883347227749,-113.57099651248667,131.13394918662954,31.17333671085792,-46.47915938898129
2021-06-25 08:00:00,61268.892064741405,141284.41027778585,2044441.2133546756,278794.5603135445,-94.09089916023909,0.48102744285840465,-10.139939446180916,32.96282406379011,-2.242353657216045,1.3606888818785268,-10.150232498334118,5.260164686854409,-96.30674327402322,30.44762671969049,-0.13144184574044832,0.8002336931734236,-11.766069001649642,0.2340841874416785,-91.4989599059051,102.61500210310449,31.9213414322266,-48.128844009383755
2021-06-25 09:00:00,62179.436128853995,144891.01635515268,1997642.8902494397,278985.3971551969,-90.48757689182376,-0.11445260094377681,-10.014913199897531,34.28351195559563,-2.4888041679695987,1.3101430317885256,-4.692080842930103,3.583200252917867,-94.19666561898889,28.599812838832943,0.41024841778502175,0.3379223816361749,-9.150544601213866,-0.34659894649552975,-87.70297690701291,96.04402633343753,33.425743906387055,-48.228224354906565
2021-06-25 10:00:00,64222.68067279356,143717.4514255663,1978557.2922259357,276299.0478987767,-86.9746263551609,-6.240967540418492,-5.881900990397971,26.74903845447313,-2.8251045197461226,1.4628819722967314,-5.9311406359808725,1.3075982037643616,-93.17328348534036,26.143347845169846,0.52051925566312,-0.6827541118292801,-4.290562524725328,-0.599788801862952,-89.86997012017015,94.4971054568144,30.84436991076561,-34.53832645049842
2021-06-25 11:00:00,65927.17476962846,139975.18674998186,1966750.8400714174,274666.9177817836,-69.2962633179533,-6.380687535864009,-0.7699973859770718,2.9860589046798864,-3.2660096941095986,1.840903833787502,-4.477925062811534,-0.5762376802091,-76.17088516551878,2.0945267945837647,0.7152750235090429,-1.4136142342121658,-2.827034813231407,0.19661402394764688,-71.69566613619868,71.71715095351051,6.1122283725442275,-2.9832045865002113
2021-06-25 12:00:00,69372.66084205867,133539.4289392387,1958202.6415706696,277714.66887119977,-61.43077993047216,-6.216308698576485,3.138119664927476,-9.236702743065466,-3.52738152270296,1.7988409428719168,1.6640533695874646,-2.4214724285864513,-66.26116922010524,-13.908705317923907,1.024471388802831,-2.055793778775163,-2.2377920438608596,1.0555793886370601,-63.095235717542856,54.39081485209637,-6.875028766136061,15.851874225216454
2021-06-25 13:00:00,73303.36876900884,125173.47154280069,1950638.7373556192,282267.08937997045,-62.787748756060445,-5.948972054622071,7.451175494057133,-23.15496230395292,-3.349078631204571,1.5940099002781565,0.7106470014729034,-4.312198632090136,-69.74751031465514,-29.738211415940416,0.9950769730533748,-2.433165539946446,1.6489409021312733,1.592085454618112,-64.39256520642456,56.27486716266169,-21.233165689555452,36.510421884718305
2021-06-25 14:00:00,76537.21504804297,116020.6370516243,1970075.0160660148,289177.6841444502,-48.85498703909725,-5.224218586439819,5.8361918853478905,-16.195805945747775,-3.0748009538125007,1.1148582127011233,2.6838219239119425,-5.460961025131073,-58.24125795735195,-22.410385098411194,0.8709687701766193,-2.309308087126685,4.289341284645909,2.206632519628458,-50.133435901547955,44.62431451448332,-14.395753659135764,29.699591375855196
2021-06-25 15:00:00,79574.3439142805,108546.45331548856,1981521.9946050697,298154.84352129535,-29.173079452189462,-7.060362160281083,3.963138572331104,-4.396261515879526,-2.694729732899114,0.9534489737950924,1.1717076086940454,-7.130166675164683,-39.11092314297881,-6.203745590959449,0.8322895320572187,-1.8458162254838013,0.6339706090556056,2.8343254222514465,-32.70642234751421,24.672203880219918,-0.13516455487733658,18.32389218562676
2021-06-25 16:00:00,82529.69967885494,102730.76022814093,1974639.6044512151,309584.8271846606,-16.934874451382125,-7.8353236803000685,3.1728168284713267,8.753152545551886,-1.9854945895432548,0.950909770374128,2.080013109454315,-8.52171884962036,-27.923605824148826,9.49817300870408,0.734934962922691,-1.673846839907223,-2.399691000811355,4.004609847442682,-22.04976857921625,9.282353512645129,13.963719615570604,6.945992979982481
2021-06-25 17:00:00,84865.87564732388,96494.75606815655,1964244.219399228,326988.03442288266,-4.6900243136170285,-8.128560556102286,5.97722005421137,13.779028599628372,-1.048604360547264,0.7452568878426669,5.283778500200512,-10.239191344858469,-18.00740313625784,15.78339757760189,0.3795980970763291,-1.612751948913978,-4.435561503341855,5.32949814936636,-11.390382412095722,-11.006535744136709,19.549580318974012,7.7668809488078265
2021-06-25 18:00:00,85262.80597780451,91118.94619596029,1942703.5616271538,347957.2138600984,-7.582423652037763,-7.531757321732866,8.931816214555443,22.857285409388854,-0.2571250305796458,0.2273449458887442,2.0843091560430893,-12.000247749422218,-23.01508694208468,24.67658111313194,-0.2124794667259448,-1.4171778936402026,-5.370504890237288,5.708078802706101,-15.069535409916929,-8.804206608798058,28.744519891592773,3.7828573572949082
2021-06-25 19:00:00,83336.02348689707,86291.0752339471,1925576.5841895195,368086.2018023666,-11.337504312558785,-6.270028406461818,12.12193168504061,20.52396270424233,0.42903267560492475,-0.2955340260300012,0.20610637176340796,-13.53926413001009,-28.44080984075737,21.57614813930995,-0.8324024364767583,-1.4108808165707867,-5.581821380566851,5.0574960455859,-18.86896783110229,-6.572355124812082,25.67864432016336,10.19472915639427
2021-06-25 20:00:00,79269.50843517185,80960.60431665063,1902514.4476870724,384371.18538831687,-18.007678719296337,-4.5373596474199545,13.420717232150654,15.019546323872373,1.0402477187110182,-0.7880070543318873,-0.18335803502956605,-14.415431013272208,-33.768170719826124,14.387331943030334,-1.2837510463582396,-1.4462793945494055,-6.070660643750323,4.169945680674047,-24.86903713178555,-1.300341121575074,18.898633631074812,16.986547602224537
2021-06-25 21:00:00,74093.01595311775,75877.86359319137,1881867.8275545172,398109.81070321973,-19.301132482475005,-3.0372351098562707,11.637424208722235,12.573665616694722,1.4577197135788946,-1.324362954231789,0.8262428754788278,-15.495876184009198,-33.85055908273358,11.354374211441558,-1.4996255316537888,-1.3484317285237617,-4.31452569653112,3.4521031443376624,-25.29571283756396,2.5229397017428212,15.58683195225902,18.011737920374372
2021-06-25 22:00:00,68472.20460726458,71251.89587127954,1871449.8626720484,409226.32802754804,-11.210112499722358,-2.040357646428779,10.119188910742912,11.766573561399474,1.8207835578165434,-1.6988852639879666,-0.5225431687673758,-16.46863333099863,-24.257749859150525,11.311359806767792,-1.5243103334377288,-1.065038742541306,-2.9677467219674467,2.6445951702056156,-16.59556403740541,-1.3542799642206234,14.440777729274913,17.465843850547685
2021-06-25 23:00:00,63117.9815523661,68209.58464689397,1860500.0511563516,417150.89592870016,-5.486681902641411,-1.52143570668249,12.401294716893286,16.576140434814995,2.0525424396766505,-2.0122306930373135,-4.485282410323813,-17.062936749653453,-17.095406399060824,16.66243570995869,-1.3572900131418455,-0.5699992262940659,-1.9414370530064722,1.9453236611858786,-10.417950062142399,-4.3707674569345345,19.539807608240732,14.833414692917621
2021-06-26 00:00:00,58699.71651264329,67147.90144196227,1857471.5158904018,423232.65838808636,2.888191371595743,-1.7538626815143477,15.461137993740815,20.71893298203742,2.295836555659591,-2.509132744603332,-7.434162514628358,-17.23885732019322,-7.607302768584503,22.56344525533967,-1.14448320104216,0.031161644671481352,-0.6551540185176742,1.441953557137159,-2.305991066620356,-11.570320869225874,25.01309005282658,13.423015889033772
2021-06-26 01:00:00,54877.70250486255,68433.94848852864,1855782.9422230243,427532.9615400877,2.3962830605677934,-1.7135502867932386,16.535099320221526,18.365002331246426,2.5451277866652466,-3.091555038307584,-12.237756932116955,-17.644279351016507,-7.327222366393129,21.521729358123565,-1.0087072098433054,0.47984283818090867,3.112216977201881,0.6353430547571932,-2.871102222733997,-3.5814084714704837,23.649950494528156,16.4497193947488
2021-06-26 02:00:00,51437.02460177149,70602.76987686481,1879879.4781262553,427807.12838233815,10.03754454528582,-1.2880437848948663,16.39500715235874,7.890853819722206,2.552539022949016,-3.7421816511616397,-15.573610805093013,-18.433165541121962,1.8579271450036248,11.92222609201485,-1.0048434616659707,0.597631793808895,5.98833432621329,-0.19272288796514558,5.192118275775968,-4.8706065663382585,13.518711049587608,26.744595985793353
2021-06-26 03:00:00,47642.82958086756,72736.89740395268,1898898.94937176,426145.35674673866,7.286177709792982,-1.0617528458080439,14.791661368315994,4.0248012483075435,2.3853736065508864,-4.31890400079464,-18.72833083773024,-18.088224935289816,0.19417972343955087,8.875806617763295,-1.1551703700363951,0.821008983724409,4.879572145928525,-1.3620197984885858,2.683880887397657,1.5300639055497882,10.226467078634636,27.49306525680968
2021-06-26 04:00:00,43119.797937509444,76514.03455968056,1915012.3975769407,418000.58583322034,3.1005668266117548,-0.7698901951775722,13.129447027702712,7.274835829840555,2.2061606379966587,-5.011579417355018,-18.67405219320828,-18.077423854690142,-2.9219929535314937,13.601696854882897,-1.3063005620448571,1.288184191008501,5.665303028006197,-2.696781480576141,-1.1817845686073332,8.10934136690001,14.344489633381645,21.23525357197616
2021-06-26 05:00:00,38237.46553414459,82011.82357921389,1939689.1311734046,406728.53008659044,4.2977529082798185,-0.3376814971087118,12.007898456199644,7.583069319636757,2.0322102203047887,-5.652896232491756,-20.628094087260433,-17.564181841007322,-0.2891266516381322,15.123536907891454,-1.2337592635801402,1.8698504670286356,7.847502129720297,-3.42881008897022,0.6941019272861779,12.169944852501267,15.443497516265861,18.56020088859999
2021-06-26 06:00:00,34236.731239732435,89976.95792228673,1971514.4129109269,393313.15319263475,2.524924822702873,0.08628950732749217,11.77644666295492,9.436559383365024,1.8324556598149238,-6.321111252572509,-24.55279982794469,-16.720805349766856,-0.8115936634922248,18.401327330159916,-0.9939946606949879,2.5179641806231223,10.920527074901296,-4.158431802909302,-0.21523599047954667,21.171955417188194,18.18934530923316,14.90226082644745
2021-06-26 07:00:00,31080.703977140678,100141.16567970037,2018316.926112694,376787.82110564347,1.4669242318818503,0.4112856117518603,11.726264257809403,6.4252708530715665,1.5902212181394135,-7.099703933916821,-28.615216198983674,-14.327399828681518,-1.3166579821588513,17.012472578419338,-0.7612962265071818,3.1521441946394955,12.006444198405047,-4.509539963195129,-0.4733076010128847,27.42847190769747,16.265833369876024,15.118853270224225
2021-06-26 08:00:00,28755.398408880726,112672.3961236911,2057960.8111394432,360844.4654576298,-4.999050240425671,0.8610779573229851,10.601242495415292,5.646074077655812,1.3373204958452436,-7.772579581116331,-31.925926918080773,-10.105409776103702,-7.102877248206047,17.504141654266387,-0.4807370318673136,3.9403114830937778,11.780063355719355,-4.179639166713419,-5.956029810815243,38.10379801881051,16.497887184542936,10.880939027149763
2021-06-26 09:00:00,27619.39734769602,128511.40835797557,2103133.3822738733,346694.41910530685,-6.974283547697559,1.3312291627926953,10.359516875865616,3.8498680596878443,1.1663542318331839,-8.566268342137205,-34.08281878500556,-7.03717611437313,-8.630775732838329,16.446675150868664,-0.19033805533351167,4.737765019882918,14.195183299071472,-3.384917668759598,-6.999746672071559,44.892768755908975,15.822672258915272,10.161907261791303
2021-06-26 10:00:00,27384.964410479442,146784.3042668481,2160166.130892758,336473.0582425607,-5.13783468475998,1.7489821089551434,10.184951184087291,-0.8462485432548691,1.0855387561471095,-9.567671098846194,-38.463100435211025,-4.644112191522421,-6.779278727534769,11.92774739385934,0.04421397866653731,5.541900765019636,16.678344707660468,-2.696324510757097,-4.4301773532854085,50.09432864354418,12.514341211655818,12.978987408107484
2021-06-26 11:00:00,27937.73799409509,168413.09386611695,2223217.4641690287,327280.88262785575,-3.3317896017397644,2.4993443984572035,10.610853199609473,-3.364303023487889,1.1271153169638644,-10.446792823266016,-41.39191175410985,-2.677318932066557,-5.104605011995849,8.54824410404382,0.243826635096237,6.426751483215448,18.436086098836192,-2.6475194659998507,-1.7157338851501884,52.54893425507633,11.00989688453637,14.004955689164069
2021-06-26 12:00:00,29140.51618317235,193056.91494599934,2292905.9508043784,317410.9180873618,-3.440182307581021,3.3549137164747784,11.107512349801981,-7.277822606336722,1.2958830164710384,-11.077578938979938,-40.22265079646808,0.06659021117922376,-5.663951328817519,2.95854759970707,0.3842293769437664,7.3067405578281335,19.305307509373588,-2.4503924320453048,-0.9969222306335148,51.86062826362071,7.751583173996572,15.868352312914174
2021-06-26 13:00:00,30704.189508090207,221021.6258824795,2362215.6782365185,309638.05711712956,-9.047401061458826,4.7069146034390625,12.371645375998142,-9.465614679940272,1.4155341205859235,-10.867898516701066,-40.47407116723171,2.665930686107071,-11.077530045831036,-1.9961930153142624,0.4576912297793898,8.09872004939223,24.328618829008644,-2.112334294451672,-5.298329348826297,61.47844568170104,4.794089282713961,17.05899507537967
2021-06-26 14:00:00,32435.893037583955,251367.6993016234,2468072.0063732406,302202.11116730975,-6.065082357119586,5.870136355387581,12.849306486274799,-16.575113191387583,1.5220130385195465,-9.63581722215844,-40.20185095592332,4.73871966432441,-7.22988060503302,-12.271136774707397,0.5868344615263843,8.091962128180187,30.04364064897055,-1.4672729548693315,-1.1301245787251664,63.46126747573865,-4.717470196436537,23.218427058468638
2021-06-26 15:00:00,34929.39763108017,279283.75320537685,2578529.8909091065,299073.6918420704,-6.643386768598884,7.828245694025645,14.251412398511796,-24.696706968340372,1.608594288638688,-6.737085125001513,-37.85367121138707,6.480705644964377,-6.704249832936888,-24.02156047040374,0.7108080207163877,7.565400513097686,30.008595890209737,-0.6947367015807039,0.2870726575044611,60.2542414716839,-18.22246702426682,31.772677020307082
2021-06-26 16:00:00,37553.71078674195,305838.5829959267,2684133.8967827507,297200.0069159287,-7.95646959483959,9.467614156566368,12.697675720000335,-30.22486590585246,1.7075509663249064,-2.8707633693115286,-25.930749760118264,9.90367680417991,-7.244539559856177,-32.15300201345663,0.664223408880302,6.755562855905171,29.732038372869784,-0.17341207956142574,0.4678170042821732,50.92158200782731,-30.066153837202126,32.84545274211146
2021-06-26 17:00:00,39711.80617501835,327923.8057678941,2792600.567193769,297825.1248692281,-10.03261798542239,11.116588816379114,9.183104143939152,-36.90695712583131,1.84552916856915,0.9042148440073727,-12.61117346260687,13.283960624197093,-8.978505777639027,-41.75259612067524,0.4679273251896838,5.712927920073319,29.737094962122825,0.6779573646118661,-0.2936310124227408,43.19778226621293,-43.21483286614448,33.48405801018524
2021-06-26 18:00:00,40922.78752810767,346971.6640204546,2898240.980510035,302081.2999411341,-13.036247238561426,12.538983322961945,7.577409805654703,-32.59566333013564,2.0966335885888556,3.911019442963269,-8.46984378600921,14.97598724563194,-11.429912951366463,-40.1898217451075,0.18680650783497388,5.184139312736645,30.777196900903817,1.2326633213517035,-2.4070909963533635,44.70587811981976,-43.86152678332421,26.429749211510106
2021-06-26 19:00:00,41056.81303143016,365249.6088195979,3014196.3848802764,306700.3007829604,-14.387192954537818,12.687856406629876,8.169457738914058,-20.78260868254991,2.470065920978743,5.880310638717091,-4.144565014703396,15.26858273897771,-12.55924665208707,-29.56400175391765,-0.14665093790033704,5.318379649800376,29.26505975293558,1.9992450877280983,-4.316053406787021,39.62735998326274,-34.0323960780965,15.682728770214357
2021-06-26 20:00:00,39866.900775225244,385263.99749901734,3108949.4107311713,316475.8645727764,-20.585477959090493,13.979200606268423,15.162300546644241,-2.1388602611834986,2.627093604275538,7.443861958629958,-7.133026608733133,15.460118194619916,-18.33456426859022,-10.758837321281398,-0.4599789425982221,5.906870910305305,25.94653733538451,3.009981013702976,-9.693349899695832,38.502741356563895,-17.655051915776575,4.8510236269107985
2021-06-26 21:00:00,37744.96464472296,407779.0793737961,3201011.453695045,328372.1640816218,-22.587667058330272,15.564099304715466,24.350245802780673,2.771058975210124,2.4290431191443527,8.75640713855864,-9.692707900229014,15.346777583041327,-19.94054863327818,-6.509298239974271,-0.6905163357749552,6.142443294608327,26.74962596465439,4.079201559877215,-10.143127208534114,34.679755120433,-15.407004173455654,10.311610804406438
2021-06-26 22:00:00,34895.183157645566,429489.5892201973,3301546.717676683,345846.1158038924,-24.760515264777503,18.756754696164595,31.61884041888162,-8.651123457793144,2.313759772242312,9.520746776242706,-11.421890034896922,15.328096449035343,-21.405748367503886,-20.89798648447594,-0.8712503580780427,5.856720576739366,27.41548236508304,5.439489364161418,-9.188770698933263,31.979047245875847,-31.07190435346108,30.38135679180084
2021-06-26 23:00:00,31471.962066561053,449947.46752631955,3398402.9267236427,367536.487503584,-27.334965029655127,23.402123458352158,40.242832442484556,-32.60698247952799,2.2219109872987155,9.89984958014187,-13.295670807358386,15.940036702243782,-22.532535202704395,-51.96629492941919,-0.8388086545118671,4.745102025826216,26.69935526756751,6.4103608674391985,-6.993561213113553,27.087158662096464,-61.163853492195805,63.32013908720797
2021-06-27 00:00:00,28855.760845160123,463654.32380614604,3493782.075603169,392000.7140494546,-25.216939183909634,29.935950011344175,52.298897253038994,-79.51341480291435,2.0670358206034236,10.485181110755995,-12.238761404651171,16.402537269490995,-17.238880487361463,-109.20380330198635,-0.48388515260232756,3.487983873034876,24.49990552692564,6.964347777352167,2.1680898542287914,9.656708862447452,-116.44656205197964,122.37412256381454
2021-06-27 01:00:00,27987.988967824294,475060.95141217066,3574802.2465175074,417679.7915005196,-25.153378912562697,32.44770143648143,60.32310781664286,-93.84079372622082,2.168645370184627,10.246883615467214,-10.444508505017547,17.193225587263612,-14.475706894485214,-125.16724412786125,-0.05490347572630172,3.46543091874471,22.367578341607715,6.313145330438185,5.070773678007804,-2.3576420574549015,-133.06994785942476,143.28382128603826
2021-06-27 02:00:00,28460.45581993075,488605.42642110796,3654828.6396627445,437455.36042860954,-22.64102480139346,34.87410929188868,64.10040232745246,-111.42413640362058,2.381289223253675,9.987166932880628,-11.729499960670273,16.702622382394452,-9.175147096224451,-144.22007080756612,0.2364760659725764,3.3182254858887283,18.670148261557852,5.288251029232059,10.08827133321412,-11.059729303830872,-152.96718714250116,164.11016737791064
2021-06-27 03:00:00,29690.616642826844,498952.1749105695,3709227.314000724,455755.19891099044,-24.820889400277512,34.10831137618324,65.974988508425,-128.7996327780602,2.8261986505851975,9.491657215579169,-16.964859365527744,15.321433120389786,-9.784373472025216,-160.41394922263643,0.3132374591156031,2.802243021422433,13.481800104837813,4.586705473570392,6.77446078443613,-10.707439637781931,-169.59735834840018,184.0398936396658
2021-06-27 04:00:00,30715.765525563093,508781.5761753495,3751897.6004175767,470479.63983831636,-27.461253216606185,30.92248550568277,67.61231589284355,-143.33906706903622,3.1083206428354977,8.90066623304316,-14.641465558372657,13.743283082207562,-11.532677732587276,-172.06179763161455,0.2571904586864523,2.317566691751781,9.256146324877692,3.7844657568927507,0.6101021049275381,-16.253450792987017,-180.84465211601037,200.99256563656496
2021-06-27 05:00:00,31542.3879453693,515638.6550911823,3775871.5675398433,483003.35236061824,-30.1327044130464,28.943137284847392,68.31487905111074,-184.67575776377493,3.341203080725416,7.568888476626153,-9.662351763544567,12.506449965135682,-14.17770554500673,-211.5130042260071,0.11786891194603666,1.3600301833475694,3.642407183172634,3.6096428135238643,-4.412901296978388,-24.877415691347135,-219.8277533419009,244.09382966327382
2021-06-27 06:00:00,31564.421691574556,518573.793495452,3778122.9321364197,496469.0680956882,-31.762236886046185,25.632943513988874,70.08917786864944,-226.1093713099987,3.6700519118165325,5.3026023212864875,-11.683461096397043,10.864291702428908,-16.821578445467352,-251.14101733870973,-0.17907996829631026,0.09206792339554845,-0.20229529052423054,3.3779189284403803,-9.978425252170155,-26.845775176730445,-256.9528492218785,288.71217640465966
2021-06-27 07:00:00,30253.012173635867,516301.5441396303,3774415.041448069,507324.368645389,-31.328127559421276,20.66873028033117,65.99056283192739,-249.0684698134004,3.5171093292825475,2.837475228703288,-14.950319411547863,8.618342308436793,-18.46649693297204,-274.4064648825496,-0.5499620135110258,-1.3008156286165629,-7.688754903861684,2.378140711126495,-14.726468621883676,-27.40087076481994,-273.8754909510514,308.8188310480175
2021-06-27 08:00:00,27604.69519429517,509207.9209694127,3722763.8968286156,513591.68121579895,-26.81893187536904,17.265140697120643,63.19075904900796,-273.3577125336338,2.881440373342733,0.675433405424316,-20.447837564440867,6.043406313763019,-15.23244752728544,-293.4358313200852,-0.8073490820828394,-2.0375970038518183,-16.168801192427118,1.0372675893714445,-13.24258063367397,-32.09279080162517,-293.33588364003054,331.5423328582502
2021-06-27 09:00:00,24440.098782639423,501630.8457118972,3657999.6728625936,514792.6952888634,-23.896408761024915,15.013761603547822,62.593963292780124,-286.42199960097537,2.1112445004549403,-1.903701316059529,-24.530801668608184,3.7495194313030593,-12.686133473985,-302.3727640435757,-0.8332306867726286,-2.048413581799444,-18.359347366921398,-0.07681289264324329,-11.827122344704664,-32.52610023006842,-301.5804734702631,345.1896305698092
2021-06-27 10:00:00,21605.434249532245,494459.3431804567,3590576.5957867815,513038.6283887676,-20.90827998573849,12.843913655363385,59.897880968182236,-299.5952281374184,1.5289833840243976,-3.622654864406432,-33.4649683120255,1.8518966044640446,-10.165500056158566,-308.00578569597656,-0.6838033944006995,-1.1389337425133028,-18.55152030133623,-0.7539965751566261,-10.2771531088002,-24.076152971754475,-309.95542067088866,356.88721592597994
2021-06-27 11:00:00,19516.714342954387,493430.5227658014,3524428.7266929727,509363.9199477357,-21.204407898739024,9.928453047845663,52.72234561066098,-299.6914381820269,1.2071520031281835,-4.483754395075741,-38.37153269441278,0.18411017701579444,-12.04562543713811,-301.95382393491724,-0.4998785648902367,0.3731818811914127,-17.88129202547716,-0.7940514559113298,-12.982985418911783,-11.027697042986333,-304.76295495360546,351.4356221597607
2021-06-27 12:00:00,18006.30858232254,497146.2527250349,3461831.293203346,507321.457906206,-21.13339897101124,8.761990559507682,49.87122941672501,-311.24196510810555,0.9608754581098286,-5.036195348713109,-38.72326845668334,-1.8100222493753706,-14.106324438356319,-308.3765213691016,-0.38207798435933554,1.3721242359621262,-17.302330902216102,-0.6021699975927994,-13.71436185397272,-7.316892891246525,-313.595636082938,362.3210467766131
2021-06-27 13:00:00,16765.75285556717,503309.8172647287,3399851.944197017,505028.2959650675,-22.604229890294768,6.59490706357807,48.861729733060635,-314.58625796440276,0.6716667214316128,-5.239929248685564,-49.28720474746715,-3.7877153681119053,-17.62496358433751,-308.72223210255163,-0.29272216356812325,2.002710280885852,-10.400859761087405,-0.6189747975709745,-16.973711711716433,12.62884514361388,-313.93852549840943,366.61672826800435
2021-06-27 14:00:00,15898.709004632054,511565.766747413,3386945.1029235166,502864.839363695,-26.071867647821342,5.570537853685944,51.765733703573176,-314.11909529155247,0.4245255279486501,-5.317993752369382,-55.3656554967808,-4.769216573991037,-21.930314123488323,-310.7414246625253,-0.2121268724414871,2.0273471966502177,-4.1147348665228085,-0.5490078657696076,-21.137982194525534,25.55705457450616,-312.3442921962188,370.1050377033471
2021-06-27 15:00:00,15238.439373988464,517906.7170806103,3370225.8531580525,501075.43933152634,-24.355223597089374,5.574299926297717,46.89374910654255,-315.9643444970409,0.32026921103170924,-4.751202728566084,-59.537596873594566,-4.5482234199977505,-20.56349296943162,-317.5261399522728,-0.10673431360099483,1.9068280733652014,-6.979089916504324,-0.2995744635999856,-19.207927195424364,30.019981447637065,-314.88061362140735,367.10674255998117
2021-06-27 16:00:00,15130.22194670489,525294.9288756425,3336695.6555246855,500707.9032257751,-18.966962287897463,6.445934309192984,45.32022017485752,-298.51629036614685,0.21243103011915668,-5.079048760402286,-61.52195420258091,-3.974927380175429,-14.998072696775786,-301.3663281359286,0.026272235035680498,2.089865346817314,-8.804265647058685,-0.16302078813443788,-12.707186773787955,26.36443066856217,-297.79331056812026,347.64841713304537
2021-06-27 17:00:00,15427.599466245363,532953.747577695,3306835.14049923,499901.6896569584,-14.966649922733664,6.564622975321414,41.09819309846775,-274.2486543065245,0.193255227208803,-6.342638770492138,-64.22236495511122,-3.616825653924951,-11.795959222233707,-276.6898697136446,0.07191222657394368,2.572328964307122,-8.484466753976044,-0.42013826176641383,-8.52336994804711,29.606355025401086,-271.8983095470466,318.54353479715076
2021-06-27 18:00:00,15647.989978037285,543815.6974186538,3275607.494896058,497682.90774105693,-12.216537837888689,6.934685684632189,35.43549756727968,-253.2053450346605,0.17826411371179113,-8.022215670606698,-75.54434443328225,-3.9227434483786947,-10.224838404410615,-255.5341136661866,0.08744454379843924,3.3202372457871228,-6.809938088341021,-0.41470617356336636,-5.372671723169852,45.51544661555023,-248.79757780289887,292.14887987675553
2021-06-27 19:00:00,16057.200181594126,556859.4557473622,3257803.5862631747,496915.80520730215,-10.671753647777159,5.792117025829806,30.377093346844152,-244.31965392554915,0.10286481088391536,-9.687814180958867,-84.065041111713,-4.313737921815311,-10.419293622045167,-246.00905740081265,0.04856611929080827,3.680147863514285,-6.622132351619398,-0.06548586869039962,-4.93393531354046,57.737569061026605,-236.7438089069058,278.9449993255182
2021-06-27 20:00:00,15997.666036931105,570312.7620359566,3227928.1419643983,497211.40948648605,-16.831866267625333,4.454098069342076,29.359915140042645,-249.3780598247321,-0.03367992100230577,-10.056447979203377,-90.31614218180415,-4.345788620145293,-17.651218043633165,-250.89914146142783,-0.025027258857351173,3.3202621470250113,-6.62065741092484,0.6203772950334839,-12.369115536138299,71.167435898462,-240.4554477678458,283.7041408799535
2021-06-27 21:00:00,15877.003917821197,580765.3432059423,3210134.852904516,501382.52173154324,-19.33657189477099,3.626536511538887,31.616625633358623,-261.78893152201096,-0.16129050976196477,-8.966474661051388,-89.59848434017242,-3.6267028875850893,-20.276888407498586,-263.87590375522035,-0.08359455976701763,1.6634374152759523,-2.93058824580913,1.49265570033395,-15.632339433237156,74.38784235577566,-254.78555595722247,298.52491574328866
2021-06-27 22:00:00,15395.785206608578,582289.5114259435,3206827.9065945726,507958.5305288905,-22.149968283800757,3.2806561304377184,35.59727868621044,-263.80017920313304,-0.2528311331159375,-8.426029799274769,-92.77707451922103,-3.521763339039729,-21.876075328173563,-267.6460625046658,-0.14906664770344857,-0.003820872676911272,0.25718515711286777,2.0970705310301048,-18.76554766795055,79.58694927392422,-258.65862640697287,305.0162917594133
2021-06-27 23:00:00,14803.724054356368,580737.8329226685,3211986.5860357285,516481.42955496,-23.30515716472959,3.107509631103904,35.69493407237586,-246.08507691854925,-0.3473572338709049,-7.806042730747208,-101.74818323412919,-3.8238000853704093,-21.89481717856612,-250.5037802255266,-0.14927957132787367,-0.6520346804260043,2.468812299769165,2.876243519469919,-19.999569871082652,91.82721862625209,-242.03857849933195,288.4800545957654
2021-06-28 00:00:00,14320.972293047887,577594.8617268762,3224603.3551529106,528667.4838690739,-19.556469162678763,3.708376141635835,33.29548900950187,-228.69556824876827,-0.2996799319899742,-7.291797865576888,-106.64123058812093,-5.084568756715012,-17.38287941116597,-234.87172351659632,-0.18794294572897646,-0.6386833030850135,2.827767780374658,3.5827213457730736,-15.736356034781931,95.72997852167248,-225.75082982791224,270.6583473607582
2021-06-28 01:00:00,13450.534845107737,576139.3131404564,3232346.514054426,542277.0232445261,-16.18419453761772,4.008416058020313,31.543816314842985,-207.24671499843055,-0.19690951703124018,-7.008369643176876,-113.58553858266741,-7.506222329761949,-14.104521342616973,-214.43586784277076,-0.2464137643330418,-0.12496918343718992,3.607048199856201,4.094229151658187,-12.22528272689921,101.83296500529835,-204.3717305967112,250.39098279469368
2021-06-28 02:00:00,12546.793189849986,576695.0836061285,3250574.102191875,558145.9337610129,-11.141359628218495,3.427932797436167,30.842739129440304,-205.0413015020539,-0.19784144064320863,-6.5664416866303075,-118.83414461547798,-9.631835759545982,-9.885602532814916,-212.9421474155836,-0.24765323971853404,-0.5051287588931963,3.94313890470554,3.981571446908492,-7.763238629857654,103.07590401896171,-202.40792137175296,249.4974478379487
2021-06-28 03:00:00,11667.431519134292,572502.3860764254,3260737.114168306,570944.3376622673,-8.471286069031828,3.3016954777947034,31.608853103125107,-225.3463629832115,-0.23926404947277558,-6.185012432071053,-124.90764323449002,-10.916482765484828,-7.670528843207073,-235.82480237029213,-0.15186620456165176,-1.9209568232452632,0.9141487842712215,4.023438120643065,-5.082192746326,102.68422498466796,-224.3840028521804,271.8951369724645
2021-06-28 04:00:00,11453.356517006094,562864.1944787626,3257155.973438628,587114.6882296429,-5.995324476554093,3.1865223090233616,32.069148664848804,-256.9867287066567,-0.22908815573615549,-6.281589800178401,-125.52689814342044,-11.446786653986454,-4.755111118996165,-269.32468877350334,0.06445776779000653,-3.7404971416130786,-1.683888885599574,5.326444711818654,-2.5152562440045694,97.76918506952616,-257.6321583571148,305.82910873731066
2021-06-28 05:00:00,12131.52744722234,545570.8066568113,3248613.114191989,609294.7395873616,-4.217195954208104,3.1510191287253333,33.95833724233887,-287.81581896947887,-0.14097803440916085,-7.584578938414063,-133.23011592399706,-11.619944914701575,-2.092657938111457,-301.5617211316154,0.24481576951146508,-5.802109965365016,-3.809853908081164,6.981636735966248,-0.6803830215621445,99.67912072778513,-289.1843691251552,340.3757378624856
2021-06-28 06:00:00,13216.030057488642,521089.00272813445,3229725.0253004436,637382.4727285999,-5.042230667880647,3.468027013718347,32.13053436673609,-313.5056422979962,-0.10416391440088295,-9.89613834269326,-150.7528909203064,-12.089125585796692,-2.840395337744622,-327.3534532823938,0.34340096577100465,-7.291881412925909,-5.745815673038337,8.738039556705917,-1.1266387739904122,117.91877154841262,-314.3694123819472,366.4633418072349
2021-06-28 07:00:00,14604.014400773573,493069.2604837447,3207243.241346113,672208.6243956442,-6.031850174939181,3.6765235886211194,30.0195036327441,-302.02102203913233,-0.16686854222217942,-12.60117209594109,-161.97089358551528,-14.191954640864623,-4.314713894345443,-312.2354495005673,0.410582796167891,-7.5156632207072755,-10.219373899738162,9.621942577594842,-1.7778752479279907,127.7638662279722,-300.61203675251966,355.85442289033585
2021-06-28 08:00:00,16172.226189897458,466976.22753904207,3156145.533222329,706660.4592872828,-12.980196230771789,3.8912706075155987,30.058730669290256,-252.4298411894848,-0.3197125536555737,-13.901289977172112,-162.85806103313908,-16.336337841105365,-11.841911244347877,-255.4704940598113,0.4064036392601161,-5.842450070314015,-14.922454436670717,8.751597241718361,-8.3628094303405,130.8570721579499,-248.2622718901423,307.5765069415988
2021-06-28 09:00:00,17530.12060344641,451003.6199774838,3099801.5694020838,735220.1245360164,-20.6951426094974,3.7442582191758835,28.875795934650924,-203.17787579727548,-0.46277258457100123,-14.957751545848756,-160.0938493691659,-18.094389574714235,-20.9795243607732,-201.49627713014993,0.3282925194630227,-4.197810489292299,-13.955781106625993,5.718118182910807,-16.15981928628749,137.95741493738637,-196.1621929598949,255.86617948955143
2021-06-28 10:00:00,18535.93233003122,436751.9920161375,3055663.9092546217,747830.9102042406,-25.791902267234825,4.291358236605747,24.562347717971218,-176.84905728970082,-0.5792697605458422,-16.227946370179513,-164.3590467609142,-19.17253126190255,-27.13811387718756,-173.43872235628228,0.2952842685438342,-3.6535141981328665,-10.305117616569689,1.49815747423471,-20.6259900015394,155.2834836936081,-168.5659833542599,222.0820937438093
2021-06-28 11:00:00,19656.167336962015,424698.3177509272,3025604.722562782,746006.8583505063,-27.778171874183673,4.782267198853629,18.371668458350737,-169.8671477475128,-0.7447903999319807,-16.720007506377133,-169.76594951818032,-19.171201560951673,-29.888248366514407,-166.74693364125073,0.32601568172149253,-3.7184028702810528,-6.712803682341861,-1.5640752162875045,-21.925098593676573,172.4596492516714,-161.64781031027036,205.8459425505277
2021-06-28 12:00:00,20883.245238425967,409979.49135011394,3007331.7227417603,736569.5686469706,-27.52008387641298,6.149983514006416,14.76091045657479,-170.37576282934265,-0.959647110882269,-16.062306996433716,-165.22890494997628,-17.730494895525997,-29.366102349944004,-169.98746042713097,0.4162352698003537,-4.11280930889641,-4.478425148781325,-4.1439620106674235,-19.994217981723942,173.50965322103315,-164.57624865581178,198.723206170776
2021-06-28 13:00:00,22653.06127952456,395086.090726873,2993360.0614915565,716170.3318737008,-27.439476458403682,8.075735261600606,12.772027145679926,-176.6394901309432,-1.1399921454336197,-15.966331017065356,-169.1627268908004,-17.288083687017846,-27.932039686722366,-178.4881189767523,0.6168401263395269,-4.064737163285228,1.7144302749064,-6.232454257976497,-17.60690892502993,185.54460647843055,-172.81363153876367,200.46714670566445
2021-06-28 14:00:00,25324.49414807056,380713.3837744603,3019675.6207210864,691695.8979895398,-22.818942377924778,9.6820051119877,12.370843691526323,-179.48116440059675,-1.3643645802448652,-16.406959932335365,-174.09453276270398,-17.1122061187883,-21.561744304553837,-182.17259727016238,0.8536731189846831,-3.8818513038447096,7.557715189921437,-6.985831205246003,-10.918899566707529,192.10034663902388,-176.63806088409382,201.97838300566536
2021-06-28 15:00:00,28799.50773621428,367136.7613391911,3047775.610858991,665872.3471959296,-20.485773440295358,9.94368907504981,12.06159587379649,-182.0433294147248,-1.7079915588910992,-16.459549749304514,-178.96253346808712,-16.891118221351537,-18.46128225329928,-182.94612554942975,0.9769370171261855,-3.2625467945412674,7.788928219699883,-6.348662783475221,-7.857155789228261,195.17563925428587,-178.79001553501138,204.6473807263976
2021-06-28 16:00:00,32358.440671379096,357223.04685376317,3075755.9039029256,645985.5259485182,-19.439405853102325,8.73383604059575,12.085453363309936,-185.3654539094956,-1.9973959169877316,-16.61569511499137,-179.05661939208096,-17.378434150405525,-18.413119727635948,-183.07047578875745,0.9146063475888508,-2.669696700320759,9.463733714599124,-4.730502838184168,-7.793567547929994,195.87430559647248,-180.15329153542075,210.0988385850269
2021-06-28 17:00:00,35384.673438854006,347914.94509688165,3115914.4936041045,631812.7267610036,-19.66768780583822,6.99677534443866,15.644242629100605,-179.43101973013844,-2.306380704618853,-16.532127857608852,-181.39508014199848,-18.123378529021394,-20.287084125165272,-175.05919779411678,0.7716544493895223,-2.122467935457858,11.819208026580293,-3.5238834955288785,-9.592877307391184,197.23773334531637,-172.0181351524261,209.67475739273158
2021-06-28 18:00:00,37914.35270698366,341941.2777184666,3160854.2016943037,620613.5647807103,-25.530865034599955,6.103810473726158,20.299924885367307,-166.81985260886185,-2.6955201104293236,-16.05419389833795,-187.4256358458084,-18.487234566669976,-27.281110863484635,-161.643306744883,0.6807405281785042,-1.3940924982120568,14.099204619137259,-2.2889455208262692,-16.05079392226597,206.7557806141783,-158.2635616824621,203.31806654007286
2021-06-28 19:00:00,40286.005241739236,337877.47910975484,3217428.766861893,615332.3190110545,-29.113408599835353,6.625011016713405,22.996418980132862,-150.80830114822797,-3.174695579798305,-15.394948077747973,-188.36058072427446,-18.504039423725782,-31.187921392256342,-147.21560449299892,0.6739422692122985,-0.9533620598540519,12.73631223190123,-1.5447652318566139,-18.639759734111344,207.2138825758782,-142.99172614704744,190.76399432022998
2021-06-28 20:00:00,42766.737045312206,335077.0708875174,3252555.6497639925,609491.2551113426,-39.58710705597562,8.377067349674942,22.683595714611325,-148.11688065131446,-3.6228029794364462,-15.185991676494865,-189.48515208418007,-18.59655758348595,-41.84591045750981,-147.2816777496404,0.6813910012476966,-0.647946949155521,11.011940924667998,-1.2299374492133697,-26.905845725616537,217.40060435021238,-141.95590327365005,188.16709650019837
2021-06-28 21:00:00,45192.02045072265,333212.2610758351,3296714.7415195024,606476.7693767182,-45.37237473506699,9.928400436044813,19.492515113085176,-151.24303832933694,-4.0431320260667505,-15.09548817802909,-187.97831589771351,-18.805198447864928,-47.650496143463194,-151.55711288618693,0.7349710270247013,-0.7264045234248867,13.382841296353403,-0.9889197345326506,-30.66587124593073,227.24101681604873,-146.80235511077754,188.5518321557544
2021-06-28 22:00:00,48058.528439890055,329846.95831885823,3348912.107097737,602371.0330227076,-48.17635325344381,9.925692409586011,16.283976464980203,-153.3783347479638,-4.565135142911244,-14.811977378398627,-190.72198906884813,-19.016948632209996,-50.5571385169215,-151.8631973153886,0.8883666992005884,-0.8376571203081079,14.521308802541592,-1.291049884111449,-32.79715900174596,237.13567465985332,-149.3297068994593,187.38820996104255
2021-06-28 23:00:00,51588.26068496689,327181.1298096167,3401268.164897802,597181.2102111158,-50.6316319265195,9.70190227030582,13.727627470111473,-156.82952013671516,-5.084798452587358,-14.366595085453339,-192.90412184044865,-18.508798122587393,-52.97523914135685,-153.48550883901385,1.04186452589451,-0.8972126727843392,14.427256119096095,-1.2618701643015406,-34.80306667773181,244.23538241595278,-153.062039994352,187.8040755651125
2021-06-29 00:00:00,55559.95302633053,323387.027074811,3452788.351155229,593285.5678397365,-49.92126415795936,9.972001114796278,14.178472331565061,-154.78545052169122,-5.590387388142989,-13.870331698133425,-194.64344844618947,-18.330402103904785,-51.64734581311125,-151.32104485765237,1.1615462843047033,-0.9267089048479263,13.010921747335814,-1.450417854440974,-33.19732937071539,243.39716201991956,-151.813828843202,185.84390710272007
2021-06-29 01:00:00,59951.39393196075,320508.82569471165,3494946.8014786197,586738.2016591408,-48.38929418125937,10.387734624688354,15.74539194598461,-153.29956654508348,-5.992385759700684,-13.323705942975254,-202.32726778917967,-18.232188621364273,-49.17604657494444,-150.19315402726755,1.3319285776029695,-0.7307962044883364,14.995916538267695,-1.939361503762484,-30.677245219267366,249.96708656272213,-151.09439143128492,185.3377856086699
2021-06-29 02:00:00,65149.83878507191,318125.29440249497,3560758.9502307563,579322.1650126466,-38.87289279421398,11.069038209266802,18.690898199313633,-146.17860269740208,-6.504510878818046,-12.491406005391218,-201.84963183811095,-17.743624638151587,-38.796580799389865,-144.56350070188805,1.626343795195079,-0.9015133075719981,16.97713032196405,-2.67432541857037,-19.67299991093406,239.00875675497537,-145.65774820884968,179.93880011629693
2021-06-29 03:00:00,71661.06925736532,314017.92988019326,3617182.139796761,567483.0586454341,-28.894617631665533,11.329548732715006,22.060678850885466,-137.13319871795355,-7.092424624688185,-11.34174828912923,-203.87219358937273,-17.06688992862424,-27.173090486362874,-137.582853507336,1.9990269931110045,-0.818346962504624,14.553445229056848,-2.9907733300508696,-8.473617281151336,225.25957759920965,-137.93934612404394,173.2699941674124
2021-06-29 04:00:00,79542.83313547114,312233.1962724617,3665543.7558799656,557788.5970362803,-19.5194888099315,12.283156941321087,24.31428869605603,-126.66714010904028,-7.594631667906551,-10.506582004663375,-199.9258401138319,-16.84427994626647,-16.749678700774496,-127.67271089683261,2.3823170249473717,-0.45047071830652485,14.074212609314257,-2.654224628697379,2.740616824243512,209.20525283702162,-128.8941857640045,165.17148412266542
2021-06-29 05:00:00,88813.7518369864,310774.5407083863,3718516.4705838235,548372.641318813,-13.720726629804714,13.367443207304722,21.395481211085286,-117.16019251776835,-8.169847687324195,-9.5534247077951,-195.4621794420053,-16.39953852564087,-10.18928707692616,-118.59605021890083,2.7285946554944247,-0.12424972531782663,14.291433368558193,-2.82864647918958,10.545158920318627,202.0788582292829,-121.09846074259579,152.12656577530493
2021-06-29 06:00:00,99188.714655031,311338.5982501733,3768442.0761335846,537422.3423861153,-10.235530287684309,15.016847566671853,18.61404692650647,-116.59905972106142,-8.948136547419786,-8.834999888980539,-197.4714728598867,-16.126617463686806,-5.49616713532478,-119.56772495532749,2.975229130573603,0.16533028804946903,14.925629937980622,-2.4626351200507712,16.704682956980932,204.01858615904516,-122.61557711070328,148.87708899120392
2021-06-29 07:00:00,110235.40157711634,311964.91878234246,3825981.006137284,530641.6684544474,-5.583344368541896,17.15712118909634,17.26547091270227,-120.11558130449053,-9.691759545075644,-8.179841642760959,-191.8813840839651,-15.395143061812275,0.7115967229138631,-125.36011938127605,3.1095665627711786,0.20665186076855105,12.694248994309067,-1.5198358089819117,24.37510292840127,192.89350653411378,-128.88620899005738,151.25635947002317
2021-06-29 08:00:00,121577.59390698349,312826.4916477069,3859840.66889261,526479.5245614456,-3.9988455978533044,18.525310316634535,16.661427656621623,-126.54673620198363,-10.363717526403693,-7.657066566820024,-188.09274715875756,-14.423092381626615,4.2469076233066,-133.5755233084811,3.1501139620789926,0.4459788485093951,9.42170030671838,0.16469393010881808,28.040296207263918,184.85186540670762,-136.96900110328875,157.7959501703407
2021-06-29 09:00:00,132916.22210408509,315175.9664916101,3893817.2483456563,531827.4647512309,-3.676991319284033,20.328876045262888,18.221407654932726,-135.1484273716173,-11.1940523585922,-6.8305124243252635,-177.0359460874205,-12.645876659715753,9.01840847649856,-145.25002805489268,3.2770856083766535,0.6058796201874066,10.371557479153658,1.4270725890377718,31.123022692947707,172.8630872309255,-148.0409113723675,167.44278427530355
2021-06-29 10:00:00,145172.6102872954,317188.8249130562,3934515.882742516,536754.4472025175,7.484810730756974,21.42522175146652,18.438070035587845,-139.4087885475788,-11.97454355876933,-5.915631334136295,-170.17998567598903,-10.710124300430616,25.260308105700734,-152.53340715912051,3.723986854305755,0.8635525208547349,11.217882532657823,0.7758126915839967,44.608562895298576,155.47498744230202,-154.0548264440543,169.33279557518128
2021-06-29 11:00:00,159728.92745508652,321393.5446417642,3974586.0025807926,537413.3161306357,20.943990471746353,21.027085605652847,18.538370699644354,-149.31197695283353,-12.501331809010274,-4.820697082267712,-161.48725938421168,-7.504462989639901,42.03325585830177,-163.39727881573822,4.304291690379666,1.2598734062722603,11.669542364252912,-0.13250062505905388,58.77669957678914,133.67444057707388,-164.2584920699464,175.22231001705873
2021-06-29 12:00:00,176163.510458029,326259.9134382165,4018536.587765137,535800.4427020923,28.754507275181947,19.810280308685286,18.26507614992583,-152.3931860379551,-12.576172543514131,-3.7199232741039485,-151.0699904923447,-4.840064365964551,49.47181789866399,-167.03151333106405,4.628827259197537,1.682611364622935,11.672477135816848,-0.8029446606302615,65.7697873865789,115.72288420305375,-166.8009317079135,174.6953818932152
2021-06-29 13:00:00,193056.4837213088,333508.3464670493,4058627.837958674,531632.1145740978,27.551099947877375,18.800288175194993,18.920729126192988,-155.9914896500255,-12.413789249323447,-3.1147761643358423,-147.69632668244464,-4.0036942080389,47.34288790723754,-171.25967118272308,4.875133441592585,2.05367518151702,15.97420476026859,-0.9471596362926357,63.64031081398839,117.19870236864287,-169.62332647936765,177.96875334796474
2021-06-29 14:00:00,211264.4712374956,341046.37474513904,4133550.862039071,528980.8933207854,35.48320616859914,15.736816053711685,21.008640337466613,-161.46581681534724,-12.181816965973573,-2.6595210733569328,-142.29311467898458,-4.231896559390538,54.26044820251503,-176.45051607451094,5.264635920320227,1.886784971294344,16.99795520537688,-0.8636811178752557,68.66647510860463,102.79922337829571,-172.65632682440764,185.84267259432914
2021-06-29 15:00:00,230961.86234761443,347093.1982603686,4181013.1154373875,525413.610525396,30.626397116249734,12.030249989523869,25.118918730513602,-166.28257455499764,-11.581194338982195,-1.671987274777868,-137.76596705586977,-4.5849475369546875,47.75771357465962,-180.7130194775587,5.3516120019448294,1.6517147525226352,10.70358166847061,-0.14583894340424902,59.589453446700624,92.72423287757704,-174.989122517221,195.8406018790617
2021-06-29 16:00:00,249796.07765149837,352938.720963302,4210616.650052059,527930.8529282748,29.960054660363998,7.312634264276814,26.99388227011333,-170.30164240186426,-10.642065310046037,-0.39725093822986657,-125.14423889860028,-6.192499907539995,42.78678190611397,-183.29078778971808,5.2730092719642,1.1533116551373839,7.244506456895162,0.8507678652951209,53.18776350665105,75.43480842501812,-176.06371407277382,204.3387924448127
2021-06-29 17:00:00,268927.52910575666,355397.04217735777,4233173.561927033,531539.1391555208,23.828858935093802,3.4889604326493626,24.85474713827298,-163.83857285395192,-9.850017408578696,0.9573648521203585,-112.5932721844767,-9.014214844833985,33.44986484218762,-176.81707716361194,5.355429699888798,0.6989316045068457,4.555895403268773,0.9126370295711644,42.52326647621066,68.46556151437869,-167.58596653421478,198.62017186663005
2021-06-29 18:00:00,288355.1714906977,357971.0285157513,4243419.096955595,534501.8395411872,12.835692283451182,0.531059973238373,18.98965894106098,-148.95461271266836,-9.195089966084694,2.122521474823306,-103.75884961697692,-12.692139661853158,19.606551157164414,-161.88803518015183,5.5515938330543735,0.7419980507990679,2.5919422449456113,2.0276170611202544,28.113436055828625,74.52544063741037,-150.866196109931,182.66402837670276
2021-06-29 19:00:00,308899.00470374816,360739.42814311106,4251835.546090641,546137.9819955867,6.727552569677003,-0.16839068231359877,15.40869939462852,-133.08363732484293,-8.532415898496268,3.13032099705288,-86.00200493643814,-16.10986791396193,13.33729899738253,-146.28305235772828,5.86823830733771,0.7938685197726105,-3.038386334863026,4.23452506737727,20.959816093197382,60.82736663726959,-135.2516991198096,168.83672970081062
2021-06-29 20:00:00,330606.4873035292,363686.8818581141,4221542.715344581,564990.4200263035,-10.148657863670806,1.7238279180757439,11.402210263445436,-119.45972454436091,-7.843245963506442,3.8088806639032065,-68.85398677115192,-19.596955508740173,-2.684729817941315,-133.6797773754481,5.423625995772858,1.0956955323268711,-10.22862692976364,6.730388837238731,4.842042013684239,57.371807441613655,-123.89673759401299,157.18927915378524
2021-06-29 21:00:00,347949.11187331274,368628.43597586453,4178189.432196343,594596.7816237055,-43.2164932776051,3.110096489041677,7.506701791639289,-104.74821294402967,-7.386471359827329,4.11135445277101,-47.299062865300534,-21.111132561221137,-35.87028998794754,-119.75498684854986,3.871439509095338,1.4121652243643459,-12.722544203766997,8.288445745294965,-28.848485919640762,70.28631014749935,-110.55749866147802,141.65449304218507
2021-06-29 22:00:00,358480.85176901566,373854.4714735374,4129940.3970774584,624667.2293924273,-73.35885226783391,1.5469228008794111,0.9167540241862564,-79.47765080307555,-6.928245113130428,4.031522933137228,-36.102263236262864,-23.57599423343787,-69.78097644893766,-93.49438015000007,1.9870722551808608,1.5490477644507499,-13.206560309878032,8.785547823299323,-62.8966120986432,95.33780117003249,-83.50704877264144,112.755946883999
2021-06-29 23:00:00,362256.03211061493,379781.5798799099,4083102.197965221,657852.7259514607,-100.75624042459849,1.9173267699155931,-3.7733549214431443,-64.08042542107535,-6.049513922807204,4.2585589456692965,-24.576391628671256,-25.6845550667035,-98.72815948760564,-80.02295273979993,0.3260927657979806,1.8942052034896752,-11.620332189998978,9.607015042272801,-92.46330696607771,117.48565478471392,-68.36210593317055,95.5986406086085
2021-06-30 00:00:00,360828.7196827611,387492.74893866305,4046274.005309466,693837.7376967914,-128.343595609345,5.961494292521708,-7.597674444349012,-49.21201303366837,-4.765941653664218,4.1033084593468,-8.853786777337415,-27.156444570859204,-125.5755026426148,-69.28825331908484,-1.1200469466261953,2.5404282085486436,-10.422396683126701,9.99826805131361,-118.73620660978526,134.3726601479047,-56.736387576988236,78.76905121149217
2021-06-30 01:00:00,354191.6940949063,398072.66298146016,4008060.9418467088,729840.2559209187,-155.69632232027806,11.600029340667387,-10.361521587875785,-45.08020050287992,-2.901895730925619,3.4505990703453517,4.0912636158776134,-28.773541818876826,-150.1772620013786,-70.52512543115611,-2.8659514041853416,2.5068556484378983,-9.503152743335361,10.578173111961078,-144.0603486528704,152.46342754894087,-57.62397326545476,74.07039384584203
2021-06-30 02:00:00,340193.86957262666,405542.1096074159,3977851.305557451,770000.5841029112,-164.63459289773658,15.36433257446046,-13.722729094751118,-39.80436118446384,-0.16697811616788696,2.610095522500006,14.703445617554047,-30.262707566602014,-158.95918732766347,-68.65067298113718,-5.082922846224368,2.61847285257747,-11.144360066081992,10.700153373067426,-154.1862050533326,152.50951630885166,-55.16031642884684,67.04449302938217
2021-06-30 03:00:00,317594.6496020909,416925.66752001795,3927821.5493709184,806881.3602070041,-172.43109977409281,15.731036408190814,-18.623437462799895,-38.663195628586486,2.7743550837867654,1.6811451502139338,25.74295545556449,-31.69316127596356,-167.84181755511904,-66.92743413679828,-7.42515084154798,3.785070231341322,-15.49413881138698,10.728790498715922,-166.89956929123673,149.81744296994123,-52.29030695564991,62.46170994046608
2021-06-30 04:00:00,286732.7835134812,432794.61527307343,3866293.506115465,847247.8756936658,-163.44551322809,12.565885807408602,-28.001687924234147,-39.783151621144896,5.802929484370833,0.3092540213276139,39.56890087363147,-33.458098169497816,-160.81719299898168,-62.78197117083165,-9.372227933727473,5.474251300187574,-17.879384868804287,10.449330245386664,-166.0547848387797,133.99891540988838,-47.18404014969354,55.68889211179523
2021-06-30 05:00:00,250114.60847925307,456340.2768813685,3799089.9783155276,882116.5379737881,-142.9734813308468,8.039646089150962,-36.97668331535557,-34.28691076658059,8.46932403488649,-1.4480380135518116,52.240524828849054,-34.83434049462841,-140.69669845421157,-51.022587167023,-10.391141838947785,7.447147241289689,-17.83921810778233,8.37353244530152,-153.79430111553012,109.87042170957096,-33.43137160089005,40.518100391154945
2021-06-30 06:00:00,211916.56227305715,486414.0754103592,3737851.135739432,907537.3092998368,-116.57978991248518,6.804517847732137,-41.11169161572356,-32.5647949903269,9.171136978007974,-3.747118927597345,60.0412470000673,-35.91380001431944,-113.94686237427348,-43.09869623511954,-9.832298340022417,8.933074837665304,-16.54897799311432,5.840113570398599,-128.77870738278344,81.10125653502712,-26.68911907279639,33.207016959321386
2021-06-30 07:00:00,179322.06043109167,520658.41571255866,3679937.3367651044,924165.355680658,-96.952786328839,4.02066871432984,-44.325172881107704,-34.809996535143625,9.904264902187998,-5.5465832669746575,69.70554072923078,-36.30805484400661,-89.4749543743939,-37.62912428017828,-7.8668833112429155,9.727659094092896,-17.89346198239797,2.9976731818036284,-110.70326582794007,53.67895649831796,-23.556422888405912,29.79055167984616
2021-06-30 08:00:00,155275.00243210816,556453.220887828,3609018.209466167,929120.5562088229,-68.9407398922816,3.9331287250016382,-44.74964182807946,-34.02646837781207,11.493357000798238,-6.694462841587654,78.16615691151328,-36.81213053368253,-59.23756070676382,-34.60359257146064,-5.443799130754548,10.19786505954261,-19.657961381854903,0.9120921866731725,-81.94476729883274,15.866263426992873,-21.067269201683448,27.00104927008831
2021-06-30 09:00:00,140126.70668965892,594083.0441412654,3538400.014815749,930732.4194247049,-38.743143315253285,4.396657400364327,-46.277426243569536,-29.759433614878905,13.372181911728076,-7.938339838241978,81.21232797959107,-38.19057276639541,-30.812433474740335,-29.402735778239318,-3.041080865649241,10.75680129379144,-17.675767576937538,-1.912657208731592,-50.75974869226628,-13.867525997705783,-15.460949883209812,19.75992292897319
2021-06-30 10:00:00,133379.22019943362,633902.1902031264,3481752.6829122165,915349.4243059554,-26.77333089097808,4.466063991530298,-48.81342432208152,-17.64987360068922,14.768472614391042,-9.441074565934457,77.85638520242307,-39.59955093533737,-20.00548559668394,-15.635072691117632,-0.9731490125380959,10.630366630573343,-14.62009960491068,-5.664657939073464,-38.04888852637692,-16.88972959427415,-2.0444963957117164,2.771342274871607
2021-06-30 11:00:00,133120.03379938463,670621.6838813935,3433135.2976603922,889946.8822633759,-16.220346692357122,3.6796565357776716,-49.7632083993457,-4.536350872903489,15.280695913285227,-10.36685020121267,74.74245087095998,-40.48363997293022,-10.827578120727477,0.8026383473044665,1.4207976407032685,13.455024896400491,-13.556874843167412,-7.759608832244784,-26.40058842916141,-22.315770622424573,15.605867688932003,-12.502826385756777
2021-06-30 12:00:00,143608.96321249715,730778.36945721,3384143.184041411,859480.240713793,-8.076310136802716,3.30297201300737,-50.1881956260261,8.844141287115027,15.670936693172468,-10.628409808763053,71.65509999706322,-40.15832456145034,-1.741051522173033,14.713294372806184,4.290909332295685,21.964667139101383,-12.762438938435128,-9.79783551564183,-16.15336548467213,-26.15303317266953,38.13424622197209,-28.671847867332616
2021-06-30 13:00:00,164014.58099191356,828767.2872829235,3341245.7373036593,819402.4665507547,4.311054414658012,5.5318787301064845,-48.65760342857998,19.375277023556453,16.521366672940385,-10.393814485703475,66.47246317557567,-38.789834670733796,11.959443125361874,21.226488291568174,6.548814683792358,29.228810116149283,-12.636622877603578,-11.051646139956656,-0.1296188443835291,-34.76253703925728,53.46602289530273,-40.29469192135929
2021-06-30 14:00:00,190760.42893580213,941225.8022934848,3293159.4993226654,779908.388506105,13.027231868230542,6.0520515755315385,-47.65929081728653,13.128234810903043,17.58847445351799,-9.9251628229779,65.1469821163212,-37.03123450715958,18.469663193292316,12.809982028533543,7.804320085872407,21.334958271479827,-13.430078042686477,-11.480170357074352,9.295129076116499,-43.945001209951684,38.33630432982923,-35.236461478104346
2021-06-30 15:00:00,220205.6856101949,982378.9868375782,3244549.1753963167,736745.2399798194,13.586229742268781,5.69116028705542,-46.93356952852094,1.0010959917575986,18.820889659387337,-10.348760140094324,65.04760404397999,-35.839946324310105,17.009821062793154,-0.5728661692598003,8.319769311289404,10.895376820198402,-13.55415876532879,-11.05025652924787,8.776269681226267,-45.25442302305662,16.554072664994905,-23.144975725216305
2021-06-30 16:00:00,250662.76797708584,1019672.5153989133,3195569.556212298,700346.5414955204,12.39476476038071,4.661802910196188,-48.734078237779855,-1.6716108437897914,19.822294630524333,-10.691596329878578,67.71770028772906,-35.487945404389656,13.439226453906134,-6.041165363971226,8.431363562565064,0.5026102370184445,-12.63324321159569,-10.014718107249484,5.6656366026176315,-44.011630021925605,4.860792812911043,-21.589240096849892
2021-06-30 17:00:00,280911.50326066336,985997.780544111,3153589.8242728277,664639.2696076231,8.871264723198962,2.4525765689537304,-50.455555307972965,3.375865019108365,20.19345398663304,-10.532106153178503,68.92889595910025,-35.18520784468356,7.278719246743785,-2.5681710191218223,8.375506391694403,-15.586608009927795,-8.437278818949384,-10.503708727396104,-0.49410630278594425,-35.78188419327563,-4.131213406594657,-29.149921209793874
2021-06-30 18:00:00,310966.41399728553,907448.9377274332,3134821.1487158625,624719.8386582684,6.55892204263952,0.8162110295882411,-49.4072936228236,2.7632042281344718,20.310550130004362,-10.559650508363156,66.20296983007454,-35.09349609633752,3.52933732754039,-4.018943383830288,8.138060860440682,-22.71576067568859,-3.3548169107036667,-11.313036638781762,-4.797356197335921,-26.70941516059412,-10.209116968779202,-28.39003839340232
2021-06-30 19:00:00,339505.54145583627,822444.3036791532,3129435.1425157613,583185.4058083944,14.35931484832014,-0.3126786409576792,-47.028900591507245,1.0954305416979668,19.45956075894236,-9.463784578799144,62.85109750032207,-34.199813877243464,10.118133588285884,-6.644113967569839,7.546934811850078,-24.03336091370946,-0.29895853890047874,-12.48587201537477,2.1340102602701805,-30.480470296035442,-13.161467152254671,-26.41038927133652
2021-06-30 20:00:00,365304.3446426061,734408.739148725,3132668.647235779,534821.5601475701,36.20040685011141,-0.5440399440623036,-43.23331148793533,3.8768327467615213,17.463875398105166,-7.717185434280694,58.53865722174778,-33.00579593866201,32.000622530730034,-4.213197753635903,6.9523638176803635,-23.811269300782136,0.6598729167833355,-12.91274951332256,25.144855325624306,-50.84587966714053,-11.673211175677615,-27.017097809357402
2021-06-30 21:00:00,389562.5609431349,651003.1647135218,3134186.2275166013,490213.609312472,46.63840171577059,-2.2931965917579795,-40.93603184797182,14.31749457837189,15.537214657382924,-4.363040386855761,57.33405939755262,-31.563642671453895,42.54330478905888,8.131998936888763,6.143657347342022,-21.963829972756372,1.2107047652299905,-12.318217038754867,34.95164781397171,-61.8257245001214,-0.9900984157707411,-36.00810079364469
2021-06-30 22:00:00,409538.67754346866,576269.1633448792,3141385.721545435,446130.39746853505,35.42974660720154,-3.8612484042400013,-38.13217098510789,21.51626790670776,13.698053418393439,-1.1496713174482114,53.29425818210625,-30.448115766020784,31.595969027845914,17.868275507490438,4.468935433636345,-18.750730524633408,3.2313032396880184,-11.693842042747889,22.339380218204443,-47.360530564511876,7.776457103762565,-40.89416516854276
2021-06-30 23:00:00,421738.89606531657,515997.9049361613,3157451.610842355,406017.9466046872,15.730434613978982,-3.334135023184942,-34.31370904621318,19.377955845600464,11.388269608275694,1.3927390184196256,47.86314833292293,-29.446903048499742,14.152654939334987,16.64378770698234,2.4200907588778904,-15.640027835409693,4.711035345084448,-10.280868086269548,3.4281207413962367,-24.56883855560429,5.679324014956087,-34.525629929583445
2021-07-01 00:00:00,426963.33100738947,463660.9629299294,3175305.176030043,372108.1472473943,0.8230314331494668,-0.6011704485468355,-29.858001581524356,13.718623112743977,9.031020549409766,3.673523045693736,44.10758406528963,-28.0035790217648,2.254615996205489,8.752241412834188,0.6811110704956486,-13.410657167685454,5.4066011832192045,-8.907542957852783,-8.128048494311486,-9.666012733695538,-2.764386652088378,-24.480588630356316
2021-07-01 01:00:00,426642.89577288524,419441.17332882603,3196379.1393615333,341883.63730814715,0.8579389128114389,0.6137912835989355,-24.967996627336124,3.1212321482927337,6.737640782458776,3.79520588236014,36.69453743874621,-26.484537424561584,5.568308960206727,-2.876141852126161,-0.08721450708794388,-11.717380860841335,2.933787238926808,-8.043646727174515,-5.353125093136345,-9.650692485294716,-13.005145878507676,-9.648338078241789
2021-07-01 02:00:00,426335.3865563563,379295.82073187176,3196428.444150316,314193.8908117378,13.840082317104947,-0.29923021707371433,-21.100287693067184,3.4611145914102184,4.537505593872042,2.9427214879332095,32.216677871368,-24.418013565593213,21.743758289976867,-1.215055041386301,0.03355939102162665,-10.302857294362127,0.5279952247737028,-7.899629988024171,9.036905897180816,-24.428477270632058,-9.485233973811402,-8.043018706908356
2021-07-01 03:00:00,426884.52338824095,345260.6008094187,3200180.704979904,285006.3013943731,20.591340130712133,-2.128475153603185,-17.54242218238969,5.104047714625346,1.7716098235172268,2.4053486344763493,24.64003284747769,-21.548334147298494,28.254754153485937,4.321137067596357,-0.3438784964037768,-8.247721146583272,-0.7990634693238341,-7.530125374040536,16.347376657187947,-28.48801426512397,-3.42054691283109,-8.628261123757078
2021-07-01 04:00:00,423859.4613822491,319912.2284764722,3190675.1871711845,259976.98811864594,9.729302537127877,-3.044191532528498,-14.869228440518249,8.54297478160754,-1.2342150261239455,2.3825392916965344,15.02315920573136,-19.52374949083551,15.875366638265588,11.158120963004162,-2.088601917449794,-6.088580184730542,-4.58350175264977,-6.590023944114255,5.83072411327353,-14.466735054990759,3.116046837708961,-10.478477675404534
2021-07-01 05:00:00,411846.58958260244,301422.8234793588,3167179.4923608257,237558.12899675049,-8.472487088489554,-2.3983903470050607,-12.62401205101772,16.102625412949553,-3.885671707283189,3.0827953500887615,3.4570570191770176,-18.908713177670624,-6.24996269848222,20.690588148582084,-5.765870332549352,-7.634113285007754,-7.011456633881446,-6.223192269720021,-12.751076060760779,10.62798548644881,7.784107124858099,-16.04111655601667
2021-07-01 06:00:00,382345.19498789374,264946.61282441637,3140192.699407238,215170.0037766618,-22.05561581726276,-0.03141291805914657,-9.274421356333223,17.39990249851765,-5.957550147055287,3.8774735770684847,-14.02231680149056,-18.638186403584072,-21.56984893491501,21.011024854226704,-9.26236335780047,-10.026954671688024,-10.400771733590972,-6.067052670582234,-25.39184194606709,34.95158224149557,3.5268871678202887,-14.103190121849032
2021-07-01 07:00:00,345157.57340643904,229228.74984320503,3092293.9358789707,193875.3497685584,-30.05273518541073,1.6452711938775246,-5.647895516230423,15.170014145771782,-6.7450663589803455,3.9250557789544436,-31.692369817274948,-16.51636477618059,-30.979310425721522,17.072388546456764,-10.32494305977576,-8.657652228116696,-18.93098234605083,-5.499080086645142,-31.987340692328615,48.46201817286527,0.942034944823118,-9.800624972466757
2021-07-01 08:00:00,308005.6049575083,202611.51678197616,3003889.626515672,175576.62715281677,-24.923011455661715,3.955275129213931,-1.1266570392262216,8.8222435898645,-7.437179259986127,4.223057256856789,-42.877823522491184,-12.141911218208172,-23.578842657287435,7.584073426373165,-9.3898042015512,-6.5418135336797905,-30.081382087055633,-4.048762773942564,-22.920361268012858,38.846109930323486,-5.89790232988601,-1.855752184825116
2021-07-01 09:00:00,277550.9831552704,182127.69240071054,2875707.98485217,164724.25779617194,-21.984405862231053,5.245154868447475,1.582105003736691,6.195059979127714,-7.631489539823767,3.991731038474974,-49.8628956558041,-7.313400202506879,-19.289276214915994,3.1481788777143986,-7.855908189266823,-5.178357576077032,-37.59539796868708,-2.2597471095258395,-16.963669643226634,32.669798545611386,-8.22018350387177,0.440698117590018
2021-07-01 10:00:00,251443.06599478715,165327.34223422152,2733202.761141125,159306.44796423073,-24.367898956870903,4.06748583627405,1.4552853711753149,9.179070504757947,-7.483858394700871,4.241957689495181,-54.62556418002624,-3.4688659945754905,-22.526334831408075,6.688757657395335,-6.641355428533134,-3.722626914762724,-39.46249502602215,-0.6776533417761473,-19.45791015442912,38.07568273969968,-2.8529999357740072,-4.93257248078329
2021-07-01 11:00:00,229733.22406983183,155324.77861441893,2591578.0206648107,159845.15373538368,-22.97140891584317,2.9813286737769995,0.8351363032501933,12.519467551498735,-6.458282157598319,4.635638096338226,-55.45440532912849,-0.7275247296588884,-21.85849612007774,10.674066602279874,-5.543904298344916,-2.2624732007201724,-38.95627908992626,0.7244184516485337,-19.075702382812768,38.634398851795204,2.640027580663337,-10.23238806694112
2021-07-01 12:00:00,211526.95504670375,149037.53518903628,2452717.551693656,164522.26081610017,-22.54328716683056,3.0425029812869133,0.35262555888258174,14.700604499972595,-5.265280003205134,5.0361116240951365,-48.37548799216424,1.181979629341106,-21.17777809017924,12.77051087139693,-4.782218854126901,-1.5046177960863942,-37.00636673709113,1.7626890757189742,-19.017723036465416,33.559782863021084,5.11737209850415,-13.767269494712144
2021-07-01 13:00:00,195301.24832011815,144491.5304825969,2325132.1801577546,172536.5150805603,-21.610601497219555,3.0336234213204842,0.4051023643367189,14.083145791903263,-3.9173377232605544,4.971424889356737,-40.46570511177874,2.4990963055571234,-20.75429243651252,12.249318562094473,-4.579148249688268,-1.2061499377039622,-32.765647560731416,2.611826159545999,-19.238788602326782,28.905556683930158,4.8719475435220785,-13.565313573577669
2021-07-01 14:00:00,178557.08764894822,140353.25563756775,2216804.88925639,183327.40916483136,-23.11585543648088,3.2018000765832535,0.3382981521251557,14.933856963675046,-3.0846448167150013,5.264195841978295,-27.933573773602955,3.468969098881428,-22.56097070285008,12.838234740727513,-4.6397085445415,-1.1585505613863563,-26.803982269470126,3.1255862117723114,-21.469119087724124,23.907148788488556,5.309310483727141,-14.938941698659008
2021-07-01 15:00:00,161895.34679941935,136149.96644061513,2132143.5078175697,195040.73580532093,-15.992895524027308,2.995167251054192,0.03781819418013664,17.078636355134226,-2.4773082311447525,4.66335094269004,-17.90908509307494,4.3544168924434015,-14.94280876634528,15.111567811176132,-4.78167335798539,-1.6528908274396499,-20.55908887340254,3.38651453280011,-15.302093399813755,13.30507354951957,7.767227333950344,-18.00872052059738
2021-07-01 16:00:00,144129.0394714534,128452.44168000227,2068779.4493678915,207710.31380099215,-12.284454878300464,2.329250183115451,-0.5000159766688312,17.96450866260314,-2.6868820484825253,3.963999492863744,-4.991491075939047,5.121874925293119,-11.378184064048659,16.696400023098317,-5.377814937324955,-2.8101081944400437,-15.28275283096148,3.2666903795185944,-12.646137584027441,2.4932090999468626,8.861150792183903,-20.319709185046495
2021-07-01 17:00:00,123175.07925067967,115917.18744064681,2022107.687434647,218560.9065378548,-12.399144148998095,1.8144509446535548,-0.8469585635935478,16.674747258630948,-2.676220901972597,3.0911147617705144,6.312279532941589,5.587416374159908,-11.691024640867868,15.937293614176362,-5.1563219618214315,-2.619024295781251,-11.349024488582574,2.9988052968365,-13.064794264193376,-4.415201308932519,9.150157256425627,-20.110316899547904
2021-07-01 18:00:00,107003.5213463391,109595.46675037727,1987066.473050097,229301.71193821495,-12.653220877480049,1.4901475002810443,-0.6571626043122505,14.561754546391406,-2.402232379984781,2.6348525940356646,10.836693254986315,5.9414611283071075,-12.45059519056449,13.961355863110159,-4.23186626983218,-1.5075392542138717,-8.506998654479522,2.742414889083254,-12.992707267046402,-6.033308427673538,8.929215197860824,-18.41796338992751
2021-07-01 19:00:00,92705.64210788798,105062.90481030694,1960857.2971223944,238306.29373925424,-13.59162557443203,1.4242893532398175,-0.5885151118076916,12.159661239047411,-1.8108158044926377,2.371319080658944,16.85364409277825,6.341156936803421,-14.26049343364045,11.103170578667312,-3.725930126230093,-0.9913093494383934,-6.8459040526708765,2.8117283238717814,-14.082450542929667,-9.519407459209406,7.372743455710255,-16.277604963786743
2021-07-01 20:00:00,80176.82443748243,102458.03943442083,1937775.9638708667,249546.15587009178,-16.0340943988798,0.8832699599891762,-0.5779739834507619,11.676981898267256,-0.7843959956907083,2.9644167371328733,23.941475717711377,6.932339642908571,-17.435967041306924,10.490264952270564,-3.3045391106125477,-0.5190108296510294,-5.536325476602457,2.9090703881031006,-17.670967553812467,-12.86573281198327,7.310284371494177,-16.27822513652349
2021-07-01 21:00:00,68912.96051147764,101326.02683681952,1920995.7536908567,259251.60053359656,-16.489951881737927,0.14386658754483966,-0.9910765676672928,16.870583846779315,-0.11016590433787155,3.351171638521868,32.98053596866033,7.377953874821845,-18.428189340135148,16.110764481398665,-3.0800793713513688,-0.24623887550017268,-1.974314617568323,2.559301400027192,-19.315998761206586,-17.47382213682343,13.129306745212432,-22.68031288924126
2021-07-01 22:00:00,58000.25296375257,100685.11953081959,1923560.8986243748,267973.12595028756,-14.052702632202228,-0.2824265852298894,-1.5647005549530817,22.817444203900866,0.5728010923639855,3.539190867421824,39.44505629248596,7.5520890680324415,-16.08460096050102,22.454508539489574,-2.773901571035767,0.13068803778235935,2.3187047243521537,2.3642963033849607,-17.68183188083187,-21.508948380978495,19.69136795949129,-29.569937523501427
2021-07-01 23:00:00,48940.86920002011,102266.98070885251,1937690.4277061922,276274.5339179683,-11.259527234702114,-0.5958466182668019,-2.2963571218262935,29.6019479563791,0.6743632327950476,3.4531736394102297,44.706984922541174,7.694560588000433,-13.171790602268569,29.88484914646692,-2.278423234360969,0.7333569949844686,5.527620198328934,1.960980011361454,-14.808160320124932,-25.623480367683833,27.47797793022014,-37.631885654844375
2021-07-02 00:00:00,41595.605676353596,105965.28989470776,1963359.764052343,282092.18203209003,-8.978831751782069,-0.8775181960524691,-3.3212898927160994,34.53562665395797,0.8514729021576068,3.5306680582083736,52.05791115207641,7.733149290818494,-10.561819313753666,36.005600569829014,-2.0403509787962544,1.027308107182014,7.1303712072641225,1.61601336503382,-12.7481738287884,-32.62741830031412,32.909784898984086,-43.974052472458744
