valid_time,10000.0,12500.0,15000.0,17500.0,20000.0,22500.0,25000.0,30000.0,35000.0,40000.0,45000.0,50000.0,55000.0,60000.0,65000.0,70000.0,75000.0,77500.0,80000.0,82500.0,85000.0,87500.0,90000.0
2021-06-25 00:00:00,-0.00015040430770566429,-0.007897307286236123,0.005651504589886319,0.032661343484561595,0.02353861109317812,0.0503071733779738,0.08356550666087971,0.11961187642230763,0.12605738245502746,0.14034095055329596,0.22623669415174114,0.22598479980742447,0.0986166801171648,0.012278761414994462,-0.014905106076997753,-0.0316423423767102,-0.040589225034173775,-0.04288431611519129,-0.035670314376563664,-0.01645261500772067,-0.0055259512566288626,0.02856649495437068,0.016131302333316524
2021-06-25 01:00:00,-0.018307122820366097,0.003064202237659171,0.009602051141633674,0.024110631212373657,0.019307188857832162,0.04546608307868104,0.07886540130581624,0.11648751956720935,0.13430920893277548,0.14193043731057736,0.23268174884781728,0.24874883071002477,0.13450672413126966,0.06187311769186261,0.04161218664885264,0.03454721338963375,0.02355533787366097,0.0172112039085601,0.019661477235451395,0.037528148940152245,0.04346776844145028,0.060232513926940665,0.05744576266791825
2021-06-25 02:00:00,-0.017245354142413016,-0.0001455573645667222,0.009222130113222265,-0.0017963225035995745,-0.00598030302144365,0.02052655051196453,0.05607296822225839,0.07828640522423286,0.09810988389044425,0.08006394455853136,0.14708629415723723,0.18905971711610206,0.11786793421831333,0.06626426234923691,0.04744107171132918,0.039230267547975955,0.03411543366672269,0.02860323253264502,0.02904067270503659,0.04472051540175951,0.04655018670512626,0.05851681884361802,0.062001618174247174
2021-06-25 03:00:00,-0.018542134374686825,-0.004609241809219652,0.022232328671843663,-0.008684777284280435,-0.004129891943331041,0.025960086971621645,0.05448555970242505,0.07227437217828665,0.09790138237855049,0.07519919980069716,0.10112153958544805,0.13960530615443412,0.08841038549844368,0.06021185988267568,0.043652391735802286,0.030805025129304303,0.028120895901884307,0.025911118087328006,0.029157002551173258,0.04679875200247881,0.03988270759077316,0.049465373592547934,0.06790183420055934
2021-06-25 04:00:00,-0.012899088958081941,-0.007385453855318688,0.026292323135442962,-0.01813543453735215,0.0025948332979968303,0.031123425908778698,0.05310424996651824,0.07317564683838676,0.08589237068743055,0.08986951720529646,0.09477361101609597,0.10719822788387579,0.050083203342944166,0.030371199192886566,0.007165962819392848,-0.015490637713231859,-0.02638425241832918,-0.024836427820227616,-0.008919348542621438,0.018636894227664187,0.019633984638668372,0.025968403200882,0.0435008703345985
2021-06-25 05:00:00,-0.016369606503945623,-0.006119155610853925,0.039666487312800806,-0.021817405087202233,0.018607165561538994,0.050006569764392356,0.06750269964918837,0.07504287183349173,0.07300020960829122,0.10258166351860361,0.12066348567560808,0.11428231877147914,0.061363122819524434,0.04443718692053908,0.008757206388210204,-0.02230599803095207,-0.0400212764678335,-0.03559216550276566,-0.012325255741806181,0.016776429949123553,0.02070582297574449,0.023852759842987445,0.037342236334788316
2021-06-25 06:00:00,-0.03427727598716164,-0.01741260526334945,0.03797594090131817,-0.007730586220699701,0.0433173412376249,0.07907724594666943,0.09003611684043006,0.08344495961890196,0.0695555168365451,0.10879131078757463,0.14197844549788005,0.1383065093103194,0.098079800933022,0.0900768733512257,0.06731071277614435,0.03259688985780899,0.011583836481654026,0.013495033896645492,0.030337591454462652,0.046298079549447965,0.03804654560261643,0.043112582278041954,0.052269654437574795
2021-06-25 07:00:00,-0.03273952771091409,-0.0229650427608725,0.020761741997340107,0.009350234571399812,0.05422142857316562,0.08437211264215316,0.09596503074624836,0.09703993127778268,0.07859625338236992,0.11461466845503433,0.12886927079340404,0.1545452879579938,0.11981301412705021,0.09607417038385592,0.09652520362255312,0.06069756095996263,0.0417952373244075,0.04281433863523459,0.04999513491162031,0.05128997999825792,0.052353525827883975,0.055940083349514357,0.054667884047630746
2021-06-25 08:00:00,-0.021664435087998906,-0.021015192613135964,-0.0007555406610776895,0.005294495720575917,0.053379406513677306,0.08161741570794054,0.08912257145709238,0.09825482373276942,0.08805107509804626,0.11891648765146057,0.11388277953017516,0.19032033009417068,0.19693406960840842,0.1755079237307398,0.18013904544731107,0.14634705206446055,0.10065523707585528,0.08874612835452453,0.08445621111710133,0.08325271699030082,0.07830640740301019,0.06700284950015575,0.060616569126303255
2021-06-25 09:00:00,-0.015783451709645173,-0.01665478872278068,-0.01731228061287831,-0.020503087846573433,0.04293476371448605,0.08938750227748003,0.10110190907441356,0.09851402782631585,0.09400212101315762,0.12692917089417757,0.1093221004731442,0.25698493622890956,0.32752449011258855,0.3011625004578827,0.2914700933419648,0.23976696427390337,0.161346804871005,0.1348711429550222,0.11615146376932639,0.10524853145635886,0.09369444683045253,0.07816384545987647,0.07254119689740009
2021-06-25 10:00:00,-0.016765357844472955,-0.01045458528426035,-0.02109524434385665,-0.038119224564840244,0.04959262134937345,0.10437733034617777,0.10188117725935189,0.09643119204728556,0.110623202575108,0.15717661305722222,0.16672009743428495,0.3440906728156275,0.4315177644703902,0.3741500892298252,0.35143922734146416,0.2974541529030878,0.1912540984737918,0.14894391512691127,0.12064463936187887,0.11274251489596503,0.09651411977382794,0.06686460734889328,0.05821019768844197
2021-06-25 11:00:00,-0.022179437079706314,-0.01555550269986219,-0.03847568940841361,-0.05407421947528411,0.05372289995287966,0.11645864146307662,0.12401747767802063,0.13490522512933267,0.16340862389596547,0.24058143608847443,0.23243818437251534,0.39573029934500525,0.4734572502723139,0.4087865919813976,0.3922878542110462,0.338119549395399,0.22490049920230124,0.17375064961014733,0.1405899836414881,0.12952715888484498,0.11093308251827036,0.08269910098491111,0.07511757094518835
2021-06-25 12:00:00,-0.013264882006300134,-0.010427657218011891,-0.05211512173595584,-0.09430009568348102,0.027283032922327755,0.11716928589426011,0.14823291987991055,0.17248660651003617,0.20858906162868612,0.2921062482564975,0.3029460993948631,0.402301768365621,0.4434953469942188,0.35220804791089805,0.3228520846985619,0.28797364422465815,0.19333075279161532,0.13773229302606455,0.09213938287471214,0.05637472125361598,0.03951417860117352,0.03948171263566137,0.039991940894194784
2021-06-25 13:00:00,-0.006603517259291153,0.000425586417489722,-0.026441556479015235,-0.096777248350413,0.02753054616451434,0.1294960204899046,0.16436159968899064,0.1901019834351761,0.22235813872494295,0.31210858281605447,0.3565602400361482,0.4218290337301115,0.4769096552641748,0.3848632750027109,0.3236292611868804,0.284886167686816,0.2264763558158831,0.19373656603310135,0.16076471493214728,0.13343359386189182,0.09461367880718528,0.0765673897583743,0.08149454435391854
2021-06-25 14:00:00,-0.0011591512682898046,0.009943845650897273,0.003887830219285196,-0.07713136953524695,0.03183794049481346,0.1120702391520886,0.1426505578875622,0.17636991670384952,0.20904147743831786,0.2867365074308179,0.33109198913500804,0.37537706974984675,0.4502566540336485,0.37031015515631005,0.28410806406914274,0.22854994805211734,0.1757389399823772,0.15224548879936262,0.13148536067164943,0.10683127417749687,0.06184909984158328,0.04272747476422714,0.054749978006953616
2021-06-25 15:00:00,0.0001468105481061057,0.017164756114820188,0.03151212476679974,-0.024534347802317526,0.05051883362087705,0.10415971353630635,0.12524614318467162,0.1598458577603458,0.17939045870611697,0.24135754278346935,0.27875039156764353,0.3167824874042622,0.39557384337422546,0.36540775246293056,0.30829656525536114,0.24074738980027371,0.16465834344507727,0.14135085997681768,0.11834884621682673,0.0919954551498285,0.048719997262827656,0.03366140059540199,0.0528488988822639
2021-06-25 16:00:00,-0.012808001176059906,-0.007204929820070717,0.01380671063260131,-0.020663397673171706,0.04492365488940115,0.10025862454829101,0.1263425251290188,0.15832178730759244,0.1840778686094672,0.22471203542366594,0.23773296230271945,0.24103618812105185,0.28796873195105466,0.3263463272762837,0.36279256053048264,0.34496746599428807,0.2681494630140921,0.24016138211913246,0.20542196296483636,0.1593068574680347,0.08384864650607105,0.054943607940008556,0.08205424576656034
2021-06-25 17:00:00,-0.01932614251587905,-0.017655914473394277,0.0013300510934187262,-0.019124472769398188,0.02957447871000381,0.08653316567164307,0.10812009345782508,0.11604203927683848,0.1467525014271535,0.18135415262443486,0.15176846836367777,0.11745795266774818,0.12215803517550529,0.17972652562698843,0.2789770858930304,0.3512312087053606,0.327036898997464,0.3038341432252109,0.27223413897530907,0.2205339936598111,0.12596621965455093,0.08072403247785635,0.09914436345597846
2021-06-25 18:00:00,-0.02324168331220997,-0.022506926338900307,-0.02563625973209925,-0.04712642842672123,-0.01613260768068803,0.06927611496085301,0.10352265394989754,0.09658061909923574,0.12233194677587243,0.17060798810265407,0.13691533334321698,0.07246069442605539,0.06097493422152033,0.09851408426816934,0.19885990231790918,0.2982086314388713,0.33839021879204,0.33639538257946183,0.3181054318679291,0.25761848870877263,0.1574225346304188,0.10192323015155759,0.11813354156097386
2021-06-25 19:00:00,-0.018943688827441803,-0.007794145575358026,-0.02335481918935279,-0.03937151683056169,-0.016273477494202857,0.05184501682660482,0.08173817066431366,0.07391297195057535,0.08543417314600514,0.1300368437704393,0.10753316140971361,0.046293071322957915,0.02052211422252948,0.030972129499126574,0.090057543585491,0.1661638074113184,0.2318745310301299,0.25520502780947407,0.26417771870352325,0.23270809846755053,0.1581382421517078,0.11119583726058684,0.12183208231948534
2021-06-25 20:00:00,-0.024945165196013235,-0.013551239974499528,-0.03741653768027314,-0.061023428409579625,-0.03352474166699086,0.03204380504096608,0.07180371547183728,0.09923218020747127,0.10341816242247998,0.1397397823764441,0.15207009914317113,0.11141780936635663,0.08061623972876865,0.07006142564205005,0.07882555601848364,0.11875299395694232,0.1731616618789167,0.2012140559015912,0.23181520478058448,0.2282912278599038,0.16148332147256592,0.11835326742889943,0.12953949235933498
2021-06-25 21:00:00,-0.021820827441060314,-0.0036183704257900205,-0.03021201913668868,-0.06631396608290994,-0.04400183110971875,0.02296211275693076,0.06057241446953136,0.09153481479864431,0.07821877613376443,0.09364844510971836,0.11446385449106708,0.09853165183064193,0.07791779762395554,0.06538190561450832,0.053780605529885055,0.07598433917665938,0.11727714218097024,0.14412082432185194,0.17653381718736114,0.18379111924698457,0.1313529759091592,0.09325855640387123,0.10378871129904452
2021-06-25 22:00:00,-0.027013366581518067,0.0014804692379049873,-0.018988399079889043,-0.06573555685614753,-0.048512878162602184,0.03225874214632451,0.07708715862864364,0.11404094900690177,0.08877014079370162,0.06662305521998847,0.07106919681901167,0.06290195201617951,0.060408478597635,0.07315416072628686,0.07017838337976223,0.0721617787719681,0.10477567045011059,0.1272582834712035,0.1533986712128978,0.16607104052608437,0.1522473602517007,0.10267252471207339,0.0971711685309672
2021-06-25 23:00:00,-0.026350408196869117,0.008371428919998085,-0.015054204279330593,-0.06664899833364693,-0.053773362438939196,0.032485761388037555,0.09490048287539403,0.16143343123923892,0.12410355210602414,0.07898561410768322,0.07403533133507348,0.060172692660398354,0.07077592458866577,0.10146100823139853,0.11488856560170779,0.1310014817606392,0.14843828243765478,0.15061441780201382,0.15485124759796923,0.1542784784608526,0.12975182158658016,0.08125926343482145,0.07585166524249488
2021-06-26 00:00:00,-0.01961301239792722,0.025922909304624396,0.011251591438551214,-0.032942315780094385,-0.027355394193103618,0.04403955207231077,0.09532298166691949,0.16567034803626662,0.13396735069527432,0.07694056384008721,0.06891487347764538,0.042167850698235636,0.048374263312581545,0.09186916263972704,0.1230811072645275,0.14091768034977814,0.13887573220807906,0.12861907277354884,0.11779989474950302,0.10818194061259342,0.07987356413499247,0.037049205920194166,0.0286954103827406
2021-06-26 01:00:00,-0.03095074681511516,0.009240196233911101,-0.00047510487854221625,-0.03499460178090525,-0.014261250505393919,0.053311538926669406,0.08820614109292811,0.14094852753205436,0.12898756111691942,0.06285030258590234,0.06087474003453591,0.03568988151065962,0.0366812237398472,0.0757779441921767,0.10718122639994732,0.12189046152819659,0.10878603780582528,0.08772268299135022,0.07078581596280836,0.054298791228179086,0.02740048023900499,-0.004325413397950546,-0.010866040742533958
2021-06-26 02:00:00,-0.036995772745577686,-0.004973195147449252,-0.022105224298597573,-0.0515790327408266,-0.010657489934404643,0.05091482664517568,0.07561880473967596,0.12855624894008083,0.141988397294258,0.06179991397611192,0.03777958598851061,0.030302918344937004,0.03178129481520873,0.06243680492046173,0.09200254169562104,0.10318020897718562,0.07292546947205832,0.03488528032783191,0.003998389911417096,-0.02483879095480676,-0.04943945802361906,-0.07712770476466914,-0.0884728713760009
2021-06-26 03:00:00,-0.03192691868670086,-0.004332875677434312,-0.029384783188083102,-0.050461023057322876,-0.003802273401459723,0.04749818392226085,0.0780738760367762,0.14069898062416486,0.15264398331007842,0.07909639599915516,0.04893407975344684,0.0312254589154078,0.037692694221881914,0.05629036723739998,0.08950777330509539,0.09669483533064692,0.06417826809987509,0.02269386159190723,-0.022426807828347887,-0.06123411501899999,-0.08831034055243041,-0.12193567948514747,-0.14230064652452157
2021-06-26 04:00:00,-0.02593739191597474,-0.0075217376757599885,-0.03765667291724354,-0.05174275860947719,-0.006520090803418042,0.04814462102660328,0.10169458143033479,0.16491096582675785,0.16126369646499367,0.11085224092261074,0.07868914539000413,0.07009589335446448,0.07571970269764015,0.08579690622332009,0.1064741225297453,0.10215909477570598,0.0712116165977343,0.04088529455236196,-0.0035751275418643646,-0.04536062917059308,-0.07534566106710881,-0.10539450180577613,-0.1189318104891026
2021-06-26 05:00:00,-0.018343790639501954,0.001225363793019461,-0.031744812279818686,-0.03447358271556219,-6.641039616600762e-06,0.04169436570576571,0.09376880377570049,0.133699025967443,0.12127915408868573,0.10565464594808396,0.08840871654845792,0.08326825352500113,0.08574262175263374,0.07197664899782809,0.07852657476245029,0.06387840800641566,0.024522587489437565,-0.01631532267418062,-0.06782840593640448,-0.10828775898479434,-0.13250975774972754,-0.1587773511011954,-0.1790061731396175
2021-06-26 06:00:00,-0.02483565242094648,-0.01523341273036947,-0.052085782344409345,-0.033018983036473326,0.00022973075849307443,0.04410024662522648,0.09728241286023988,0.1174052360214182,0.12647244961865536,0.149381379863564,0.14292236417647097,0.14465559847149134,0.1290309160429382,0.09450252976641704,0.08372357093350698,0.0641138847176778,0.017303251826813335,-0.023432605803888694,-0.06329030718303959,-0.09436087232612426,-0.11350821052741825,-0.1340366227659442,-0.15288274994973072
2021-06-26 07:00:00,-0.019757072977252516,-0.02023868241515675,-0.05147757659986477,-0.020520141256296465,0.004780139246150528,0.05258367336384416,0.09981964504889823,0.08600182335352272,0.13965197921487488,0.19234668985811448,0.18725788951750047,0.16804620421467986,0.1186405686486618,0.06091464160352787,0.04917210043183353,0.02560855508675213,-0.025860568707293675,-0.057178296632996436,-0.0805081833465225,-0.09730654678716402,-0.11340332570585829,-0.13487897586075437,-0.15433934706413907
2021-06-26 08:00:00,-0.014821153635049598,-0.008869224817236433,-0.018826981427827287,0.011164335370589331,0.008745786379990588,0.04254263467508219,0.06348483936239753,0.018264551539062264,0.10910117642692127,0.17631046484762503,0.14270446507380094,0.1037838218967443,0.04682318549941793,-0.013607018942545828,-0.0019012016021845576,-0.005112347534380975,-0.04509542842984082,-0.0806974168807665,-0.1128224462489638,-0.13378720744430195,-0.14775891754049275,-0.16655408832410756,-0.18864440409027453
2021-06-26 09:00:00,-0.033382909323116085,-0.03523775309941801,-0.023797289621905703,0.015605627584986712,0.012746964272260422,0.036202579301734,0.04328328411081654,0.008960715837821893,0.10955780733726875,0.15247104146074686,0.11465666210005102,0.08675380964915883,0.05276085090325794,0.015652446224526183,0.021280026363387092,0.018688299014147102,-0.0099798224054434,-0.034949428348793624,-0.06168979859989296,-0.08791280659416946,-0.11300935161042043,-0.13650460735839492,-0.15133880777533465
2021-06-26 10:00:00,-0.024943322285624674,-0.022754747462768853,-0.002424733406239677,0.0242248949418029,0.024171430715297662,0.024472511081149798,0.024806346515760497,0.026117968855770383,0.09953562360349343,0.1291074067055274,0.09127605802547153,0.05446178991425727,0.04605445930966159,0.04699518089902516,0.03355835894568043,0.008526338725979148,-0.028091664674611737,-0.04798629609297478,-0.07149222198216922,-0.10240563468248275,-0.14476274799911892,-0.17147891497146273,-0.1800411059068524
2021-06-26 11:00:00,-0.0230934323585997,-0.016508863303208696,-0.001416599540662138,0.02346885952996833,0.019564671127477635,0.0134368948469291,0.011537408674394404,0.061406363874169013,0.10931102507331449,0.10992252532198528,0.10648006614076327,0.05383598729679135,0.04330050893733452,0.0816276732955074,0.0690024897237939,0.02759400914742747,-0.012396906125456906,-0.03071235825704677,-0.0552762896576761,-0.08828924320488332,-0.12994518911117434,-0.15859953123811243,-0.14456344725840037
2021-06-26 12:00:00,-0.018842298203730203,0.00016557071741143319,-0.0003004310422350671,0.029498962701319444,0.012144865061242759,-0.00014880424017792097,-0.008376539203172184,0.03642792170540816,0.07999384597844389,0.052426834856245934,0.0802319546817351,0.042526133186960684,0.007324042178249623,0.06288159318914786,0.06559156773095834,0.021085468728827324,-0.02519869601399789,-0.04503893492410427,-0.07427207055688977,-0.11200634071804948,-0.1510331074712744,-0.18160707067062914,-0.16549993259525694
2021-06-26 13:00:00,-0.024066129365777934,-0.010509917413006577,-0.018094088108115514,0.012851443932332559,0.005984688529543475,0.017935990652492222,0.013899894461886688,0.03378865079944622,0.0518792767642417,0.0058035853363333275,0.04232842598002935,0.045222367490267486,-0.01156325178757447,0.01966242235830896,0.04221115643881706,-0.002388021893142208,-0.04582615863899179,-0.058819608685259796,-0.07577908925111666,-0.0997385240130681,-0.1267924143727687,-0.14905149772454918,-0.1320526501025433
2021-06-26 14:00:00,0.0008341120058327226,0.0010804325603949708,-0.0177993992377064,0.004890149860124275,0.0011730584271760036,0.024008919818072037,0.019953655049870612,0.025889327043965474,0.050413245303216433,0.0013613253573136253,0.01658117250823079,0.06189745879827721,0.025721974343198225,0.011083712542487042,0.03243903399554398,-0.005230533535771962,-0.050550043783260744,-0.06298046153995317,-0.07894907637526992,-0.10001419810037712,-0.12690508317298974,-0.14900800926221983,-0.1580562293790128
2021-06-26 15:00:00,0.0034623445690466744,-0.0030364300237435003,-0.026185255220261747,-0.02156588124271319,-0.01084663191306704,0.034871867213732366,0.0424529590759598,0.09694445353079349,0.16204138951440022,0.18170128157226048,0.16770307228693426,0.212881238089207,0.2179025560857216,0.1723782349015525,0.17465180984835432,0.1331328929835208,0.04670789963185154,0.020472182764175742,0.003414993576845834,-0.01609645229405371,-0.04168825452504939,-0.06889811618337098,-0.11433567140963352
2021-06-26 16:00:00,-0.003277253538697876,0.003611691385285585,-0.009954319648833018,-0.033952122464249404,-0.010264084222708175,0.038238975091827984,0.032849283817104113,0.12011572700212152,0.20504696775660633,0.234078402081657,0.2398441461614124,0.2722478001805469,0.2915915535682057,0.2494733096933317,0.22016633889046916,0.1489607079495353,0.03598528858210684,0.001281052296245375,-0.019279498965230162,-0.04087472576522485,-0.06541717188978946,-0.09214751390259401,-0.12964780618576158
2021-06-26 17:00:00,-0.0188601318530417,-0.014639147291991565,-0.011922986640857057,-0.04008330260623879,-0.007284275343505936,0.03738386704327642,0.03205856693141374,0.10404520934527703,0.17244598133392816,0.19851659690339263,0.23288355685801376,0.2915514156353772,0.3260910166004426,0.3091047875507327,0.2545175425686392,0.1538996025670567,0.04344400514442175,0.012754058263361167,-0.004639746270135934,-0.02562505687442194,-0.048095334397521734,-0.06524314068818991,-0.08163049816251979
2021-06-26 18:00:00,-0.012929407227891626,-0.006657272716133704,-0.012279580107153165,-0.04573953398868846,0.0012835441835741539,0.036049577634068915,0.030842926786619183,0.10183479702589057,0.14029348483474147,0.13711311735882312,0.16978369206755645,0.23640998924318793,0.27936227953134596,0.27877866571789534,0.2205968650358502,0.10097758222885046,0.013191829365874845,-0.007458438891690822,-0.027080843168989784,-0.056254184576922266,-0.08836854562340543,-0.10051528743814686,-0.08781651715321453
2021-06-26 19:00:00,-0.029801066304625458,-0.023362835972485167,-0.02251779297630649,-0.04542208810975334,0.01230732236947049,0.05412787593091201,0.07128297262413695,0.13515116801732097,0.19254536193922245,0.187723274706999,0.20362116600677743,0.2424927905812822,0.2827732748058427,0.2936482731798069,0.23985560800523117,0.11378301720690523,0.021816829813494466,0.001131627795539004,-0.021210501935127447,-0.05671926972894438,-0.09057536115063795,-0.09262500196290985,-0.07617653127455583
2021-06-26 20:00:00,-0.02803287700590241,-0.018545897989799075,-0.025282924183273554,-0.0363404996461933,0.012941894825503905,0.06389524853367866,0.09678003544155679,0.14650971800830165,0.21314771307588828,0.21923189682617245,0.22054031675315222,0.24338018089583757,0.26788987412135795,0.2686486774199006,0.21498241841038662,0.08829475441047996,-0.01301395211755212,-0.040702943934934344,-0.07070122390695585,-0.11024516764908877,-0.147774799046751,-0.1524139854770111,-0.14024735512405495
2021-06-26 21:00:00,-0.02785328971180886,-0.023897280680205142,-0.02171320361999015,-0.038738154359701994,0.016257969462175892,0.08316811591514972,0.1347737216421686,0.20154888204396054,0.25393569142135736,0.26776482810963753,0.25094067240484863,0.2624611685612188,0.282281827443098,0.2696479319519482,0.21871532314151745,0.10280495810577932,-0.009313207807438294,-0.04034018821464012,-0.06439691292880649,-0.09088165061436618,-0.11558894950793067,-0.11560160298994433,-0.1004988412477652
2021-06-26 22:00:00,-0.018304502939555205,-0.020126239477586346,-0.005451161233536,-0.03465275672231277,0.03832169375532168,0.10669235283644693,0.1468223142370124,0.1649570798539901,0.16793097038818988,0.18139809470437568,0.19032725742968729,0.19601735637641887,0.21186596270561586,0.19603307268755674,0.1359954568512231,0.04268101666788782,-0.03762282034071636,-0.04575114341488104,-0.05328094725034537,-0.07061746824977418,-0.09571427428721613,-0.11371168083716955,-0.11723193294015227
2021-06-26 23:00:00,-0.023362889994573005,-0.011033850516873793,0.004847022664650513,-0.033311352473938266,0.03219929040133518,0.10095773983540415,0.14165616816108365,0.15901489733646718,0.11987216225364132,0.09639344050492905,0.09524305120831755,0.09085562218418866,0.08241010486792046,0.035986490672244735,-0.06062766999926352,-0.15857014324000407,-0.1934190806197973,-0.18603260505529431,-0.18793648855577816,-0.1948903736271375,-0.19097727049565372,-0.1776123497876695,-0.15791782626886422
2021-06-27 00:00:00,-0.027345292309040196,-0.004037672786249817,0.01437111626606747,-0.02275004617270331,0.032869147059749644,0.09972846202544378,0.14470021972498576,0.19067059328460412,0.10356567798329702,0.05603195606712359,0.07355253320893683,0.07931518967824201,0.06866748139811264,0.01971421245470063,-0.07082493941428462,-0.18256742316662908,-0.20278595874575017,-0.18441762784134144,-0.17731359449267212,-0.17487216905042852,-0.16042660862251334,-0.13536860335717385,-0.11578438331987875
2021-06-27 01:00:00,-0.03825972647741433,-0.016562890882722843,0.020250939882961116,-0.016547118309566396,0.055737892953472784,0.10630974900798476,0.14749363781383334,0.2126997920868033,0.10813387650543552,0.03946668801604485,0.07487200580571075,0.09331453034703763,0.08228534549787052,0.05341342486550179,-0.02115072784971971,-0.13928955114245367,-0.17604095686473684,-0.14728346401799847,-0.12372115822954573,-0.11465982760657407,-0.10520755415626915,-0.07038642082596762,-0.06033303242739542
2021-06-27 02:00:00,-0.02701585043221666,-0.02815627636184662,0.008029736855346819,-0.008351399387167169,0.06898757770923322,0.11568603266265794,0.150950275246107,0.22496140537907544,0.15351472622475754,0.09583977834116482,0.13967865662077134,0.15413352348618667,0.12007977943041635,0.06875023754108366,-0.00788272035255664,-0.12906312260236047,-0.17904079066592887,-0.14974836056051366,-0.1172192782120104,-0.09929854286942698,-0.08792841347827589,-0.041612875022730894,-0.0202612570530288
2021-06-27 03:00:00,-0.011082317175744377,-0.019033431829394393,-0.016050410102431373,0.0036175687613313966,0.07490092717370675,0.12696516036143946,0.1686034971848272,0.26109862356604324,0.19390711754137605,0.15201288459798737,0.18808676531260038,0.20875543616115758,0.18371963302659317,0.12916661136388236,0.05716977861502574,-0.04968382679083165,-0.11490013198129434,-0.10254591741350974,-0.07661593972115413,-0.04887199448930148,-0.016713153992774493,0.03754191479468937,0.05406449711452733
2021-06-27 04:00:00,-0.004067779970224565,-0.002547976996156451,-0.024445921225539104,0.018805700825110426,0.09928470510832299,0.14613953884795391,0.1873026396003128,0.2963693826904129,0.20652970389466396,0.15866766180547057,0.18237401969416955,0.20545310882938458,0.18095677028720716,0.1281053066967749,0.05860378452083085,-0.03427837827042157,-0.10183078832458432,-0.09975858215003865,-0.07730198290370136,-0.04892985840804289,-0.0009833316569833384,0.05960416978710624,0.06978568994496426
2021-06-27 05:00:00,-0.006812328030486571,-0.0015496805202704978,-0.019415194013049406,0.028239855736134266,0.10949875154192831,0.17455274705082643,0.22907670634306113,0.3032780015946269,0.1526227759616093,0.09888977165212186,0.14828372574979742,0.15446297037913667,0.11390133519674076,0.05275568957394902,-0.0005734864149414795,-0.061720577909490704,-0.11332923458878733,-0.11641414080932565,-0.09579194588382844,-0.06678876603755965,-0.007807842184913343,0.053794253925808506,0.07352509699470344
2021-06-27 06:00:00,-0.013712464073487033,-0.004482220227438876,-0.015733967306142283,0.024178395165248334,0.10893571286026686,0.18776467293663845,0.25123295639784204,0.32440451539263465,0.17756254424707305,0.07415122736152326,0.11382587706167287,0.09494525390077824,0.05860936137352571,0.013644914231591618,-0.005373414935491092,-0.037559458675029196,-0.08523763589775893,-0.09593031573238739,-0.07728375952746026,-0.05119001508937881,0.0029816814328062122,0.05861142439237534,0.09949836146710056
2021-06-27 07:00:00,-0.02071438133843571,-0.013169535082766614,-0.012856723339773135,0.01218406217035824,0.10350489256364027,0.19424068865402583,0.27632758563294957,0.350244514530537,0.18898656473707823,0.1062650280773202,0.17411631029857488,0.14168083541532542,0.08549939081591666,0.038226821399339334,0.03464621857167885,0.018345997291089468,-0.04557688551927603,-0.06740632079878671,-0.048300035884547086,-0.01564382740783233,0.019212527402476188,0.06952164386844775,0.13092689414649117
2021-06-27 08:00:00,-0.013157104600978369,-0.011444877875914134,-0.007228607991799728,0.0027463119890396735,0.09865816986960736,0.20116009041585695,0.3097712068276154,0.4077996692408185,0.2462955147572371,0.15685966790051742,0.2894705464025571,0.2908427133761988,0.17900336199836034,0.07770726380802331,0.044521787144145994,0.03797095498299304,-0.020599565022598066,-0.03901939447850947,-0.011278096688477374,0.024841508710574653,0.025759739629145014,0.06499774624696815,0.10961186334762885
2021-06-27 09:00:00,-0.0071055448496649305,-0.003798840910731589,-0.007805305183989636,0.007344366728015873,0.09342403165675965,0.1911611423107394,0.2874152502024286,0.41052409067677886,0.32102428279187045,0.20710272034542243,0.3180520982796047,0.351819078355738,0.21123172564264733,0.09051619984771637,0.04768976090991426,0.051933706872143555,0.03038262895878137,0.02877971131823827,0.05464365104437131,0.0920199533019595,0.07412414985683698,0.07727273348279014,0.08724162240482312
2021-06-27 10:00:00,-0.011557639548351225,-0.0027308786911845783,-0.01297375296402719,0.03160626725518229,0.10221543892682336,0.1751606805571904,0.21501329175610262,0.28922835599750035,0.19540324508773219,0.1244898598586666,0.2063348842596798,0.24389375077658934,0.13810197768687577,0.01361779375904969,-0.07198783127672254,-0.11204752933150774,-0.11127868583572073,-0.08196758328820124,-0.040418771717976754,0.015554033886170496,0.008098635872182923,-0.022502752675523093,-0.042292855796010255
2021-06-27 11:00:00,-0.01084584800313542,-0.01245073575770558,-0.012767042995006922,0.056276796432940604,0.12306170848612735,0.19826497901904086,0.2490137919002542,0.34814492241475126,0.3438040566285364,0.31858645003252845,0.3800406737007791,0.3844416756294912,0.3553544308686207,0.2994817121858421,0.215983519426575,0.12486915469500845,0.04477396767920776,0.04867296893719949,0.07009156839942175,0.09430915583061755,0.05969428012099218,0.010549602049296173,-0.014537966079551426
2021-06-27 12:00:00,0.005687007998747698,-0.008286357763596475,-0.012945587187556005,0.052507361720144786,0.11864335909789117,0.1472076622286863,0.1662907032121241,0.30109268772878095,0.38660242390683086,0.398151301335911,0.4339247326869402,0.37627825292477235,0.30404071960239415,0.31953108146370945,0.27606632930434527,0.16190617550997036,0.04247289027535699,0.03306465913894476,0.04372300079062677,0.04148458361022242,-0.013040584862764748,-0.052631654989192686,-0.06404174251807018
2021-06-27 13:00:00,0.0010913366003935975,-0.013980584049395147,-0.029165303515721185,0.05692647756394007,0.12046828754061818,0.1489160418704099,0.1663181954338776,0.3413068269017411,0.47158061793556477,0.4989133312356642,0.5046568690847548,0.4129507126620208,0.25881511543284064,0.27281371027093154,0.29623185561264864,0.201817403435727,0.040423284887032826,0.0001940461856841611,-0.007818313204558924,-0.0137404676312825,-0.06165854613979114,-0.0843023027794223,-0.07435245562215483
2021-06-27 14:00:00,-0.016314185074987206,-0.02247397241732189,-0.04065082590285124,0.05545278746863733,0.11816223806537773,0.14752700997005994,0.18564151640218518,0.35278896003117566,0.47144816181107047,0.533018160425933,0.567271352316594,0.4500135895400375,0.26448748545538997,0.2854289659693681,0.38935061716301084,0.3474218203144012,0.13863972212899325,0.04693248512572476,-0.005525703897750601,-0.030836030295287156,-0.10584725008762744,-0.1311382433557639,-0.0894834661315581
2021-06-27 15:00:00,-0.02219886533896782,-0.018381976014071336,-0.03858985877369946,0.05784915359765655,0.12039218227306099,0.12748220235934227,0.16299721492974628,0.3372497565210779,0.42791433091933434,0.4626346566598403,0.4907032521365268,0.35844986184581096,0.18072765302436705,0.21791826690075092,0.341951500838767,0.32031532093147635,0.12435238238082552,0.041144413240934624,0.006980248934795404,-0.01844207313810122,-0.07660968729382876,-0.09915719966829373,-0.054879540128776085
2021-06-27 16:00:00,-0.03249636995161575,-0.02236603687137938,-0.04714858078461057,0.07082540708859407,0.11446335189592996,0.1287384095931318,0.18390497959023405,0.34452474756130064,0.409656842338153,0.421151573264735,0.4436206665128952,0.3553532116989844,0.15831231414648916,0.17840495510727356,0.3203377818155816,0.31031839239630765,0.13347372531428794,0.0816289071566763,0.09270540508237099,0.09305213451304237,0.01259927277985192,-0.013376492384405829,-0.00084139703742928
2021-06-27 17:00:00,-0.014881338252368976,-0.005831305454558497,-0.047334090041617226,0.057563306606894286,0.10431802043871816,0.13375331944445842,0.18568704558209934,0.27964989196332873,0.3127365357052187,0.33443937160846504,0.3375292847601694,0.27889369242047196,0.11321235392790224,0.12466794921655297,0.2618025185416,0.29227641880214716,0.13610936828752312,0.09105065937059387,0.1042730796640402,0.09813783899707947,0.007221724167676231,-0.022692258473492127,-0.013685900059892456
2021-06-27 18:00:00,-0.004804712880076436,0.005890746752581366,-0.0636275644658904,0.03601879571925615,0.09159807013863122,0.13940889575659385,0.16716784293727022,0.21469515153052782,0.24435191390825983,0.2526638714961013,0.23559609097187642,0.22242745740490483,0.11586002393431474,0.14925460535204957,0.2936989998507507,0.35621420426182726,0.2160410693334063,0.18528377672103566,0.20061990493193832,0.1765076241189138,0.03752005648570877,-0.0014029237944264378,0.017021478333496896
2021-06-27 19:00:00,0.003815385905647927,0.029004031925033875,-0.07093817564026281,0.0260914267085384,0.08873711204779391,0.13174498978477192,0.13441254624553275,0.09421234681119772,0.11750059744764564,0.14741580691749023,0.12104094760793176,0.1394248746405622,0.06580434900267845,0.09578453647973896,0.19865346559646418,0.2651655699512633,0.14583108572747627,0.11098949637544067,0.12196002128750841,0.09006548321653572,-0.04264559580873802,-0.07233377349867373,-0.04652389678092428
2021-06-27 20:00:00,0.0005675330304754344,0.008898942792148468,-0.09166032083506007,0.0052451032965460795,0.09239317803982007,0.13776366554488617,0.12389299761473448,0.013732237488458652,-0.06511290223000639,-0.025103585661129545,0.0037964291532460726,0.04365434509755905,-0.02641769418800142,-0.005780454005746682,0.03941107422667725,0.09701821501594662,0.052541165492722926,0.03245803831707063,0.04806694483046159,0.03580821297599232,-0.06123971939541739,-0.08184667663289799,-0.05674056613188739
2021-06-27 21:00:00,0.0039222604645914785,-0.0025530258398845525,-0.10685419280669345,-0.02132374399602906,0.10391184492464249,0.15780939652829737,0.13051305610450326,-0.04559979916281964,-0.17801489838979168,-0.15889538533786604,-0.0724469880114687,-0.024629827308284308,-0.09267954823077193,-0.059744158465695654,-0.05781049434352295,-0.043152260488923434,-0.041058913406999874,-0.03371936624940695,-0.004594744863145995,0.0017748658048079718,-0.06086269982589653,-0.07158301876858252,-0.046109924003761946
2021-06-27 22:00:00,0.01591300834950014,-0.008816825954468335,-0.10693285173702544,-0.01429486471225778,0.09203096530943793,0.13875792682281216,0.11798770845361842,-0.08838680175786133,-0.21162709899337562,-0.19524123896914047,-0.0934512852988591,-0.08747427294754416,-0.12902279246985446,-0.08098257679644248,-0.07514275862345991,-0.06256323772139483,-0.044715035346925926,-0.040545117075554554,-0.02411949416121414,-0.02410784169781897,-0.1267289555526115,-0.14989945660902626,-0.10312016500823859
2021-06-27 23:00:00,-0.01619735794639447,-0.031388784454630045,-0.11512781420255709,0.0008487194573846933,0.10539828242500104,0.1424844279664492,0.1357638956209099,-0.011607582888475182,-0.10897481251636582,-0.12739073517627622,-0.05828533827921867,-0.05710493902330294,-0.06822805524583142,-0.00016907823343307354,-0.0028251847059631574,-0.03117987120745113,-0.025960076349797804,-0.03130134304688826,-0.02226568558760127,-0.02430090732742426,-0.13954134974866367,-0.15626417955621824,-0.09974835419459746
2021-06-28 00:00:00,-0.013738160514558695,-0.03182354058472021,-0.061429908506293,0.029988748387110215,0.09813490442823665,0.10573551910369852,0.0925774007966376,-0.010199686640564271,-0.1078555388647979,-0.15644962062700107,-0.10048713860151422,-0.09697460671666179,-0.08574721355923426,0.006192955985263393,-0.01972553818309274,-0.12500975011651205,-0.15648257249905426,-0.16440120022272986,-0.1485838384433025,-0.14013703766465793,-0.2399174339088447,-0.23339233979215432,-0.16092248575136078
2021-06-28 01:00:00,-0.020689246188668416,-0.044372056993439164,-0.03882885512685671,0.02015255553039317,0.09655244925670722,0.13066319286144865,0.12630887075836486,0.02610156288700471,-0.05147437009623477,-0.10676392956547817,-0.038192545947008966,-0.01355493580324498,-0.04636529947525382,0.012311210888500873,0.010731023028854241,-0.06624906336100629,-0.16094577577241395,-0.1865164883241539,-0.1801438865902808,-0.1692794887623835,-0.26193020932517586,-0.24694784861255054,-0.17785497870157907
2021-06-28 02:00:00,-0.021264340156893595,-0.04856905688820449,-0.030648684511352674,0.001145766892470389,0.11123647155936342,0.17714588858497693,0.1902972012535493,0.06944541543345924,-0.018842603269688146,-0.09697266740090625,-0.05332860278695478,-0.010344187600037654,-0.04247969534745383,0.0016697481924017364,0.026639498152465073,0.006117595064703298,-0.15330707257580597,-0.19320984348227485,-0.19472447759315797,-0.18063906093164026,-0.254986180260704,-0.21904154683443847,-0.15243390457206052
2021-06-28 03:00:00,-0.024976348508976606,-0.03747477055368095,-0.016016691119739877,0.010704594172717324,0.12909414193530822,0.1837742404467029,0.19719428034217715,0.07480768971087733,-0.06892014700116647,-0.13615767305405238,-0.07352035905178997,-0.021728006955639402,-0.04344368425444542,0.01674506440018463,0.07052126224764689,0.012552100031732334,-0.17943328206031858,-0.21136786840003363,-0.21286683049452235,-0.2076686350134292,-0.27727850715468827,-0.24889639244048659,-0.20611329471512535
2021-06-28 04:00:00,-0.01910864111761684,-0.02489309310315757,-0.008337005969240599,0.012884884954216611,0.1281777752102423,0.18830950224405782,0.21749216718674066,0.09261716932033258,-0.06864370654979093,-0.08299230292538286,0.002181724312573902,0.0612887038367831,0.034746653236173826,0.08471968076287038,0.14397523446253796,0.06574735267953877,-0.12232189535890221,-0.16093143395760579,-0.17456865692206716,-0.18826933103427468,-0.24089617827324097,-0.22790282415868965,-0.21037500746766377
2021-06-28 05:00:00,-0.022335213318894074,-0.022307222824179445,-0.010000357304894755,0.014478854978358893,0.12102185715841256,0.18931238654987737,0.224266299285091,0.10384788888128614,-0.09013624528676076,-0.11426075603730154,-0.03638698027315591,0.035892459292808356,0.016948901317446526,0.04946575480672721,0.07953239048813676,-0.01253774921314796,-0.1722078899479501,-0.21519151207366782,-0.25073804022580404,-0.28455699850301386,-0.29819240734606617,-0.29452788610964453,-0.2896125126381041
2021-06-28 06:00:00,-0.02143855295511874,-0.01212689489859003,-0.012802707093745053,0.01187204328220148,0.10255691431584658,0.1653507447979255,0.1940354407408912,0.09148472547374181,-0.11393937934190534,-0.19184305951301298,-0.14027271593300764,-0.019397350725894057,0.0010049456064221344,0.0054851489850516145,-0.01460304265360794,-0.09766154289312494,-0.21800990944125861,-0.2370859777037927,-0.2656437646645599,-0.2860663981342605,-0.25589907424377617,-0.2710858845838596,-0.30059610085930294
2021-06-28 07:00:00,-0.023322091628779688,-0.014686025170067373,-0.025497398568661112,0.001137908742903576,0.0821908994897049,0.15264265560665644,0.19187418061472436,0.11215377481031981,-0.09504000090098996,-0.22452729219438194,-0.22166943732686517,-0.06455148304923973,-0.016410940995642227,-0.03487072938273991,-0.07350042370656465,-0.1314846572589035,-0.23209486789442416,-0.2343696327328287,-0.23263276299635854,-0.21021634480693505,-0.16839097484301443,-0.17947232062410987,-0.24639063733203606
2021-06-28 08:00:00,-0.021733192314520297,-0.01716085200491594,-0.03126396659321441,0.004930388308213019,0.07924564581630787,0.14815591720034302,0.18667659693360894,0.11650549756888744,-0.0745171844319085,-0.20603448461133703,-0.24504435427739565,-0.09538128442969672,-0.03870371638896395,-0.05484049842424475,-0.092116822407848,-0.1306100985324833,-0.2084785621366697,-0.18907615258838303,-0.16193481933496245,-0.1126047684166917,-0.09564308299160221,-0.10420308590648758,-0.1445675646358567
2021-06-28 09:00:00,-0.02378938074625586,-0.02641201360001603,-0.02934078983508207,0.015521002878659894,0.0809217929614389,0.1383649974187317,0.15993784712531717,0.09080733148869598,-0.06981984027393358,-0.16161373632929354,-0.21719824840020072,-0.06737022953449509,0.004650172106730707,-0.003652949358275054,-0.04129907136719181,-0.0565405949384881,-0.11789672921995166,-0.08337451481401958,-0.0492288953360312,-0.024490356328088995,-0.03990108979760578,-0.04367837316886368,-0.05602542755550491
2021-06-28 10:00:00,-0.04128664414345852,-0.03956078427134377,-0.04305791027969929,0.0033287798709003866,0.06069495773278246,0.12373727470613426,0.16729264071748864,0.12488642674984529,-0.0214729928737221,-0.12595511420489017,-0.1341668382477248,0.026802231432681095,0.09844177282345708,0.05205221431322139,-0.01641836832288958,-0.03459684035955086,-0.07565980040879415,-0.044665811707308156,-0.010162445955657297,0.0060560718349722585,-0.012938717070902338,-0.013110872091797938,-0.007337424501395802
2021-06-28 11:00:00,-0.018519486144081703,-0.01047854737331876,-0.01627527451042676,0.01147671066280664,0.058105134282964446,0.11822891661797198,0.15527812162784493,0.09723632703536782,-0.019910693586038114,-0.12504707814173485,-0.09366569919175362,0.04722798171552717,0.08994792533785465,0.03985531117853315,-0.016600775171201107,-0.05028108568736687,-0.10436813179256456,-0.09026977671308162,-0.06335556447761476,-0.03973104953850653,-0.04094604355717461,-0.043881189100407926,-0.04554963876686187
2021-06-28 12:00:00,-0.01700581774511222,-0.025610864811321365,-0.026374034261178413,-0.003081780651382176,0.07669394407418476,0.14150156154885843,0.16912354128041204,0.10187454119175798,-0.0024434746107019683,-0.07421433523372407,-0.016353249188384468,0.11798860349375878,0.1296821142006896,0.09401588837650089,0.06003510166905611,0.030705008706944842,-0.050007758805667844,-0.053239756141771934,-0.038089896164553216,-0.027402152483820264,-0.03539341884753009,-0.038389323017477064,-0.038301688947462394
2021-06-28 13:00:00,-0.009994013711925702,-0.013966466204124523,-0.02433131785889346,-0.017288582865124576,0.07916181725177023,0.13911167184248688,0.15988549347104158,0.0683970584383025,-0.023641341952304024,-0.07363509844635557,0.0160345903259152,0.13750079611917276,0.12339069840578407,0.07719963253454822,0.05183514920807339,0.029748313634547534,-0.055366287483379545,-0.07116031561186752,-0.06813784687724302,-0.07589291009249344,-0.0933665582681244,-0.10537653672942757,-0.1279405873774429
2021-06-28 14:00:00,0.0002752703551395512,-0.015728846108511975,-0.025707987094809415,-0.023222261257162077,0.08722606886715244,0.1627507827538613,0.18203874872486187,0.04342230139854897,-0.029808031105316102,-0.0579829025630027,0.04035391803730955,0.14533963214066348,0.1272391854015822,0.06528950355180611,0.0402864065905307,0.03165828961102985,-0.046631500786406384,-0.06524656404034211,-0.06254955095521395,-0.08540909797136635,-0.11301960686580521,-0.12526877590740165,-0.1560200945080781
2021-06-28 15:00:00,0.006079511539438195,-0.021904501940585932,-0.02621814671874901,-0.01909551135302008,0.10590091843212207,0.1949954390423744,0.19248701533403448,0.017941455961670957,-0.07759377475568943,-0.09134713568924537,-0.0032234908578731842,0.11580252402153968,0.12925400873780735,0.0733350221198371,0.05217184647946792,0.05437123269320032,-0.01654584262530718,-0.035210676515356615,-0.03301080462030636,-0.07032080540297923,-0.10189885845155926,-0.11086645414420677,-0.14167900193955882
2021-06-28 16:00:00,-0.001338678192388351,-0.021094110896477627,-0.019831538730068456,-0.01133170857586026,0.11861835013706029,0.1921139879339944,0.1908346649883071,0.019670059493019698,-0.13688499635192725,-0.17144422793226394,-0.10897642445359654,0.038970154172377786,0.09530638829161296,0.06315845958260494,0.04175229138662351,0.04717567582082379,-0.0012005546292169196,-0.010419560190959257,0.00015290628064267,-0.03702772499979954,-0.06844302043516601,-0.06945095664581627,-0.08906370578327766
2021-06-28 17:00:00,-0.008681731491353782,-0.01947378583466411,-0.01354773816581216,-0.010197800380529367,0.1109558497312435,0.1858259287646883,0.19262470054109573,0.01703520824776892,-0.175778594660397,-0.23832405826007377,-0.20524783266508706,-0.056329088675128654,0.03196501764529626,0.012011794711949842,0.009742222680375213,0.01161922458871223,-0.03626553636549537,-0.0315915219356209,-0.009212879704380325,-0.022153292588542487,-0.04147219992172195,-0.037808726302250996,-0.04496261593304648
2021-06-28 18:00:00,-0.02352087609387923,-0.02037594087088844,-0.013936497009286635,-0.013629522438894953,0.09467878178915147,0.17049567315483694,0.17677737005027006,0.02064536580254961,-0.15968880676204142,-0.2328910545380837,-0.22586048995177604,-0.09106175971595099,0.0232058043085604,0.023890950627843122,0.028469323299828386,0.017666558761202263,-0.03123393656472858,-0.02813938391425551,-0.009335648177786428,-0.02669104640515706,-0.043649863890111565,-0.039287636920755986,-0.04739550388594616
2021-06-28 19:00:00,-0.03576341160250717,-0.03130251182037749,-0.03369059435862024,-0.017770879460079193,0.08007645968341551,0.15730933284629103,0.16946866786759243,0.04265842393702664,-0.09256159250722842,-0.14158668446176673,-0.1252467588341375,-0.017480242132237173,0.08800554627724154,0.07507890644660452,0.06636679481006588,0.07257025711844796,0.006202760163386389,-0.0002483133477707688,0.003290565645231316,-0.021970627989855742,-0.040459129396994566,-0.03928924264878868,-0.05157829981519681
2021-06-28 20:00:00,-0.03752604061549731,-0.03979458597888956,-0.04237062751434288,-0.012691368097330596,0.05850916213539569,0.14054023795644374,0.17348665858024248,0.06081738088114609,-0.050613939656539,-0.05720981731508651,-0.032035098282637495,0.033654280088657514,0.09285118357650195,0.06443763102075162,0.06366642047817002,0.0701132693462899,0.0024260598391626113,-0.007780391874849374,-0.017344407061083988,-0.04837408621718234,-0.07313505764940104,-0.08185508147948575,-0.10450487198149529
2021-06-28 21:00:00,-0.043830952669989105,-0.058334589075465175,-0.06925748928668875,-0.006250719695685157,0.04826713353594256,0.17475518433558454,0.23361686196223266,0.12346702329721447,0.009014005038605888,0.017785748750686236,0.0405029215746193,0.06158351020200877,0.07246023375178381,0.027691716166391094,0.02031366970415583,0.027170551427273253,-0.005157101965364903,-0.011543902340541305,-0.025903728543133997,-0.04104710595229076,-0.05064249735126854,-0.05789970087303162,-0.07515428579883483
2021-06-28 22:00:00,-0.01864718574062952,-0.03130149422563878,-0.04774286143757683,-0.0002214590480131954,0.04670090631811082,0.18296094566537355,0.24263367178490405,0.13361497335868217,0.0013076597487775051,0.016935256448485633,0.027080382009831858,-0.014049516125834268,-0.047757880188689636,-0.0927920561759478,-0.09826804729076212,-0.08208743649779444,-0.10072561654123255,-0.10817923094765076,-0.1263801523897431,-0.13373249059739967,-0.14777801703627208,-0.1629801867175663,-0.17755164695104295
2021-06-28 23:00:00,-0.03694989799479675,-0.05263633358780346,-0.07598387737244607,-0.01824015527068938,0.06107621569787328,0.2151818871628093,0.29919943470739446,0.21078650417108444,0.05677336807049139,0.0818536505522396,0.1323186401665938,0.10319788649843692,0.09026712005014643,0.0584840211492236,0.02645934993828657,0.01788188634312009,0.009021047527937202,-0.007083958213346614,-0.03850925555673653,-0.06643514514654279,-0.07281584101926444,-0.07453808537488218,-0.07608032698183534
2021-06-29 00:00:00,-0.03697975602144707,-0.04911318049073164,-0.0753050667055608,-0.0250007239699824,0.0569233495571511,0.1997956611370199,0.2952958339366085,0.24489306192178373,0.050732579800747475,0.03810714213674461,0.11787153457451283,0.10571536767545865,0.08528394242461403,0.07453568520089825,0.053995719452705454,0.008866820885066675,-0.007907278734185598,-0.007196578252956623,-0.02743976592539125,-0.07072086045473558,-0.09336263378025257,-0.100645521208949,-0.10289689275801517
2021-06-29 01:00:00,-0.033671788629297456,-0.05078584474255659,-0.07601337273997245,-0.02998823408317975,0.049843707669687265,0.19150010482152188,0.30752173514702574,0.2901913180830288,0.09267234496554608,0.07505313151814452,0.17271138900312702,0.19543168091925373,0.18247616114736878,0.18326418518240958,0.15483963643532425,0.10882760810893902,0.05775177257686138,0.03625561599361382,0.012087836850172201,-0.037791820669509556,-0.07397853821991325,-0.08044643058408382,-0.08365524205472481
2021-06-29 02:00:00,-0.04369596106373121,-0.07606998762390907,-0.0853072745238268,-0.04236094178368667,0.06273161589129721,0.23410833496927475,0.3731816392686108,0.3476234627132117,0.1494889386846765,0.11171803368707299,0.223464711070513,0.2728173212920861,0.2575848192099506,0.2560161364518312,0.22000703461792204,0.17401790923988178,0.09869149548572499,0.06571412847962628,0.035680640346534606,-0.009455921688946172,-0.04983360215755366,-0.056319939534467976,-0.05436928769797444
2021-06-29 03:00:00,-0.041513417985976686,-0.07983867087048234,-0.0821954310351921,-0.05389991874918815,0.07876816688618457,0.2659720532091091,0.38001969566509164,0.3210907580479603,0.14350913289207218,0.12079844405478007,0.20900367386734753,0.25038418501981924,0.2416563806827106,0.26378291477066734,0.24018307429023267,0.1857005670005661,0.09780027742785947,0.0620454856793127,0.0229711974631565,-0.028489503625714233,-0.07517473690529483,-0.07553293831112246,-0.06611470131887007
2021-06-29 04:00:00,-0.04467985195874566,-0.08681893579748544,-0.07967803685922233,-0.06668421766549162,0.082821874771419,0.27786534532436785,0.3911130725979126,0.3504861079068914,0.23860507202702355,0.24297175154642134,0.2792315202839413,0.2914936556298902,0.28408007449421974,0.3264252324014375,0.28199194950272527,0.20734801642789474,0.0960362133586854,0.03994324777230123,-0.0072438679863841456,-0.05536549146188678,-0.09929382170343287,-0.10204610425320332,-0.0868941429858807
2021-06-29 05:00:00,-0.041899987303674675,-0.09426172446990526,-0.077955403668278,-0.06659538140231284,0.08169688827628234,0.2837756286787016,0.3687592882650229,0.3110479430933094,0.24011144206192628,0.2738254646913522,0.2624678797997068,0.24820735991681514,0.2476311458449325,0.31321973274833437,0.2794964672936112,0.20709810178857851,0.08463697508022443,0.01584543875625158,-0.03020466167151706,-0.06761849151526628,-0.10605275266716875,-0.10945801760611991,-0.08536567627688459
2021-06-29 06:00:00,-0.027661330877221134,-0.09434191673431651,-0.07837597532462967,-0.06148248657543954,0.06619996959347892,0.24448576759900703,0.3168717827439719,0.26351679167473036,0.2011104276149485,0.2501146081917133,0.2249638521924152,0.21123378242264282,0.22493755933297596,0.2969246427378332,0.2856327075599729,0.2337712314139557,0.10894478881072658,0.03134947538487624,-0.02484766412224954,-0.07034634022659163,-0.11065087930274738,-0.11639494318642173,-0.09861013741436984
2021-06-29 07:00:00,-0.018253068032136662,-0.0943906368437099,-0.09723897074803825,-0.06462374674996167,0.04575427968099571,0.20612925275714908,0.2897898334842817,0.2512462631055147,0.1775745065669306,0.22549166231120887,0.24268064806944795,0.25061798229058224,0.2754663088361878,0.3350731599924931,0.31028138191537497,0.23489003799094565,0.09496727614532247,0.017248828715584637,-0.04234469755073275,-0.09456168984288978,-0.1258088601897655,-0.11857620062179061,-0.09714151955281122
2021-06-29 08:00:00,-0.0077267536612639935,-0.08113261411688737,-0.10851757318877116,-0.05889319085412778,0.027570291733418423,0.14899897570572038,0.2446353853296354,0.22402804363731493,0.13153059754196839,0.1233053310565178,0.18656113790402248,0.23974440779361111,0.27000065060632084,0.27734946397229066,0.22357506180183834,0.11879571863997775,-0.02952481607008004,-0.0999609318731641,-0.15141232239599312,-0.1949582071850421,-0.20967243721484186,-0.18495588594449716,-0.16239527068307308
2021-06-29 09:00:00,-0.007439169925240506,-0.08302528544254577,-0.12915028414463806,-0.0640229652491974,0.014558777872777467,0.10657954097681813,0.20022177229574498,0.19731251741158046,0.10026540653439922,0.006477481076340913,0.08024308246194707,0.18514031355974234,0.23219490217609018,0.2173082526933358,0.1664111759508166,0.058270390719024574,-0.0716137588723062,-0.1302998006762004,-0.17176834684767825,-0.2050643050486611,-0.21047371845068374,-0.17534909071700586,-0.14756168365008646
2021-06-29 10:00:00,0.0014141873705482064,-0.07573773239304554,-0.12838674269891662,-0.08058450439147435,0.009198258709031917,0.11166571664466242,0.20036513126726452,0.16764275500720288,0.0786759777182119,-0.07948620688946648,-0.06447893307629055,0.013058685301987073,0.08147456736034629,0.10526009142416266,0.11768110818077343,0.05601905533730716,-0.03724070265436176,-0.07366441732731922,-0.10967870482048513,-0.1492451280180537,-0.15714439241274034,-0.12269963222377872,-0.09821112308584452
2021-06-29 11:00:00,-0.001196870749941842,-0.07039015036564104,-0.11983381871063695,-0.07361081277649079,0.013726512496963867,0.09884758353593119,0.18066623176211363,0.11728696636388158,-0.0597313588905749,-0.2707533844723909,-0.30741938352482584,-0.19271571182593322,-0.07884398299279864,-0.020924805959927864,0.07142412885966248,0.05666560401146593,-0.0541586823223848,-0.0952196064315264,-0.12349653944635418,-0.14835013165080352,-0.14495579181113608,-0.10885159790755113,-0.07946883604989516
2021-06-29 12:00:00,-0.007995736697632235,-0.07561256202053654,-0.11727342339561851,-0.054698874702951726,0.016888888110197314,0.10792480655102572,0.18692864223188263,0.10504633829740999,-0.14987227955383586,-0.3908055525782551,-0.46770206521492713,-0.35092828354496836,-0.21106262995555378,-0.14083847653217219,-0.02735751048408845,-0.023910900718443654,-0.1608043636308361,-0.20216813346572846,-0.21574134071635404,-0.2223530267902886,-0.2019494067377599,-0.15700021668832345,-0.11777109304623443
2021-06-29 13:00:00,-0.00451807286001085,-0.06004490130427192,-0.07546778681932326,-0.044741704343941716,0.012219308695125256,0.11312089569302736,0.1866940734939277,0.09700222232628151,-0.19259527698827877,-0.4598174697431802,-0.5805486981526361,-0.49040191101973735,-0.3561624864305646,-0.2717958204266305,-0.14347677172434592,-0.1198363274410225,-0.24693581989657307,-0.2763625540197217,-0.2741747306669379,-0.2631445083186885,-0.2474721927200975,-0.20237861896660084,-0.16154618685470573
2021-06-29 14:00:00,-0.008135147888541739,-0.05546349092774441,-0.05265882641270239,-0.03738253981559405,0.01674889677452324,0.10943258300265164,0.17691801861755718,0.05746152042804604,-0.23338927548854457,-0.4979554718445527,-0.6594950774990691,-0.6193933096855031,-0.4914336352479476,-0.37802515337070763,-0.22102891340811479,-0.17144054305574133,-0.2622661359086525,-0.28276286386806887,-0.28076705871484237,-0.27157214496800575,-0.2580296229533511,-0.2146201171311524,-0.17123234979105204
2021-06-29 15:00:00,-0.007613492918513914,-0.02648352287963867,-0.018297921884175384,-0.02875543322984125,0.012556972813551009,0.09485354804532205,0.16416053939662265,0.0424925691090556,-0.2116303608631302,-0.43905919609209915,-0.5972963130807818,-0.5994087227563069,-0.4933556283856933,-0.3846701542897433,-0.24274257524682896,-0.1874682260179099,-0.2506009564825673,-0.27714979389430233,-0.2917305453849383,-0.2976571369897733,-0.28592746033962224,-0.24111119179203638,-0.1977550145514084
2021-06-29 16:00:00,-0.01597635124333062,-0.005681366096254697,0.01682845830293083,-0.0013714083786580027,0.012012392260628812,0.08189446118411162,0.12832295129613464,-0.007328747472234173,-0.2267453832195528,-0.3920819579657743,-0.5251656635947817,-0.5683192084655624,-0.48740969250120314,-0.3953720798977422,-0.27180825596720765,-0.22391226799951638,-0.28129611167302465,-0.32310515636912723,-0.35722848492498976,-0.3796455447442807,-0.38082151512425244,-0.34602331420974797,-0.3042975689759354
2021-06-29 17:00:00,-0.03778969269413016,-0.03166933131336794,-0.012793577399389989,-0.010689165500909146,0.0016424349412564102,0.06182648605870166,0.08341850766224734,-0.05933907992438624,-0.22528114926016393,-0.3209793787070803,-0.40936474798466765,-0.46851311637710275,-0.42612207203542535,-0.3553897509581699,-0.2434744539832093,-0.21807346103322423,-0.26923122193057963,-0.300798091873387,-0.3307310242977119,-0.3524150344373732,-0.35165013454355515,-0.3152074416048874,-0.2747888245495216
2021-06-29 18:00:00,-0.03980677403581773,-0.041727496890485695,-0.026816100297706327,-0.0070073576986782364,-0.007862837785925786,0.03791053333645284,0.03567045825282531,-0.10489301976183489,-0.2140664231333611,-0.2841766069337452,-0.35464412816089164,-0.4015582891359218,-0.3956292546117243,-0.3632866474162216,-0.3095303167448633,-0.3021931259975339,-0.34749702015934497,-0.36479060981977235,-0.3854643767151652,-0.39595043001851654,-0.37819382992077955,-0.3277240088884107,-0.27510885720540507
2021-06-29 19:00:00,-0.04824034617046348,-0.05884723836753833,-0.04319288879322396,-0.009414430037369033,-0.006111293173421168,0.019480298736940807,-0.023141619459743055,-0.14986479093661975,-0.1858530044178248,-0.20767253579017442,-0.24453154513002573,-0.29511530793200014,-0.3556315981886958,-0.39707945284759005,-0.3941366805215667,-0.3561764969804179,-0.3462475257631935,-0.34652034735545745,-0.355399887051669,-0.35106449601812645,-0.3276529015166199,-0.2811725341886433,-0.22922917166083598
2021-06-29 20:00:00,-0.043717805255529624,-0.0505641193225009,-0.03027252574039833,0.00704327287796874,0.012331495529510784,0.003314336087122435,-0.09486739503908312,-0.225286535502355,-0.24383330488336175,-0.20901915769531157,-0.17528700940935113,-0.19976083061789635,-0.29778497316417923,-0.39159397975913174,-0.4229446160618208,-0.3980886872832255,-0.37015387242748654,-0.3473336303989708,-0.3284782139219185,-0.3034945202619121,-0.27119476835212186,-0.23020387687043353,-0.18852185965093776
2021-06-29 21:00:00,-0.04061649841078729,-0.029202083395783337,0.005355122881667532,0.03307879608581667,0.02912464751285175,0.00013873180269227214,-0.12614444854245518,-0.31263197586450353,-0.36471090718595844,-0.31972459910680434,-0.23710704483437367,-0.17235299224625894,-0.22649049846879965,-0.30336163467609806,-0.357335393079453,-0.38525860155775943,-0.3751030353806874,-0.34084087722314077,-0.30068622824159413,-0.25869383125050066,-0.21770751250526693,-0.17844824322306477,-0.1489427170237264
2021-06-29 22:00:00,-0.03799421155973818,-0.015061257957505488,0.0266056375636427,0.04205728589784349,0.04011567014005167,0.03701202383412052,-0.11795849827298933,-0.43825810677677995,-0.531956094767752,-0.4970769442384307,-0.4260009708917234,-0.3812994265045933,-0.36986845652538175,-0.35782353506025977,-0.38534169957418635,-0.4427166092293176,-0.4060751877906774,-0.3467485571060121,-0.2850382356332415,-0.223971942104181,-0.17008855167758324,-0.13246870552392814,-0.11560861193238682
2021-06-29 23:00:00,-0.04517587800807407,-0.022393613566607073,0.017891581304383244,0.030829044906996606,0.03373219183124838,0.03676818212487764,-0.10076179771348391,-0.4059679928609463,-0.4349609205328525,-0.41303923045506846,-0.4146216635816215,-0.3914806321932409,-0.3056310728713535,-0.20579825210688724,-0.18594431514718793,-0.2233973768220409,-0.1836690814035648,-0.13953915581457746,-0.0950144359381298,-0.05123654340442653,-0.015468293268478074,0.008445417930185727,0.026255953227108737
2021-06-30 00:00:00,-0.03371166720202384,-0.01040297791617191,0.02794149527221674,0.04207047870348185,0.03308970624156137,0.020648134888911138,-0.11119483439543196,-0.38166399130139084,-0.35922665216549754,-0.3140821411875309,-0.34471955376413876,-0.33370268728390845,-0.26608556711506387,-0.16008697770682997,-0.10260220994411143,-0.10010041910839654,-0.05696202556557681,-0.03659868233633706,-0.011105788243230543,0.015182252333732469,0.032374781614791355,0.04004019167394422,0.04493648917220866
2021-06-30 01:00:00,-0.010737837964714982,0.004480977599937216,0.04308153110331452,0.05802605679979187,0.033954475425165755,0.013921300046083942,-0.10058653023036175,-0.3212164034662129,-0.24059169749956974,-0.18047678918933982,-0.24890848507900326,-0.2774868930207364,-0.23133736184206716,-0.14130806325186568,-0.07143650865718067,-0.04296849178855268,0.012487287271766461,0.01939491671911248,0.024455412906435183,0.028562042845970657,0.03384336613900098,0.03861622286145456,0.04094409457279712
2021-06-30 02:00:00,-0.0039060905784361385,0.00800957792754393,0.042046634211468634,0.06791639885709899,0.031761546268190576,0.013323413148864559,-0.08954591735704644,-0.2712957016219861,-0.19286191759480528,-0.1841058215076519,-0.2529666654600787,-0.294339810797491,-0.24742570774535103,-0.14015727139942435,-0.07763659114805763,-0.060660071383477475,-0.003679179238534433,-0.0002310306208033318,-0.006312355487746957,-0.014232701517368733,-0.01707157113134681,-0.014941446493768683,-0.008564695530068769
2021-06-30 03:00:00,-0.004721245467577754,0.0029724806281283744,0.033057769887772585,0.07651062930467703,0.03484818684669536,0.017045916831401553,-0.08164338243735887,-0.26022815919282455,-0.21721598679320356,-0.27490364717492194,-0.3749559177897943,-0.4134462118222437,-0.3497148295973738,-0.19801687777597154,-0.11391175623155292,-0.11817551062828618,-0.07829464865371495,-0.06207624432404742,-0.05806781693033549,-0.0628958506879783,-0.06503661997790078,-0.05817335121746832,-0.04340050989606073
2021-06-30 04:00:00,0.004953635685789174,0.01250038399613314,0.027374069198638797,0.07740997020432348,0.034549202363253796,0.02191468452182176,-0.07571196668667284,-0.3133357423825298,-0.29562040376352305,-0.35229685624471674,-0.4673597625352166,-0.510739108460978,-0.4593671673942896,-0.31334628793304153,-0.20539646219279548,-0.21394409704823347,-0.1913093474933534,-0.1689477773712498,-0.1476354110935358,-0.13966234227202756,-0.13370082993852309,-0.118935727327281,-0.10113708235537766
2021-06-30 05:00:00,0.004683625430949746,0.018811428819140198,0.02681648573128822,0.078161499520691,0.03200003505922562,0.025955508621086865,-0.06707569027973376,-0.3561550829646684,-0.3270912423800857,-0.35554030568755074,-0.4605676772400391,-0.5189743540881127,-0.5201639297523065,-0.41615166359817074,-0.29545938641646435,-0.2717503293804062,-0.24089972807216312,-0.2228112370569107,-0.19829521526579078,-0.18693441492482918,-0.17260679406714977,-0.1523066428740225,-0.13051977093029216
2021-06-30 06:00:00,0.006331440004632811,0.030384138659078165,0.040854615370742,0.09125612054811223,0.031164531430942805,0.01265370257779264,-0.07138251515537883,-0.3707413704363916,-0.31798174872636903,-0.34250592741090763,-0.46487864387138483,-0.5519529381863423,-0.6072888236687245,-0.5277375259309355,-0.3931777515507098,-0.34628334952235923,-0.29912052471604317,-0.2814726655075159,-0.2534079941215112,-0.24418158648533925,-0.23216265412814244,-0.21161516179235615,-0.18429300072741137
2021-06-30 07:00:00,0.015278579195855268,0.0435738861789061,0.05572894168388418,0.10711189500784463,0.03420268796246872,-0.0071616334713389945,-0.08810255643100308,-0.3793043176656651,-0.3369660334134548,-0.3817477314259787,-0.5169553322267065,-0.6309347616892405,-0.7025119002246273,-0.6244889902476293,-0.4810414579815435,-0.43841916495405836,-0.4006695720590229,-0.3709020222525479,-0.32400580317151473,-0.2994607128278353,-0.29227079378120246,-0.271614813051767,-0.2395873044086877
2021-06-30 08:00:00,0.01797396442907317,0.041302981459818026,0.048186642273362085,0.0992313303862033,0.029774738794854566,-0.02000165094139053,-0.09481631295987039,-0.35511484146871,-0.3147407628683329,-0.36429191577091374,-0.500886099463099,-0.6345808316274781,-0.704575655930677,-0.6141688489135549,-0.47206382492977034,-0.4522122209011336,-0.4358689845576225,-0.4053290360927623,-0.35178844407356685,-0.30576307068798264,-0.2876487850896831,-0.25735613832257975,-0.2197145047316145
2021-06-30 09:00:00,0.017352083381919958,0.03612525116671945,0.03736294459539356,0.07896891430151134,0.013727514705131758,-0.03343445801546824,-0.09710435975624071,-0.3256477924179948,-0.2835841658877581,-0.32486836920127965,-0.4397196302783454,-0.5712896809119928,-0.6404726560108832,-0.553859774243139,-0.42844673389050186,-0.43163395943846666,-0.4254065231517337,-0.39371561274059186,-0.3432882289978388,-0.29101270808972246,-0.25837412260439224,-0.2261489765851356,-0.18715702580686697
2021-06-30 10:00:00,0.0045124346005030675,0.036758691624188336,0.057313659720041196,0.07879240003402004,0.005460371689223594,-0.059170408838837264,-0.1206071641027067,-0.3293111497658665,-0.3440216390747125,-0.3903418508528137,-0.4907223195767864,-0.592071731160832,-0.6624277308547653,-0.5893900881613601,-0.48272206761191083,-0.47860188873282516,-0.4308690174283142,-0.3921584940616239,-0.35016587333282767,-0.302567241388722,-0.25688339997385085,-0.22076872528969646,-0.18799400292287854
2021-06-30 11:00:00,0.029887264302097278,0.05784302561593658,0.07765447054559581,0.08023865541910213,0.0037612820352962684,-0.06930789241350109,-0.12477236208615355,-0.27443569673290646,-0.33350562060494315,-0.3876086344157955,-0.48466050406623284,-0.571923305234417,-0.6158725038444253,-0.5724090076718117,-0.5148443479532007,-0.520996544239137,-0.46948524489078464,-0.4246967550338319,-0.37661480379570544,-0.3364493504638011,-0.2907985218862434,-0.24391346334474617,-0.20365377434213625
2021-06-30 12:00:00,0.03414736108017191,0.048918446105368316,0.06175686589664495,0.06583182865275165,-0.009760703512685664,-0.08288976792082546,-0.14104624065280866,-0.2386059512832699,-0.33174866749629967,-0.3725322792496876,-0.4380737338715641,-0.515025572590397,-0.5600999968592678,-0.5561560178835231,-0.5433128628394762,-0.5502973501408768,-0.48704607480418716,-0.4378148970136343,-0.37920786798208206,-0.3444297495870539,-0.32787865755064083,-0.284593641748636,-0.2459792299125055
2021-06-30 13:00:00,0.03160133827723055,0.03468427953077684,0.029926134724859974,0.049927846850137556,-0.013408483984856502,-0.06516802574533036,-0.12438770238241705,-0.20248716250873797,-0.27588455207703727,-0.3624430753703027,-0.4173084419182538,-0.48064814376119486,-0.5222260190777014,-0.5157102719084272,-0.5146769111332402,-0.5285593119147073,-0.44743085848716085,-0.3837094689570326,-0.3012675701543927,-0.24607293702793206,-0.23207673761458525,-0.19113190554064055,-0.15717678103825883
2021-06-30 14:00:00,0.04389756590631871,0.05998867640270014,0.03745949578051306,0.05730522041038808,-0.014338041187149075,-0.06629538584731666,-0.13987175321488787,-0.24214045424294295,-0.27011392891440755,-0.3893703012463226,-0.45932889138419386,-0.5142957564151611,-0.5418385657675301,-0.513021539925382,-0.48460561360571663,-0.5033156072438763,-0.42744838833401577,-0.35986679525206117,-0.2759625274287234,-0.22934718008822255,-0.23816000652554042,-0.2133699882717453,-0.19014434312872092
2021-06-30 15:00:00,0.03326879079391535,0.063829782513709,0.03182334982606961,0.0508371580897558,-0.016730740364341867,-0.055913076950752004,-0.12981575178829924,-0.2332428860288315,-0.23778611372678693,-0.3760541851382478,-0.45819573056983676,-0.5037358384260111,-0.5212643581228574,-0.4846338816772484,-0.40437893623716153,-0.40512383744259645,-0.34644730189382705,-0.2804873652122888,-0.20614509450720434,-0.17769453605151533,-0.1939180395029243,-0.17097087550769277,-0.14999233760061245
2021-06-30 16:00:00,0.021300554334098193,0.061690899836221544,0.02936610173823944,0.04419836095204788,-0.014792764180831204,-0.054362384566465784,-0.14071253933165115,-0.23228147666486476,-0.2646110548346479,-0.3951498381565776,-0.4450594630122218,-0.4770142660912415,-0.5011204207274139,-0.47177356092142186,-0.3550115047404632,-0.326411853076679,-0.2949065773537418,-0.24728842902982562,-0.193502155585382,-0.18432406740381851,-0.218561405444993,-0.19158653861407768,-0.15928852563583537
2021-06-30 17:00:00,0.0007767183272257227,0.049347693832603234,0.022645698577332427,0.03450865415492408,-0.024839225234427553,-0.07502493290548681,-0.17330410171859134,-0.22522443779969947,-0.2853099478126334,-0.3998472167029555,-0.408269676891003,-0.417302982305472,-0.46344063822571396,-0.44611496709645204,-0.3272883399837059,-0.2682563465921842,-0.24376627280408644,-0.2130071160849256,-0.1813399242915033,-0.1953656153065769,-0.2610618724292793,-0.23797114813852335,-0.19622101693401678
2021-06-30 18:00:00,-0.009496914801191697,0.03596746516322844,0.02137619527779196,0.0346078664290043,-0.029558663349069182,-0.0986547688922278,-0.20096726186714098,-0.2301078363452127,-0.31482771318111175,-0.4150123389522906,-0.40171480595163767,-0.3797076627220009,-0.4371404571117016,-0.42230267834430696,-0.3121721803250343,-0.2319811538044013,-0.20063962744705938,-0.17745659998928262,-0.15394234446259147,-0.17245635286440605,-0.24734099569433582,-0.2314450401138336,-0.19087011195281944
2021-06-30 19:00:00,-0.011555801092313642,0.02417198246530206,0.02013148750981527,0.03184140251402871,-0.03525025936492256,-0.12512885863725978,-0.21936810871849458,-0.24361069402908708,-0.3262985676531499,-0.4124806325473599,-0.3905088649694638,-0.3454671471112542,-0.4001401561813098,-0.38611173504661234,-0.29179580608446415,-0.21045460435620666,-0.18073658899121403,-0.1654849404357869,-0.15155771828414807,-0.17152822916709995,-0.2595263764252972,-0.24900815459293885,-0.208261318486069
2021-06-30 20:00:00,-0.010250540758826457,0.016794796514612978,0.021095449215452127,0.02799282741744873,-0.04560760144828337,-0.15067413928631568,-0.231164673149165,-0.2573863110693726,-0.320435150971019,-0.40721688402938283,-0.36977857254335866,-0.3105907225478431,-0.3455228722138877,-0.32513165063585553,-0.24498181373244754,-0.1764849972571367,-0.15923774991036674,-0.15474875630727125,-0.15308593135427195,-0.17420169865045962,-0.27868230433107327,-0.28443244937564083,-0.24650392415890995
2021-06-30 21:00:00,-0.01658583907734401,0.0020014246464220126,0.010435383328017639,0.017426629906569308,-0.05326878408221261,-0.1519531533293743,-0.20472956257423564,-0.23023849389369916,-0.2689571132593159,-0.36457834551966584,-0.32893410288783076,-0.2695820446847843,-0.28069916891877295,-0.2518171421700957,-0.17973608244988698,-0.13166787096984597,-0.1288100653933712,-0.1306382069998125,-0.1358971563690282,-0.15846703601591275,-0.264283448451999,-0.2778371676538801,-0.2345077244978521
2021-06-30 22:00:00,0.003251458185226043,0.007266991430235403,0.01850891555371435,0.01965941523470893,-0.057612845007324255,-0.1576493189973235,-0.1976643865085041,-0.24982363563919238,-0.2587931461162742,-0.34381540144032763,-0.31946367074196214,-0.2655283655137069,-0.25579990967024213,-0.2108584298153332,-0.13666376784944667,-0.09480859217699446,-0.09325368710692974,-0.1011319687211233,-0.11655897363984075,-0.13872988367008854,-0.24123216178539303,-0.28311396199415656,-0.24545690541496326
2021-06-30 23:00:00,0.009397166332024484,0.0020259344013972987,0.012536227592045724,0.012802164894879392,-0.06412251169368206,-0.14609102679363425,-0.16640570317390552,-0.23557753671227408,-0.23659625488617564,-0.2974881129373816,-0.2953009035071847,-0.26806011509664757,-0.25724133270859606,-0.19875587481163157,-0.11690131804588975,-0.0874527340706919,-0.08682446445949923,-0.0917191141610534,-0.1055617205178184,-0.12420780914893928,-0.22107021575702118,-0.27289974577832343,-0.23134976355793602
2021-07-01 00:00:00,0.012940166783271704,-0.004339207544903212,-0.0009570484449222921,-0.0042563297302266765,-0.07831499345514592,-0.1284409754682647,-0.14367679993899832,-0.21551304123963014,-0.22688753377340606,-0.2610138693515149,-0.27526648690695926,-0.26329522163783864,-0.26107597533831883,-0.216686262948375,-0.13833223945303183,-0.11115032970096134,-0.1147512596741403,-0.11969810621540153,-0.13244492859997897,-0.141871130771863,-0.24152991157518555,-0.3055498951008964,-0.2677234878000228
2021-07-01 01:00:00,0.011549964425391985,-0.010086491533033478,-0.012908195514783088,-0.01596503125585777,-0.06951215429435582,-0.07029399801897207,-0.0796949610927512,-0.16248495151569176,-0.19255666117349338,-0.21036747296736558,-0.23472338443989127,-0.2238578782298398,-0.21259597462677557,-0.18391549922546985,-0.12418729429103384,-0.10019802576918148,-0.11414401397496812,-0.1220470289608129,-0.13452184355335112,-0.14576381484541667,-0.22423519444981657,-0.2834648138816249,-0.25084980480642444
2021-07-01 02:00:00,0.02189868797006315,0.006144445978706377,0.000543088536104689,-0.011972464811034427,-0.06827745297220834,-0.05178322637347263,-0.054690556188277464,-0.1490992629274324,-0.19763988418992517,-0.2012288260993775,-0.22005315877233378,-0.19179888391107608,-0.17530653276921634,-0.16231918272530246,-0.13000423145687032,-0.10132644876022752,-0.12279296239187214,-0.13597211828086914,-0.1540538661689474,-0.17065564915338288,-0.24848713219752172,-0.32420450247135385,-0.3023205167014951
2021-07-01 03:00:00,0.0050559194946514585,-0.0015654416508697271,-0.00318312072217413,-0.011121156913076278,-0.05403692832842258,-0.015989542026313516,-0.009671223425945369,-0.09342466756495339,-0.16407875686480072,-0.17042465537906074,-0.18621597567383202,-0.14942785285222088,-0.1270533166894024,-0.13119997808586012,-0.12483549119506221,-0.09488511911494932,-0.1138418163010727,-0.12799985976022207,-0.1477972046140598,-0.1709146005967198,-0.2442516745051894,-0.31333752758135774,-0.2930832582969834
2021-07-01 04:00:00,0.01153555732325745,0.007210634849044181,0.006227122020288292,-0.012348818156678638,-0.07084874293235187,-0.047837452225964805,-0.034587802502294464,-0.07766846973084321,-0.15761413716740966,-0.17004082889032113,-0.17768557263940493,-0.14611921416232104,-0.121942911256369,-0.12773973253488752,-0.13174391966234325,-0.10494603514469658,-0.1165338782299475,-0.1331096673658854,-0.15138601204319244,-0.17327155612266162,-0.263983464414819,-0.3592341066043245,-0.3513473597772569
2021-07-01 05:00:00,0.007179933125355775,-0.000987460486900111,-0.00406839151807775,-0.016249584686236218,-0.0612945536003062,-0.03433620004136711,-0.015459445485000157,-0.025181243983438052,-0.1059602478261617,-0.127154689064935,-0.1188488365359904,-0.09346993048207043,-0.06661083050948934,-0.06500795715672511,-0.07579045061366553,-0.06505855501572536,-0.07939565227258381,-0.09574371409177908,-0.11536732474363666,-0.13660980519369925,-0.2049021910028858,-0.2986021522344346,-0.2983259965488993
2021-07-01 06:00:00,0.01768401127269521,0.007246002020033986,-0.0061976975208138585,-0.02330151577421147,-0.06531440161539036,-0.04655078155766063,-0.03854536934090626,-0.02484563252891641,-0.08836373960078157,-0.10719751876581265,-0.08421245589397813,-0.0629890948022573,-0.04219734203699962,-0.03693756922857036,-0.0481399231284431,-0.04186027126458252,-0.05876228130491153,-0.07448722996825352,-0.09428017045733043,-0.11976401878678856,-0.18003146862440328,-0.2852707456570469,-0.3092539138995676
2021-07-01 07:00:00,0.008361961270814292,0.0025290746631898902,-0.009506340154717368,-0.01843470153858531,-0.028624912339098994,0.0081219877481245,-0.00030517132797420847,0.009613753240816566,-0.03947603090467766,-0.0576824288471245,-0.02578598258441471,-1.600158962225468e-05,0.01689654791156436,0.02859197894827739,0.024318923193346463,0.02086957648766138,-0.005980476518400132,-0.019452038749417384,-0.031443589508253454,-0.05460667540148824,-0.09754453691580844,-0.16777953532078532,-0.18626892695618447
2021-07-01 08:00:00,0.013658579690188632,0.011226201968517832,-0.0022959348277725943,-0.027426471488177687,-0.04117943674746566,-0.0017580440427162566,-0.008322374250888517,0.0037790994882461156,-0.019183721375207217,-0.024079516606680656,0.008245666555886497,0.03266543770523847,0.037635782176821064,0.041903546222460036,0.03897140916875985,0.033643425333844755,0.0019624476885849434,-0.012160218672486102,-0.021812481347268747,-0.03643788247483383,-0.07201802618655774,-0.1514280347835729,-0.1886054709557279
2021-07-01 09:00:00,0.009858014600227907,0.010834584776246978,0.001451005115103026,-0.02462139237625595,-0.03177585509085345,0.0052161679544933445,0.014382395567100824,0.016943047964209975,0.0018860097673639238,0.011598870923549404,0.04697351950942423,0.07623986844069007,0.07204996400735734,0.06718698884860994,0.06813876420683579,0.05440016103682983,0.01930594382603796,0.007587294218654003,0.002438729794279984,-0.004286076626515419,-0.021956653665897122,-0.08261555174184788,-0.12639341530463033
2021-07-01 10:00:00,0.004402919411454088,0.011326758557408157,0.001448099669316315,-0.01221624709968181,-0.019265532458837338,-0.003592023904447393,0.021182613597292704,0.017300307953286687,-0.003964714795956425,0.010299081584442697,0.04819886335695926,0.07425526422705774,0.06347180514331702,0.04597502914995209,0.04452888957809402,0.03311245815280009,0.004615382984978079,-0.004754660289965396,-0.010003874059790533,-0.020203641622791084,-0.035653219691124005,-0.06897770820808051,-0.10734200550006692
2021-07-01 11:00:00,0.006211152806075482,0.013413548372580483,0.0034219067270854575,-0.017217273495635753,-0.008983381655363585,0.0002147714507449386,0.021308982230146187,0.019705716511396944,0.005206553514957769,0.027409093648694705,0.054576073953594005,0.08687256482391234,0.08462030168582728,0.0546716211490424,0.04892485685879329,0.03875780365499599,0.01346300475748286,0.004576837989026051,0.0008903683784513894,-0.005382582955286585,-0.025773117800211423,-0.06378252814831187,-0.09559637240783354
2021-07-01 12:00:00,-0.000981311836609515,0.007817910194582136,0.00013547623598122397,-0.02092112601260429,0.007588228221018359,0.012281022162756774,0.01910276225354878,0.010643511084825684,0.008726781427824955,0.029710563714363557,0.04551485201809916,0.09195477027919846,0.11053563156977468,0.0832070963546494,0.07973878705112689,0.0691123558127721,0.030374099317931412,0.018131297368434905,0.014931286638444362,0.012142606491950194,-0.009357367395708664,-0.0510611216022057,-0.06311721072310084
2021-07-01 13:00:00,-0.005003703518145614,0.004838922294872564,-0.00428844370529767,-0.01612449082719781,0.015565905609195178,0.028732705448842304,0.03167662377341388,0.009195848539422147,0.01580754591351282,0.02664281327935596,0.027181016400041048,0.06793165788189967,0.10076117524034772,0.08787953929208911,0.08538010312736269,0.06787022895225704,0.01809621384661836,0.005110893693570258,-0.0012759617606485547,-0.004764777953915746,-0.018438372913468653,-0.06390564676129121,-0.07822015858692567
2021-07-01 14:00:00,-0.0079057597962572,0.0019609290094239513,-0.004340399384614087,-0.0018001909055636405,0.03316708100806891,0.056466757783107835,0.05793017746075795,0.01752723184448992,0.02389073037114986,0.033275145892634896,0.03382155697732242,0.061213184217436545,0.10480513025239867,0.10967831014642851,0.0964894088466677,0.07029355806653431,0.011497021998223824,-0.0009781876055223234,-0.006166219714789299,-0.009524001268296431,-0.017614734304640993,-0.05133967907107073,-0.06953365720120945
2021-07-01 15:00:00,-0.005645613785696409,0.0050573780264896225,-0.009626767173288414,-0.01002158951370544,0.019738423020679425,0.062243621882495055,0.07455803819260279,0.0339268339146347,0.034942858706420506,0.043825091119563724,0.04895296841551411,0.06702843621538417,0.10618915287663648,0.11886819883839825,0.09529961243920462,0.05725633236560039,0.0035386992548203317,-0.007541743809324056,-0.014871180624434422,-0.0204341767683903,-0.02511023931864102,-0.054083941303715355,-0.08717805936132478
2021-07-01 16:00:00,-0.0030034669281968607,0.0048968129405608145,-0.005206435584648034,-0.001974152276688096,0.026731717487606683,0.06970186699632303,0.08411484257981544,0.04993308829077293,0.05169841921816821,0.06553245892188106,0.07009017045224684,0.07897103601845126,0.10272012583370513,0.11390991530070815,0.0896342077350962,0.038825417335003,-0.0045912229222501745,-0.01309258780774945,-0.023079510099170097,-0.03111084412769143,-0.03442979348514805,-0.06005262792958986,-0.11292883073024979
2021-07-01 17:00:00,-0.005701255497223445,0.0031273343158361726,0.0009821851274500457,0.016121491155837026,0.07084759635055878,0.09905408512798249,0.09930855744585068,0.05709471975850643,0.06643803721516957,0.09524019427393655,0.1010094729736811,0.10729407230439321,0.11491547062906497,0.11807294716592442,0.09238134781229147,0.03955951269577179,-0.0002530177081868524,-0.00852332568037759,-0.019394869620293072,-0.02920697225180587,-0.033079724516568466,-0.05753510749513389,-0.11308915261283492
2021-07-01 18:00:00,-0.002528621448235907,0.004409078985921022,-0.0034305919186774065,0.013155838980981606,0.09113662693374035,0.12319962133957217,0.11608202160993336,0.07138017115578404,0.0887003593677608,0.12768237246392677,0.1388123719279734,0.1435487843751513,0.1326302524962022,0.12374072402779264,0.09673012090340992,0.05220909677635727,0.009575430966632385,-0.0012830889643754232,-0.011071971728259985,-0.020583150218111097,-0.027121078068673327,-0.04388117021585232,-0.08926057773119647
2021-07-01 19:00:00,0.0003827929746340731,0.0040729629657938506,-0.0028199907946050277,0.01070551104766267,0.09676258001232257,0.14156961839769483,0.13696932331170242,0.0992508589347292,0.11802195908922349,0.16390088760704322,0.18570755308484008,0.18588435907406595,0.15236125179845847,0.12495989041647845,0.09855057095603584,0.06242008109002079,0.018697830294734458,0.005726590990819161,-0.0022449489771783192,-0.00989655642324931,-0.01862459767979562,-0.03444498075206809,-0.06084089116020918
2021-07-01 20:00:00,0.0072579793456954336,0.005849690864789827,-0.002326526300455962,0.0006223876139611805,0.07707199204683518,0.13924409487928557,0.14711788557527652,0.12032797837134557,0.13539904421484633,0.17857474501188392,0.2055125323214509,0.20247161097346472,0.15708290644927067,0.11625213953850942,0.08908739225344875,0.051118867966780626,0.01639490855213946,0.006918736042999717,0.00186071362854169,-0.003977060609079602,-0.013785295304353554,-0.031119336762842332,-0.052374365627600054
2021-07-01 21:00:00,0.008081154180168132,0.007074091028449189,-0.002019598803831054,-0.003769556875793828,0.05678644035663448,0.1305675587085413,0.15141842357478236,0.1398479333049424,0.15643789945000966,0.19194217557290508,0.2191440334803899,0.21031741277577037,0.15392174851707136,0.10373268731497863,0.07940425704107741,0.04581343930870878,0.014900821931916988,0.006795122874671754,0.0038621034568824234,0.0003696790013308684,-0.010387861377537532,-0.026642057423481528,-0.029577626193868636
2021-07-01 22:00:00,0.0029303569856278127,0.007593391184189908,-0.0013677042779702698,-0.00818542334478661,0.032786850863013944,0.1080493695084452,0.14277248883465307,0.1421866372500666,0.15923130573706848,0.18656778316615932,0.19268124933246905,0.14748508392444445,0.08025756962652865,0.03481727987851084,0.023844285540506483,0.011188944171197045,0.00019501379519779372,-0.00457038759321174,-0.01113244771252411,-0.016692557049614223,-0.026868114902332128,-0.058694117885439774,-0.08158177764396338
2021-07-01 23:00:00,-0.018556398375344594,-0.004631301477342953,-0.002045511216935824,0.005367115329562223,0.04950787634470261,0.11384580587417223,0.15403692659001939,0.1585957980347879,0.1840506767487006,0.22257347861939836,0.231790031584448,0.17733883725303864,0.09559930788809119,0.06143760364789899,0.07033725239652304,0.06594126903369099,0.013572420124677588,0.004048714185850944,-0.0016115033399144993,-0.004388954866364353,-0.008540400492880833,-0.028968785274321226,-0.009713072630554397
2021-07-02 00:00:00,-0.016903067925855032,-0.004759207069048352,-0.002573084548961958,0.004604267421413846,0.04506788715219291,0.09597972180662483,0.13726092129650522,0.1525678977015758,0.19422909998253493,0.23765020753326338,0.24991746603902676,0.19517836690523876,0.10454710955010929,0.07167364853141689,0.08762547274678316,0.08739227274072214,0.012766849395043077,0.0026838938120811854,0.0009172051428449548,0.0007316154869798445,0.002552240172299609,-0.0020736064505147414,0.02969095046706161
2021-07-02 01:00:00,-0.013554053266415402,-0.006845275467530155,-0.0018336413723519967,0.0029266001384054834,0.03949429824250454,0.08304319599904333,0.11947723295335856,0.13904267124391104,0.19020667571764982,0.24322392981688096,0.2533225818956086,0.20242920160879144,0.10780899707110847,0.05933777990006284,0.059014452727079926,0.07168653081160961,0.014761331730160272,0.004227673414050005,0.00521186748435298,0.00552748433803577,0.009536465035423766,0.004428684959411606,0.008052199505400509
2021-07-02 02:00:00,-0.016771201059232455,-0.015156266534233099,-0.0032221058851702325,0.005335312242070765,0.04158150264653262,0.08537291532075252,0.11201054691798755,0.12151013771185662,0.16788320417042715,0.22877691568403177,0.24284261215104475,0.20358185093424383,0.11352311950814344,0.06026010765800396,0.05461800250016149,0.07508105860659174,0.03043127847420587,0.013695181489881329,0.01414502728610306,0.015359233036768737,0.020206494595648467,0.015450317518582566,0.02986562394111558
2021-07-02 03:00:00,-0.014818132786784212,-0.01866695103498969,-0.00535676840799016,0.003708258535461895,0.0361402982165151,0.07769834774081875,0.10567351597502861,0.10987403521907502,0.1359656677061653,0.18465167648438258,0.20349765355763716,0.16830209830234122,0.0943494036201443,0.04365849302927358,0.032727654845256554,0.04988194276469014,0.02994064144309984,0.016081839855662396,0.015392576699530917,0.017137046412678776,0.021027071523472118,0.02176290209606181,0.025933812286952237
2021-07-02 04:00:00,-0.007577430127243332,-0.01676498972378817,-0.007463155885540063,0.0027114455023482674,0.04050002853207292,0.0757072016335713,0.09947613383154189,0.10606934215240256,0.11937660487228122,0.1566535458180475,0.18256584566711723,0.15795875172046425,0.11037228927614484,0.06483119594827993,0.043260314633683364,0.054461019762131135,0.04601797425719406,0.030932486630004585,0.026851440622401683,0.028778264641130633,0.032215867983911566,0.015382410742988137,0.06409635206386546
2021-07-02 05:00:00,0.004384956373427008,-0.008493403475914938,-0.0064987714640643715,0.0004136693949718796,0.03755001928723038,0.06300729099257807,0.07246206726990999,0.07745596359029462,0.09133814422358508,0.12087420058419059,0.14707857364440766,0.13753116071355814,0.12235365637904907,0.08709821038665654,0.053852997252218565,0.0551993658074315,0.05045316667427105,0.034765567984526825,0.029175593935442085,0.029036363149277815,0.028388056096887306,0.013552586411869377,0.08331674685757265
2021-07-02 06:00:00,0.006115979271971279,-0.0033922834340853955,-0.006267511829419352,-0.002441104492332378,0.037643939676627054,0.06603530128324252,0.06412846070313981,0.05031485609226668,0.09649320099758552,0.13524012201292848,0.157754111495558,0.1736542239800532,0.18293538202789547,0.14632278685325345,0.10137028844341764,0.08891652152881387,0.06599337789393953,0.04625102933887964,0.04018151667840182,0.03918792998600274,0.041335305733554484,0.05079475732087625,0.11690261951683041
2021-07-02 07:00:00,0.0026211013530527912,-0.0036103002720451276,-0.007502689087786642,-0.006978674450407106,0.035953889763729506,0.07708540873527228,0.0770619724315537,0.05208257258886237,0.10917612932318264,0.14984809659818366,0.17047769037776153,0.20715789889856487,0.23806003507518625,0.19815211420658715,0.1503722120629308,0.13152946190564685,0.09832044057925772,0.07531881337524461,0.06540187419104489,0.06281764718932648,0.0801139568011755,0.10775972721132852,0.13700083913087935
2021-07-02 08:00:00,0.008044128084408781,-0.001963639304011958,-0.008147097768735376,-0.010930026702762814,0.028790913575138292,0.08447228854626762,0.10045067191019048,0.024397495075179288,0.06064950892123538,0.13249754252303578,0.16958684147548933,0.2077445029793591,0.2393308421035919,0.19892973128615057,0.15564628034598707,0.13855899811101052,0.10551461784174533,0.07973710252096018,0.061599996851806664,0.05501455255373778,0.0891651900872044,0.13206939468961737,0.1262118232448724
2021-07-02 09:00:00,0.016513742369993818,0.0034918104902818725,-0.008895582280011253,-0.016068281422592805,0.024255286741579805,0.08842663755298034,0.13550005945368376,0.09834875702855007,0.10775905332451492,0.16510171518057667,0.1981219860318565,0.22836695777252308,0.24742755876013792,0.2026543847840824,0.1593008285330481,0.13954266402577994,0.10945744433671485,0.08411584895029785,0.06287880082294632,0.05714046209907483,0.09663967098804148,0.11196107813423604,0.08998525853468205
2021-07-02 10:00:00,0.024073816820621735,0.014660775350012055,-0.004673664061074919,-0.014747610355359412,0.024853898040690187,0.08568485736450489,0.18756538630884784,0.23100331140355446,0.17634060876977944,0.1954642001958927,0.22107748703390126,0.23060752094022616,0.23184709168284226,0.18322006847689443,0.13840936575190732,0.11601397437381733,0.10133207972083517,0.08960292100672688,0.07847210010034014,0.07970174566453149,0.11066190160626144,0.08896179937218647,0.06046835472868989
2021-07-02 11:00:00,0.02340882319931718,0.015435641049890361,-0.00595612274233307,-0.01609014641890701,0.030112699017943945,0.11004765147173382,0.2400866862885245,0.34155938691383514,0.2569859861850864,0.24546719614043094,0.30069313114625845,0.3190157781364916,0.3065746667291629,0.22756156734552793,0.16322039719108156,0.1365067952231763,0.12683442834952816,0.11860684446880118,0.1135372566792803,0.12376499136381723,0.1316503667490164,0.08883100118467148,0.058407259562913406
2021-07-02 12:00:00,0.027434438502453105,0.019267271146932965,-0.0011421086354371022,-0.014681829306106413,0.030759570181629108,0.12965758407877,0.2630728702970845,0.35216378324571007,0.2618408207231462,0.22030113105475455,0.2914236531841384,0.3342755467402974,0.31209903378277104,0.20097517214990018,0.11977639627537497,0.09111816643943604,0.08208735325025036,0.07920670791587067,0.08298685908283283,0.09730156834210682,0.06418328254628398,0.02744412501910234,0.006601368285366571
2021-07-02 13:00:00,0.009723908204753851,0.004872490463001393,-0.006861784517962545,-0.023797438808585567,0.038097577187553126,0.1676138413302662,0.2870857684038324,0.3218815463849914,0.2507656294716409,0.22465772287237012,0.30844859840522726,0.3736523591701267,0.3546549951623312,0.22969545136883363,0.14208109989227416,0.1131998214675728,0.08575276640140511,0.07993298373531439,0.09007743321500285,0.10648864961462122,0.09376107275599324,0.055540781224180935,0.03539762830555515
2021-07-02 14:00:00,0.02573365716800612,0.014005303171626437,0.0012019040031994257,-0.02527289739743546,0.020807137211090877,0.1598812217448607,0.2612347641270686,0.30207190660265576,0.26653372158828975,0.2486164550464429,0.32045620278580433,0.38669536493774087,0.39281727520015325,0.28219977248839345,0.185773055318205,0.15026453420465524,0.10213037856480685,0.09060934152952597,0.09387958307958137,0.09768816772506868,0.0839462810056978,0.04231740350306824,0.023118996011087127
2021-07-02 15:00:00,0.016685323563975302,0.004192174707851168,0.0022065333974309325,-0.031474228482952685,0.01764920474005231,0.16751876525732592,0.28936387841287314,0.3992821576195832,0.3846660711121188,0.3649876089136515,0.4026133590042909,0.4496433473102557,0.4683887830918974,0.3579793013695133,0.25005613927290904,0.22057549087352415,0.15952083728311192,0.1407309128495506,0.14263699206714273,0.15267807350376136,0.14517019565568276,0.08609546720092925,0.060913607581506275
2021-07-02 16:00:00,0.013923309958548385,-0.004021228032279376,0.0051986748790385975,-0.03450359530680214,0.010078901684600952,0.17943475157751868,0.304816780234841,0.4043347953432818,0.375563589305287,0.3414290853316049,0.3925159082098469,0.4153041401853322,0.42606803557987044,0.3263461210348059,0.22285104992380803,0.20793451457794893,0.1514043163785504,0.1231552767799728,0.11472106171213814,0.13815032166342708,0.1583669035907751,0.09650101875328028,0.07243598785822977
2021-07-02 17:00:00,0.013094731514132022,-0.012435440472662223,0.0020313948433241984,-0.04237430503415928,0.014632522706949348,0.20281595895403925,0.30784535808089075,0.3657849453168408,0.3019604167374654,0.2971609169787291,0.3881763827120968,0.4582721314640462,0.48771640597436156,0.38120523677178025,0.24987543171345325,0.23144110110900137,0.17661168351186443,0.1434333230817209,0.13456202561250313,0.17114537836668076,0.17646432592766734,0.09752268295455939,0.07718448873422853
2021-07-02 18:00:00,0.02037166589145495,0.0005331450300877166,0.005064381495446468,-0.047181658374973276,0.022645212186763575,0.2017931918487489,0.301526098089699,0.3900671936973783,0.3473613870558482,0.35241313953415176,0.4414407243292723,0.5106504954683285,0.5690095105633844,0.47436659428421546,0.3077395309640446,0.25757286028251297,0.17652059815264062,0.13422583824760698,0.12858194418007135,0.17334281003527335,0.17002255575050412,0.09092350616158452,0.06791878375701946
2021-07-02 19:00:00,0.01218972667552852,0.00560723665668499,0.0010344555578866888,-0.054787584485349185,0.03252139630195839,0.212677605622986,0.3189574992768727,0.43829944447734803,0.46184451577525343,0.48445099714233125,0.5638058560395337,0.6440049351823812,0.7092175540069342,0.607297843540073,0.4091940295869278,0.32694032614648194,0.23934687578883912,0.19098247495423754,0.17830208647225376,0.1913770748356962,0.15941838538936562,0.08871371645709822,0.06687331473944544
2021-07-02 20:00:00,0.018530590834563997,0.02373745580081241,0.004672951369070758,-0.05415754635739778,0.03661509076699717,0.19675831835595445,0.278594010434312,0.40405306324168117,0.45026796353372756,0.5059521636456412,0.6203248392581723,0.6972301717362093,0.7525904425382633,0.6412514273923906,0.43534887770688036,0.34336021524195204,0.26374348362975264,0.21277878654112914,0.1782854214260466,0.14057737126308467,0.09297231642828463,0.05995335170014052,0.04818389220697238
2021-07-02 21:00:00,0.003032827190254649,0.024409851157389795,-0.0028262123342608888,-0.051839538968917596,0.048539261902845285,0.1951708792390521,0.2772355727884067,0.3734749938420559,0.4354628282093705,0.5421291469931723,0.6641060459608538,0.7283617098025387,0.7889258624374581,0.6676349230072379,0.44430821039357354,0.34684609996688653,0.26720473398343764,0.21604731782514944,0.17163246857279366,0.11610541872043861,0.06290472536717369,0.04749674182923837,0.04364084923182299
2021-07-02 22:00:00,0.008003904423349249,0.04040462211296849,-0.0008934583356697604,-0.029340854663049993,0.055699128571441284,0.17746889421595427,0.29580118598958416,0.39620917158987423,0.4579575135759093,0.5900836295290277,0.7175959296563965,0.7932044772169985,0.8956198837502906,0.828272114288327,0.5685439595228338,0.43615829848045257,0.32965987268771163,0.25889700770389834,0.20896033098728936,0.15198997557733862,0.09404988592650992,0.05509530435900453,0.04861871078826461
2021-07-02 23:00:00,-0.007890447221520576,0.011350622657638896,-0.02582316172183849,-0.040215306739685486,0.041059241332236464,0.1861900048681509,0.33577903211443044,0.39760545138774583,0.46306450468643146,0.6165090035761965,0.7603949702894667,0.7869325067024283,0.846175069831051,0.7911099158248469,0.5225925092716177,0.3633246975913547,0.26811815446139453,0.203751792190324,0.16104977113598026,0.12243368340839816,0.08367640025633122,0.05135262303935801,0.04906248101362965
