,Az,Ae,Kz,Ke,Cz,Ca,Ck,Ce,BAz,BAe,BKz,BKe,BΦZ,BΦE,Gz,Ge,∂Az/∂t (finite diff.),∂Ae/∂t (finite diff.),∂Kz/∂t (finite diff.),∂Ke/∂t (finite diff.),RGz,RKz,RGe,RKe
2021-06-25 00:00:00,448895.3683542728,112200.42282828127,2282629.2083100085,623788.5109566806,-0.016166780719445648,0.9715749298083088,10.297365023619072,-0.017035695646587592,9.746389273968688,-3.5177494777984153,-13.909688891558021,-16.0948763401808,64.76171790861846,-16.831971575412634,-1.489388613205188,-6.335481277209891,6.598171535341422,-4.659404531246679,2.3739170221267787,-18.26804256507852,-2.1928095895384034,6.002407670785173,-2.13026567890316,8.14123449436794
2021-06-25 01:00:00,472648.7858815019,95426.56651579322,2291175.309589665,558023.557722398,0.10349827732275754,0.6116105554490561,8.767813890474208,0.5205427638587751,8.70802222663117,-2.2752040454170204,-10.730043051323236,-19.038310313114124,61.063899236793524,-26.30580321926054,-1.5609899650741514,-2.1498901322580104,5.823151871682292,-3.7934862224791304,4.662819442149937,-19.388659070943906,-2.1697615221770645,6.521550325676206,-1.6093499686523907,7.896922368785653
2021-06-25 02:00:00,490822.0618303853,84887.32202643153,2316201.508293488,484190.1656458845,0.44246184478744083,0.35735866501447305,6.817906525401167,0.34739126508441126,7.343799091419923,-1.0383959255929742,-7.236451696078006,-20.587608517757918,54.400611984215004,-32.01862918385877,-2.3966119941381163,-1.4762798519758014,4.300785349916906,-2.312063740956855,7.910722391955335,-20.425723228000773,-2.2431932317011025,7.886805717844733,-1.2836352152939425,6.6324005500739
2021-06-25 03:00:00,503614.44040090364,78779.70758090387,2348132.5108117433,410958.3504807924,0.6203128370537399,0.10445509820153678,4.94252832424347,0.2603469674805522,6.635650224944469,-0.4847739083830248,-4.354777701179549,-21.073163815532084,47.57074838033077,-34.90624319959849,-3.583774801648133,-0.8574508969223049,2.9299559278418825,-1.6148039154376925,9.023813048181214,-19.78811623392924,-2.98092636184731,7.815749588063554,-0.9741381377756523,5.967228938365761
2021-06-25 04:00:00,511917.74451084685,73260.73383528015,2381172.962240393,341715.728761594,0.752964638537896,-0.07298238991429362,3.4174784803811042,0.2610119124020599,5.909020315837544,-0.11426722856764361,-2.9462704310242684,-20.286575594407264,38.726558531539,-35.01245329406973,-4.481842613341833,-0.5771870133100334,1.3710175015192605,-1.4195701242370422,9.26899254045572,-18.244942387625198,-3.858020565694681,8.044819852560988,-0.9713085933530452,5.1980997747611095
2021-06-25 05:00:00,513485.7664118423,68558.80268639716,2414869.2571030245,279594.765289891,0.9961514532511371,-0.1664910938813124,2.209294208678479,0.20295769858473595,5.5004811846722435,0.10283540814381464,-1.8199554393737585,-18.111930881241772,27.358736483786203,-34.44672647043814,-5.331177910828883,-0.5148190433093772,-0.3728557972878803,-1.3231710471740876,9.930822934683723,-15.749131736910186,-5.043676622590299,8.545332712127866,-1.056557662851854,4.369135654425328
2021-06-25 06:00:00,509233.1827703741,63733.902295626714,2452674.8873701156,228321.98025584064,1.1839091924014484,-0.20467201068146262,1.3922978144002955,0.22665036322219392,5.712801257754362,0.07865564579777296,-0.2607381246140147,-15.575016960688174,16.03899030195992,-35.795523180885475,-5.943242658882121,-0.48148580849748446,-1.3717559844604774,-1.3997815004033216,10.572434940653103,-12.965719003322928,-6.105320060494853,8.256966058465375,-1.047114772297438,3.7749454085433474
2021-06-25 07:00:00,503609.1233237269,58480.375883493245,2490990.788675727,186241.5884659659,1.1880896208899439,-0.20137877909746324,0.9052106175711131,0.24215580266099898,6.241946630971349,-0.012304196148702104,0.2842336756482172,-12.981295017132446,7.975550095323622,-38.6042198041474,-6.181930524661593,-0.5137199259003551,-1.598337625402831,-1.4807857740472437,7.74104572505037,-10.561857984386334,-6.8535734145816996,5.363511810941096,-1.0249469961400794,3.0824918476562253
2021-06-25 08:00:00,497725.15186747373,53072.24472248656,2508410.4165904783,152276.60276825904,1.1873713938106603,-0.16159777807315617,0.4923444425238286,0.22877435917466554,6.513978854635874,-0.254549774280592,0.10014852973277738,-10.095155526447561,2.1170299553319785,-40.54433691697593,-6.195764910453557,-0.42984611105296694,-1.7011419229613562,-1.5139852067900201,1.250039258269244,-8.402075709706876,-7.189347161859726,-0.5298251077980223,-0.8690632952616064,1.9566499000898485
2021-06-25 09:00:00,491360.9014784051,47579.6823946051,2499991.0713352654,125746.6433560764,1.1664710193379262,-0.1295479322147899,0.151702930403142,0.18388208535158787,6.799709104592691,-0.4158535379673253,0.5123882023249717,-7.316655059003811,-3.190962313124363,-41.35886355809541,-6.192705451838682,-0.3605103230911206,-1.5685867904810664,-1.438971417218635,-5.125854542586086,-6.3205941250154565,-7.331372807950621,-6.956416694652126,-0.7096878616849318,0.9638817790399088
2021-06-25 10:00:00,486431.32697601005,42711.65051851239,2471504.2638838585,106768.32506814775,1.090472748853926,-0.09782143644359657,-0.1133454968304823,0.10985380978991388,6.907514291702421,-0.3703823861333297,0.06169025109903947,-4.702328040634489,-5.15892262919743,-34.85571923055293,-5.9668015577061775,-0.3580734528101761,-1.100804703386659,-1.1833357242099383,-6.706638579969035,-4.396137924378998,-7.0156676826787505,-7.7454560830915185,-0.6052780918430982,0.08299080963509553
2021-06-25 11:00:00,483435.10761402117,39059.665180293545,2451703.2735594884,94094.45030054761,1.0602723267901362,-0.09627534785196082,-0.3193105187417749,0.07464299056055677,7.307622721836067,-0.3055769966781969,-0.2226713812078117,-2.955280688201895,-4.533818423540097,-25.8977093916925,-5.892869148385592,-0.31866436610531546,-0.33890224633402893,-0.8921178797562324,-5.909463655037689,-3.159240956433437,-6.682527989231921,-6.427754081878238,-0.4156225446655179,-0.5979137775338734
2021-06-25 12:00:00,483991.23080240504,36288.40178426752,2428956.125567587,84021.790181827,0.9856844411609619,-0.11324904431875144,-0.45411985872921284,0.04355265137596935,8.048681972715707,-0.2738724747701675,0.5964077771867016,-1.772588077115124,-1.9069853225516686,-15.745471133937809,-5.948468269126391,-0.3377818464977275,0.7397122964747379,-0.7422767647553853,-6.455179872903585,-2.303148093338835,-6.436534279398759,-7.583152232522036,-0.3116025942904971,-1.0282325263288934
2021-06-25 13:00:00,488761.0361486393,33715.27247405477,2405225.9784745825,77511.784028508,0.8952179581632888,-0.13766797110412082,-0.5753964056459228,0.014548387508556365,8.532079814584625,-0.153611875004998,1.3957946359891698,-0.9291109814742496,1.9938168102716052,-5.723656726936434,-5.812245696662211,-0.35157773701702055,1.9603464167256688,-0.5476037889931316,-6.576973420562442,-1.393675123980138,-5.814183410799789,-8.292589609068978,-0.24177555537545636,-1.0545089356603676
2021-06-25 14:00:00,498105.72500282986,32345.65450351697,2381601.9169395375,73987.32928917001,0.6637437735944237,-0.16855563727883582,-0.6690831648254032,-0.017650562633646498,8.641478387638834,0.05103726694131842,2.042732563074942,-0.27719913089365195,5.812623544819251,4.45957060613785,-4.903168481149429,-0.2593147410818868,4.027974667991277,-0.16571314421521038,-2.784926823278333,-0.6833423961055288,-4.118315583331969,-4.822319995122296,-0.06584533651133948,-1.0575758674036337
2021-06-25 15:00:00,517762.4537581765,32522.137835705256,2385174.5053469785,72591.7187765482,0.40799104418511195,-0.19467268882074726,-0.7147038680916856,-0.043880284459661814,8.65750726219021,0.3282453785681132,2.9620013012916826,0.15802033032628332,11.447642809325224,15.65557443315728,-3.6862767969001533,-0.16819599571429078,6.536133390528501,0.30338143328029726,5.974697946350594,-0.41771435271545165,-1.9080555162973445,3.319409468965486,0.1259284590732695,-1.2465582666737587
2021-06-25 16:00:00,545165.8854146351,34530.00082313511,2424619.742153262,70979.78594961876,0.17978108901680898,-0.19799059604634536,-0.7242271994315044,-0.07506733788922365,8.398600591189329,0.2978392045290583,4.446807187289999,0.3394270149122469,17.244207100361468,25.00583853092707,-2.934880161671704,0.049683938357759,8.077748885581281,0.5220673633365464,8.489750552692762,-0.42761259341171254,-0.33906121263758493,4.587389475817459,0.3471514169646097,-1.4161994698662401
2021-06-25 17:00:00,575922.2457343617,36281.02285172839,2446300.7093263664,69512.90810398386,0.033717128039020605,-0.1676541650712564,-0.6821602445268108,-0.11587506279461057,8.004594858306422,0.23931488264931589,7.217684190043658,0.44320382206317316,21.713826422053643,31.205634402665595,-2.0223920367711443,0.021336517440771807,8.291291014571778,0.35432783381703,5.956952539782376,-0.29213471155469556,0.15275911923311902,-0.6122885337734916,0.16679205344435988,-1.301623715350069
2021-06-25 18:00:00,604863.1807195519,37081.161226617725,2467509.800439695,68876.41602642495,0.08802164337863294,-0.13156832214329445,-0.6333359463574861,-0.1151621952460441,7.943321194448304,0.18908827723912328,9.566110564290355,0.525346590248973,24.48655895646367,33.97909218746544,-2.1247785187755115,-0.06685787905401955,6.579735841986775,0.01663904546078811,3.2940112866107505,-0.0563928953890354,-1.4071320312261903,-5.7267849747007515,-0.1560431048810848,-1.0999132367494504
2021-06-25 19:00:00,623296.3437966665,36400.823979046065,2470017.590589964,69106.87925718281,0.129483918229489,-0.09479064265878924,-0.5718116630873148,-0.12004424687154293,7.556382486105617,0.18770189318276667,12.065049391663734,0.5246560828170026,27.17048546238284,36.234376588913754,-3.046207079629724,-0.28650013742362923,3.138613408184303,-0.42427407599381894,3.51817756448051,0.0560553296438694,-4.383075802350614,-8.104544082325399,-0.6372295733893393,-0.9203681693889051
2021-06-25 20:00:00,627461.1972584788,34026.38787946223,2492840.6789039546,69280.01439986081,0.19829819691657383,-0.08443777638825231,-0.5244982491563158,-0.11498179151685838,7.00706842257473,0.22821450536453372,13.780175624236627,0.45313323196979793,30.637548340321754,40.01059299817485,-4.351532855205437,-0.4067064107367516,-0.4794735611001023,-0.681419120371381,6.3451462193367,0.1119092306408513,-7.372681563146511,-7.108829352660186,-0.9401776408645207,-0.7507404589684041
2021-06-25 21:00:00,619844.1341567457,31494.60631237212,2515702.643369188,69912.62571779694,0.15417379199108935,-0.07447219206415183,-0.4683184101310614,-0.11412002604271203,6.502052961057017,0.3013248239205284,15.220464135211545,0.32601356480182947,33.18467240194045,43.13896901816224,-4.493608435177164,-0.17345932270971232,-1.1859219027659855,-0.4296869424654506,4.896068092548198,0.18415427791797911,-7.608273263896065,-10.010251424523375,-0.7706596003645392,-0.4960576709721997
2021-06-25 22:00:00,618922.5595585637,30932.641893710985,2528092.3691703016,70605.92520087026,-0.0011107510236591542,-0.07902588260651477,-0.39060095134869827,-0.1306288556857436,5.921120723977217,0.34308482543779556,16.091180340957955,0.22343769054137144,36.614948900284034,47.257809499902066,-3.5793890873841985,-0.08699147464302044,0.6178306316677966,-0.07240740567561463,2.904887990615227,0.1539032198990248,-5.383426725939595,-12.79458064797037,-0.467095204192639,-0.3295065663053013
2021-06-25 23:00:00,624292.5147047539,30973.272991507696,2536617.8369016177,71020.72890106992,-0.05549251916885202,-0.09852772822166081,-0.3118734849368528,-0.14205831120700702,5.293696567314918,0.3464594698754995,15.352451139887794,0.13131941437842257,40.535223721438626,51.810450632514566,-2.926303376996448,-0.0389067162869583,1.540200091769964,0.05161183495445989,1.3116528393676141,0.1437459905439088,-3.9075167229354673,-13.673432296414475,-0.33837821790638584,-0.15738859756435955
2021-06-26 00:00:00,630012.0002193075,31304.247105383096,2537536.2696137484,71640.8963327864,-0.11545471192997464,-0.11886318923320587,-0.22114143547837298,-0.16278396769638687,4.420669950757589,0.35886407615103827,14.047345067826788,0.06191427662541301,45.43471753043331,57.82605133601063,-2.514667070001176,0.07244871248675727,1.5173926136640592,0.19427710741486912,2.6967100173984524,0.12745278759358877,-3.1375952382567105,-11.014038903019987,-0.20850774719935017,0.007181043186189624
2021-06-26 01:00:00,635217.7415231351,32372.068164894754,2556034.1490268866,71938.38897174376,-0.15597909878013175,-0.14050471429111355,-0.13916610800263732,-0.20091921171708324,3.5656124878834525,0.402322169230123,13.022227803106903,-0.005870583924010249,50.759993153995,64.75113156067647,-2.14379232819624,0.24650081225501214,1.3685425694189648,0.4050700149015332,5.185963597243988,0.15143482003449915,-2.493553731535733,-7.541118999080146,-0.05766665175455954,0.21905850767295534
2021-06-26 02:00:00,639865.506719124,34220.751212674135,2574875.207513905,72731.2270370348,-0.24307232381393598,-0.15715140517697626,-0.04702507444679787,-0.22195113441326747,2.8352088320099025,0.5117999714526038,12.959847038755694,-0.029330717968053213,56.59153045280228,72.22205410900573,-1.388334879299883,0.366392770173218,1.542708420097883,0.6133741185419104,7.378058899681976,0.18588589515672438,-1.6927241409029319,-5.291690740812983,0.036774417853015384,0.39014267309124717
2021-06-26 03:00:00,646325.2421478399,36788.36181839651,2609156.173104597,73276.76741687217,-0.38733852126533774,-0.16083187220975806,0.05270468775582206,-0.22417795486019496,2.1164698649070353,0.6947988134371412,11.467148490020008,-0.11187903865058679,64.22876464118242,81.56197451808708,-0.4881421224140014,0.3747297491984458,1.9870823596892135,0.7854303181732555,10.700858176006458,0.2265293010554362,-0.6775578986929176,-0.43165648050403504,0.027285422085677302,0.61529098232204
2021-06-26 04:00:00,654172.4997088864,39875.849503521575,2651921.3863811516,74362.23800463394,-0.5387372179024643,-0.15952162972762454,0.16135333636930116,-0.21292978707091778,1.3817084002588147,0.8630526234592651,10.0357756738342,-0.1293928209930437,71.54550880748694,89.68926244010203,0.2576760521989329,0.3407350561786221,2.2632193884540173,0.8672509222999077,11.513575673739995,0.5305087503259852,0.18325214056511374,1.8551838814389576,-0.04920985850265058,1.034184694759248
2021-06-26 05:00:00,662620.4217447088,43032.568458955844,2692053.9179555248,77096.43041921926,-0.6136301618000298,-0.14625152237041053,0.2979360404947817,-0.15303110654813884,0.5303765097796571,1.027789663158787,9.718148523633166,-0.04879057041075341,76.69194361685673,95.04259846832002,1.0128459668912846,0.17826073028144523,2.3475469550816506,0.8203630813962536,12.982555585438515,0.8758150437951453,1.057288761131553,3.5801011831105978,-0.21420616594026187,1.3755727612488193
2021-06-26 06:00:00,671074.8377854743,45782.4636895746,2745395.786596309,80668.10631995898,-0.4328403890408206,-0.12865057324692308,0.4371120884843095,-0.056958895151620746,-0.005551148467317468,1.2033722958943223,9.923898933571024,-0.03832363567154938,81.43009147803764,99.73398123876439,1.165149515025506,-0.028995756459696882,1.8242969461099872,0.7729465939063812,15.887854553902612,1.2423572814884958,1.2683571322895608,5.9596839208881,-0.35873402389263875,1.7747519007959753
2021-06-26 07:00:00,675755.3597567007,48597.78393508179,2806446.4707436236,86041.40284593643,-0.07295601789077896,-0.09642969422762866,0.5747767884029028,0.08637080302732011,-0.2642762148151453,1.4468899467018483,10.294125010282373,-0.1288439631121514,84.57777087759223,102.4654113612731,0.6759371338503946,-0.28702612016848705,0.590714661641234,0.7550066237214115,17.31237290462201,1.7539556822250253,0.6856051643379717,6.51642712382751,-0.509082825725488,2.371205630712759
2021-06-26 08:00:00,675327.9833492911,51218.511380368764,2870044.8715095874,93296.58723197917,0.2995997311680737,-0.06960017186537942,0.7052115209240396,0.23919064690554775,-0.29498812818568987,1.7389421758563446,10.524546415374239,-0.1871921745793988,87.44518377993774,105.3567191136964,-0.09942556837764599,-0.5220572441985035,-0.7872618996665955,0.7939058644448141,16.394431419132548,2.3108580981435947,-0.26227421217821134,4.865073751666197,-0.6362454926406031,2.9640711467414858
2021-06-26 09:00:00,670087.0740791012,54313.90615908445,2924486.376961378,102679.58115257032,0.5270814093862749,-0.05974656408585999,0.8253184142209563,0.3138362247966857,-0.3233456886263377,2.208034036736286,9.288827236176468,-0.2995385405010962,89.52839316685167,107.87384890102044,-0.48203421656218826,-0.6090748468581861,-1.6047505020370267,1.1466876779014639,13.561555786107718,3.03641385550006,-0.8140699681102739,2.920328726324019,-0.6877635699522766,3.847434585425427
2021-06-26 10:00:00,663773.7797346245,59474.6626612593,2967688.073169563,115158.7669915796,0.6179748577037016,-0.03987323183869718,0.9480801349189497,0.5046235560983157,-0.5729069537919453,2.6724775532232483,6.16245506399285,-0.24669081267829088,93.10717608206055,111.91573770483787,0.11339917868347932,-0.4968356474638488,-1.4267002033278955,1.7139582983905832,14.8355999114691,3.967223477558598,-0.2756916236709457,7.107089854853598,-0.41402246689565203,4.657370869057523
2021-06-26 11:00:00,659814.8326151404,66654.40590749665,3031302.6963239554,131243.59019099222,0.7207402360400273,0.014762346520310221,1.0735984630797162,0.7797074136099393,-0.8438389661407336,3.0951596320209416,1.8968113932014545,-0.3289636627679753,98.35345909434335,118.2223110178158,0.944965190365232,-0.4394521401761961,-0.8336619107037485,2.214202334570502,16.70872973616455,4.6226167604576345,0.7456796379973227,13.017579643843352,-0.11601223036081043,5.245471472695387
2021-06-26 12:00:00,657771.4139775576,75416.91947016692,3087990.9272699477,148441.60766687457,0.6204968708446456,0.06337234910458853,1.4830499790298153,0.9015678510074143,-1.1433954311947252,3.5220575301309056,-2.6729157316230934,-0.6236762516679002,102.94687232194036,124.2938309089073,1.9098940837495035,-0.6797023434599512,-0.10886980000694166,2.443375677948388,15.359533622901202,4.613326812984099,1.7183948511370177,15.928902504649834,-0.24048635027969167,5.818485192674401
2021-06-26 13:00:00,659030.9700550904,84246.71078872505,3141891.338408844,164459.54324447774,0.4675181541666752,0.14257995911491278,1.8407406287190011,1.1291322351718809,-1.5609186947279456,3.9808101226684633,-8.740785454451268,-0.9220066360309775,106.93089704863627,129.63851334208096,2.7596265655494565,-0.9850262970084325,0.6557167808194936,2.609029923168853,12.935903056479162,4.616715684579285,2.8267335888290273,19.368429728044752,-0.38522792344264234,6.250330714157383
2021-06-26 14:00:00,662492.5747994579,94201.93491698266,3181129.4292765977,181681.96059584542,0.19539823223423386,0.2564107452675357,2.2291444645592944,1.1859770165551506,-2.3537673439805924,4.454467967510809,-15.200364611322026,-1.0175111398917747,109.5839047917221,133.9922064824581,3.8839664184409877,-1.4191893600133463,1.5853037978579394,3.098870151034326,11.981559599326186,4.50285477818722,4.390880119340301,24.757381513854682,-0.4260315451888683,6.563533366083138
2021-06-26 15:00:00,670445.1573996675,106558.5758761722,3228158.5675239926,196880.09764742572,-0.09619180461402528,0.43088329159810157,2.3954880985050133,1.0627017469326399,-3.0004009566359273,4.8755278483038245,-21.610515397340574,-1.3701390795328696,114.81095322934087,140.51027459370653,5.4370255279785855,-1.5688252626202313,2.675419888978617,3.9563586410696514,14.304354299958602,4.1411521135078795,6.010512332598621,33.61557340340819,-0.287350751899635,6.844077544613123
2021-06-26 16:00:00,681755.598000104,122687.71713268415,3284120.7802362996,211498.25581310215,-0.4708746571526283,0.7045046539719456,2.2461523152731404,0.8805525538961309,-2.7349771163421566,5.199211645016219,-26.600412818866914,-0.9697687967460501,118.05405990223211,144.41643254949267,5.891407889576606,-1.5456020099126542,2.8243771402949642,5.049009640751606,10.163356779641601,4.441464932305353,5.792984253456439,34.988491940388,0.025845895659571738,6.7768334904284115
2021-06-26 17:00:00,690780.6728097913,142911.44528958376,3301334.736337412,228858.64516002426,-0.8052614354288395,0.9884576169074659,1.8985226518620864,0.8135028820992705,-2.3613368641922983,5.810517108667913,-26.556315672569365,-0.5148038963339076,119.89748943059624,147.6778051342042,6.0172254326014984,-1.517273515974749,1.3649403067647492,6.115621282937029,2.5297498402675975,4.553971940623014,3.9094733524356737,27.992804296403715,0.13014943946092128,6.153795606719736
2021-06-26 18:00:00,691583.1682088102,166720.19036983076,3302334.9790862263,244286.85378558785,-0.9691638576491735,1.2637194057515857,1.5113279792737064,0.7775482760936442,-1.4243040252692796,6.648207167829087,-26.663551227909466,-0.8302932861151828,120.88724737484094,148.22120798942785,4.802620808520403,-1.7505835484315013,-3.493190834904607,6.321300290299473,-7.741630669427751,4.9685639303786555,-1.7743312615329156,18.37975643685718,-0.8130780071875554,6.5326369196739
2021-06-26 19:00:00,665629.6987984781,188424.80737973997,3245594.9955175323,264632.3054587506,-0.945674313826445,1.3813805417361158,1.67909941861538,0.7494217405962653,-1.8141580313379246,7.693200506869671,-21.72921052931283,-1.0716861881010369,120.81197045999738,144.50968002567276,3.7892922600578993,-2.7612621243624056,-0.4764608150583323,7.904210844201091,10.115545395587041,6.628697491075004,1.7734034441892632,31.111330820110936,-0.42094846380843,8.630061357195155
2021-06-26 20:00:00,688152.6503403902,223630.50844807862,3375166.905934453,292013.4757213279,-0.45570506221275064,1.6445757558056067,1.3220180866522084,0.9422169750171832,-2.1016985499296537,9.092107012472244,-20.43893742570071,-0.578253229596872,123.12012323613202,137.87328358041594,3.694895527398537,-3.7765557709056594,9.596005404758923,11.021832158079937,35.628598567986565,8.630234296678035,12.886574648281432,55.20122296924782,1.2273663648192699,9.588288637909931
2021-06-26 21:00:00,734720.9377127424,267781.9989179155,3502120.9052070356,326769.9923948324,0.34495026001753887,2.0811655896002605,0.7454414721574778,1.1640111073929822,-1.3179387887204097,10.303643212985403,-21.36830427076356,0.04596879125890713,123.24450165247914,124.75946637622705,4.50975692354564,-4.038656929974945,8.039171639438152,7.071153307660275,22.920602833028276,6.361414880069626,11.783226277776361,43.19851537161682,-4.1496443875324065,5.8968764535752145
2021-06-26 22:00:00,746034.6861443449,274542.8122632326,3540195.2463322566,337815.6628578292,0.7643856183630959,2.0306318394981786,0.8187114374896021,1.306387860541982,-2.019707475047882,10.910786108800156,-19.59102070015617,0.25464913085195756,126.23530021171715,122.56677828278627,5.744930583728696,-3.5265716394299265,2.0749298889052685,4.466493436655809,7.816706377630084,4.047804856794068,6.889654821814425,25.824630021933558,-7.168536651100544,3.3054793028897302
2021-06-26 23:00:00,749660.4329128603,299940.75166183733,3558401.191125972,355914.1873637497,0.8410352595799936,2.1458243415896483,0.5866669214142191,1.6221226176465504,-2.8364349596027636,11.920133533876474,-17.22593924543983,0.3753230102515865,131.67169903197728,123.63745420920432,6.243662829235503,-3.8907215650091103,-1.0244210417109167,6.7234430964490866,2.2433451308368886,5.030722226828803,4.798873519061489,18.041582195282505,-5.720392161370485,3.619943520344885
2021-06-27 00:00:00,738658.8546440263,322951.602557666,3556347.331274282,374036.86289099656,0.7940512573202688,2.147655399143626,0.6682324456129057,1.7711050885397726,-3.600562186196297,12.608843442672473,-13.777309151165406,0.0621852474060787,134.42540040872612,123.85501532202797,5.647511483194765,-4.387581707840075,-3.4176470171074875,7.390056885807078,1.341024281698693,5.502500959599897,3.1246218255527043,13.656049729930924,-5.595336867469249,4.337443069266951
2021-06-27 01:00:00,725053.3743896864,353149.1612396483,3568056.565954203,395532.194272869,0.737821263908262,2.2539373764533437,0.5320242074880559,1.925534733011093,-3.9961829752351923,12.772832848518757,-8.832141210135665,-0.5766415256461007,137.82807609818622,123.91913748340527,5.2487638945013,-4.910321049034874,-3.144165693453607,9.600397017958596,3.913937281084622,6.397226829078152,3.843775922143191,11.476233019823969,-3.5008384740024123,5.5803578292012155
2021-06-27 02:00:00,716020.8616511603,392074.4610869679,3584527.6796980915,420096.89606035926,0.5244351791191775,2.419768144895302,0.23815300065108835,2.2320842658293816,-4.829545274718798,13.087391597430962,-4.391201864687273,-1.618390836088403,143.39838153563136,124.16008092175666,5.062178746496069,-5.458092380173814,-3.237974470505287,11.823681620811323,6.584171651886621,6.939348803431575,4.53577412822799,10.212785336803627,-1.4513938556855592,6.5638083743416855
2021-06-27 03:00:00,701739.9582020483,438279.6689094898,3615462.6018477865,445495.5056575763,0.32822575207206217,2.5766244849290816,-0.2376648516287252,2.4160342566020603,-5.3994827622495425,13.388745734130524,1.5274833723446126,-2.8968807699005534,146.53056912050565,121.54650046147873,5.187115776636499,-5.962479711079267,-4.573135688646483,11.506772336354357,9.325102428956113,6.151209322915205,3.7311973106042036,7.707058156168163,-2.0425636261031883,6.394390984584973
2021-06-27 04:00:00,683094.2846929056,474923.2219087193,3651668.4171865755,464385.60318534874,0.20945825252115072,2.5490206293988527,-0.43805581318395503,2.593815048972118,-5.568392075582444,13.304976823539828,8.462072910734536,-4.080798708176529,149.5564383487752,121.14263381297233,4.76171119833477,-6.027813906602289,-4.627650495313412,9.942933935912459,8.126600442986689,4.911589853569927,3.699220462189035,-0.10687490708504299,-3.3172484680541032,5.960517699590382
2021-06-27 05:00:00,668420.8746357918,509868.7932480595,3673974.1250372906,480858.9526032798,0.0874167101742269,2.4700769258804662,-0.5499218866770909,2.5806394915372817,-5.57638018797454,12.99113727499222,15.23364960889987,-5.885587242213694,148.23917130752764,115.62895975124754,4.166156396236072,-6.155378543649831,-4.065234492500685,12.095575041259806,5.401876283901123,4.061160658766692,4.068639331528548,-9.369268148495884,-0.7849996680755975,6.816186522766013
2021-06-27 06:00:00,653824.5963469007,562011.3622057899,3690561.9264306636,493625.9599284689,-0.029264849335992108,2.518474550584611,-1.0690948284731472,2.3458497779417047,-5.358425681225217,11.96719071123736,20.297355267984425,-7.403682549787296,148.9990723949254,108.87338166867097,3.693299577817235,-5.835793397601847,-4.486800641962424,12.056185950173425,2.422487471251451,2.1272543708214897,3.360834740511412,-16.776508118923836,-0.0836295337068389,6.115992314193933
2021-06-27 07:00:00,636115.9100136623,596673.3320893082,3691416.034830301,496175.1840731945,-0.034865377629839045,2.391233646769239,-1.4500750534239173,2.0143593767751184,-5.409855411650025,11.05439228357878,25.806657665754415,-8.796595960166558,147.25591201558692,103.30262622072571,3.2316204796593504,-5.509424895041385,-5.089014243374938,9.611827840348674,-5.869164944853272,0.660622741827772,2.677209437414487,-30.19088217955393,-1.8194387132242262,5.992784271795294
2021-06-27 08:00:00,617183.6937946011,631216.5226563003,3648303.93882772,498382.4436696289,-0.07255803459748172,2.3809857047872365,-2.43032102545744,1.692307228706945,-5.252448645404615,9.409860752035852,29.50763132337944,-9.978448249446146,143.978394773862,94.79193739481337,2.686607397219165,-5.270879500370064,-5.323724858282852,7.813691866613356,-14.343653812672839,0.513901874620343,2.2371514573115174,-41.34840607599736,-2.2848473615027878,6.369721869902104
2021-06-27 09:00:00,597785.0910340258,652931.9135289243,3588141.7273790566,499875.277570461,0.1121078755709082,2.224504038258021,-3.126636147483873,1.2230299591221239,-5.143653419499788,8.374614188983092,36.946871773553994,-10.584000491039538,140.90578624176962,88.88129796109985,2.2167590467332303,-5.570914177119485,-6.170701657876181,6.454931228426317,-19.299092205968595,1.1267774968991418,1.309563675452536,-53.23143570760963,-2.9211570396926714,7.361111881332683
2021-06-27 10:00:00,572754.6418578926,677692.0275009698,3509350.474944746,506495.2416473027,0.36792042735739616,2.132823878864976,-4.3345644142602895,0.8641614441235761,-5.18775804051817,6.852665796296649,44.05041320259783,-11.82690685836542,136.92944751115837,84.66504627158756,2.243869410236654,-5.831616130432761,-7.536252839490286,6.116841883139681,-23.4148356949505,2.5448385204662434,0.15224950725025632,-63.49860491064544,-2.004486347898368,9.173019520447799
2021-06-27 11:00:00,543524.0705896957,696973.17508753,3419554.910375413,518198.11491781793,0.48801900287004724,2.0731297502886252,-5.943641561466204,0.5051986753830766,-4.8809416469328735,5.159920396708299,49.40659241544774,-13.504202475101758,137.24477705974743,83.9714788722225,2.70214394478956,-5.766223894880774,-9.443049000512474,6.8901268764146275,-31.11709619334472,4.253270007564836,-2.000958600420928,-75.06806605019631,0.16227540480078062,11.308632245817314
2021-06-27 12:00:00,504764.6890542028,727300.9410111551,3285307.382352664,537118.7857017695,0.7381512022642283,2.216076148101601,-8.775655723962137,0.27299467183373766,-4.172153238685576,2.302059841653096,52.23931187498937,-16.184007060707557,137.5531073971891,79.55382813441425,2.4831976238548323,-5.682605680057158,-14.535041523881931,9.850832134280969,-49.97333753729511,7.924095965631641,-7.408660934830525,-94.17514489058657,5.60569081636001,15.059452630543323
2021-06-27 13:00:00,438871.7716177458,767899.166454353,3059746.8801068882,575251.6058703657,0.9932634750341948,2.6390886034185197,-13.35312894861666,0.0799409211579764,-2.3937684091057427,-0.6392376189192013,51.634726599524576,-19.446198378120013,134.86201671325043,78.34542695597331,2.590715824391141,-6.284648798196714,-19.822477518861554,8.572939070738034,-73.90207036660344,13.141445824309226,-13.7963570313031,-113.17693149254555,6.653029007396691,19.1545743326546
2021-06-27 14:00:00,362042.85091839964,789026.102320469,2753212.4757131194,631737.195636796,1.0538796689331267,3.041799227618468,-19.065689431986105,0.1828062555334573,0.7149824683983733,-3.490599181748625,47.40889524479108,-24.67740737811051,133.8796944744102,86.22557844842419,1.9636720596529644,-6.450178222863321,-17.099132576351153,3.544425044735043,-61.95785873284628,13.009939237051166,-13.71843614819793,-91.35494421458439,4.176031254398657,18.438850927642115
2021-06-27 15:00:00,315758.0170680175,793419.0267764453,2613650.297230395,668923.1683771341,1.0428176408621024,3.209757296882016,-22.638061376213745,0.3845846470684163,2.9304194428863894,-4.768015112647876,43.32243904519174,-27.7942477606361,131.7653248423859,92.98849897886437,1.4342173063519226,-6.957784462706851,-13.587792670510002,0.22129324037819365,-49.585785024830514,10.951224340352928,-12.265637175652273,-71.31298033467061,2.16413570321247,15.722826077706866
2021-06-27 16:00:00,264210.7436907276,790619.413651192,2396194.8235343397,710586.010887337,1.0433059756973162,3.3961153138983278,-27.229855175266582,0.4484999502800993,5.601398469404073,-7.20276639462629,39.1601516908697,-31.324775354683553,125.40933791626712,94.61207720421504,1.1636468035596896,-6.717942493328556,-12.006904849664643,-3.2459054992797123,-59.03128611424595,11.008142306131486,-13.168882029473071,-72.00488860554638,1.0092455317283493,14.654562535268354
2021-06-27 17:00:00,229308.30215043208,770048.5071816314,2188625.037207824,748181.7929812808,0.9660859045445741,3.4871767512780583,-31.404529871723994,0.47177139287879305,8.151452816739557,-10.295237423339128,38.40690407119194,-34.35135389374636,116.72674102131346,92.7538969840717,0.7038785909361063,-5.674097808273813,-7.47717928369707,-9.447578163537175,-45.32897441296977,7.612697901294984,-11.175369444613995,-53.29743451698229,-2.1677460985973127,10.087750530438555
2021-06-27 18:00:00,210375.05284810872,722596.8508737243,2069826.2077609573,765397.4357766609,1.0287504570610069,3.629733895896969,-35.27451211433969,0.4509615793553976,10.171112641195426,-13.904568229150302,37.38339143242467,-35.093990360789945,111.83961234765853,91.52984422593357,0.8160879267816248,-3.420499220140657,-2.4960365360773236,-11.108269609270906,-19.093118697509603,5.00943790212204,-8.008664824314774,-22.23074847265559,-0.382473696662176,4.377954569216897
2021-06-27 19:00:00,211336.83909067535,690068.9659948809,2051154.582585755,784249.7458765595,1.0995248993761244,3.719838531690856,-37.6626491252975,0.33787550074252926,11.374428701558546,-14.67678213826294,39.22603768291732,-35.97448084394023,111.0031646685793,93.28376000044115,-0.12412929129712584,-2.675169128542727,0.13352698020983453,-10.141380989045913,-4.007792692344745,5.134148672728447,-6.421538290281731,-6.670706149340695,1.1534381182686992,3.1081048906286455
2021-06-27 20:00:00,211336.44710561953,649578.9077525937,2040970.1003760751,802363.3062203057,1.3081685223677029,3.81172118259008,-40.68123632800179,0.2314248196959851,12.077548108660729,-16.108729276022437,40.25976267537018,-36.13734648403626,108.52246864230888,91.03534857116284,-0.7491827035798025,-1.0200920955317088,0.0589915105993916,-11.283937560138746,2.1595271709117028,5.253414527597665,-6.898666893103554,1.2728323011756046,1.2444953529895955,0.47809986393615134
2021-06-27 21:00:00,211761.57796699097,608824.6155618819,2066703.1782163193,822074.3304752627,1.575938869364311,3.909544549498523,-44.4565278710957,0.1219354938050805,13.206069587842837,-17.07035539736217,40.186353722088406,-35.550678067075495,110.44344220442164,92.68349057995651,-1.6345404707868656,0.5165668233902974,0.16866677451725182,-11.527968834168083,5.761342405621189,7.071969124624754,-7.551919394462751,8.455577685264174,1.7547775075006449,-1.9558161732005317
2021-06-27 22:00:00,212550.84788214375,566577.5321465835,2082451.7656965477,853281.483917604,1.6979829592490956,3.930048143574663,-49.472908358139115,0.0012811175033190392,14.386931820495034,-17.568806230132612,36.09923760997442,-36.10179784373624,108.9121663579542,90.33684279815347,-2.249594996575593,0.9087041569252576,0.5300581318120142,-11.417528098022368,2.6749605668100087,10.44515903289223,-8.228842585859262,14.350648355725603,2.222511106038901,-2.927232599013962
2021-06-27 23:00:00,215577.99651603747,526618.4132561209,2085962.8942973514,897279.4755120868,1.904754905241467,3.9629299271911664,-55.09892729155763,0.0818124684286059,15.315222771262592,-17.441114852656558,32.6225644447418,-38.98452860324442,109.3598517398373,89.35808276680277,-2.536596988280679,1.1692232546332206,1.081822924473001,-9.99315419838084,4.737970695444544,12.907251884766318,-8.365715014356958,25.30957863701891,3.566843195513158,-3.288959271975493
2021-06-28 00:00:00,220339.97293834935,494626.8219182415,2116565.1547037484,946213.6974879215,2.015423621729025,4.248478109354268,-60.61974481978173,0.07286107687941885,16.078146564120058,-17.098501398876262,29.832729330674475,-43.28608031742436,110.4199554975959,87.91196833075567,-2.711966989924159,0.9692471298862193,1.194256586325941,-8.581987480916302,7.932386681388048,13.54402723448241,-8.619988246710824,36.70397854876628,4.34089688548511,-3.8624983447543784
2021-06-28 01:00:00,224176.64393758425,464828.1033935235,2143076.0784033453,994796.4716003601,2.0315329622688725,4.54854249786746,-65.8760533446569,0.038923172825507925,15.926398844602032,-17.834683010526888,29.55983386373686,-47.565326866613844,110.26785759858599,85.45680235730462,-2.3467589820587818,1.1195690612739393,0.7075037616789551,-7.855488501249266,2.3156406572506403,14.163552739309752,-8.638819622786745,36.60032717590181,5.469575184235669,-4.186096911558806
2021-06-28 02:00:00,225434.00002243783,438067.3047092468,2133237.767435953,1048191.2772109517,1.8889509339094162,4.985514097618239,-71.52953714373498,-0.0652122931771994,16.323103888540558,-18.769118133243335,33.81837231332281,-52.501782320689465,112.3865656853209,84.2636914848451,-1.6873407865979626,0.3071547029923447,0.4706193015109885,-6.862864491543765,4.450167200386641,15.478893189505502,-8.978019555501914,40.272381096889404,6.855527250904133,-3.483649340362817
2021-06-28 03:00:00,227565.10290846336,415415.4790544084,2175117.282246129,1106244.5025647997,1.690308280644151,5.517127955699503,-77.0250306761213,0.19883182810329464,16.71653542950187,-19.50654916153723,31.78418131325146,-55.4235610661237,116.4507727399409,85.59987642461793,-0.6563313957566806,-1.362117031590183,0.5106789740765291,-5.779150888375807,13.175935890246441,16.8607763640531,-8.998420219081687,56.726476972472135,8.409102145565214,-4.9395250740478005
2021-06-28 04:00:00,229110.88863578884,396457.418312941,2228104.5058457274,1169588.867032134,1.4041598238629545,6.0153410219292445,-81.6351056227081,0.31525327433396255,16.137979921090626,-20.773922673887448,34.124426221528495,-58.89513611357834,121.11235409263347,86.9503097955332,0.880858197626408,-3.183578767408057,-0.040948598075329856,-5.635116578560734,9.934774628475553,17.701156583186595,-8.759427673373757,56.0412942057922,9.438718347731431,-5.354066200277124
2021-06-28 05:00:00,227270.273002321,374842.6396887711,2246647.659571153,1233692.8299637432,1.0685503421067888,6.270883531264291,-85.53801785954661,0.48099251965933065,14.89875301028984,-20.91993909506357,35.76245700116199,-61.14700881489524,122.57879252379938,85.91388847333681,2.0095175218094488,-4.04994813281179,-0.6337221798843772,-4.91748809013004,10.274330034969479,17.406018767155604,-8.193041316803136,58.981340551247314,10.212559993328568,-7.4659827971551
2021-06-28 06:00:00,224548.08894062132,361051.5040640047,2302079.6820975076,1294912.2021556543,0.6887081080039377,6.5981949776370605,-88.8537312474073,0.5900498329936239,13.70306924762832,-19.540941751884056,33.2052615438717,-62.45409041607989,128.09728771563675,87.82446509005084,3.496823285259492,-4.717225958850715,-0.6874984249099847,-4.956449380019128,1.0842933009134788,15.170338049341938,-7.103664586897307,56.04405489644513,8.57634722722149,-11.819352614979081
2021-06-28 07:00:00,222320.2843429691,339156.2041526334,2254454.57133773,1342919.2639190052,0.3178593514101938,6.734396416639645,-91.65609870871648,0.5864425368361588,13.035179635795021,-18.73951044472308,29.723751456782406,-64.65955835402103,127.39009281181335,85.45117726108951,4.274177718971498,-4.486030916158018,-0.6041418339560187,-5.4274226891106725,-15.348097444076362,12.565997179537275,-6.587065701701201,46.266390456447525,7.164133875808922,-15.016985711994337
2021-06-28 08:00:00,220198.267736138,321974.06070240785,2191573.380500158,1385387.3818483227,0.026058008192210103,6.769023635310243,-93.52537283100169,0.5813801367375616,12.305436605511481,-18.348248871978793,27.38722970712249,-67.14965329466587,127.08209367705909,83.66837936039586,4.957584625287764,-4.003014123872976,-0.5465931688753537,-3.6965732736374046,-13.06430676239892,11.23907761515241,-6.056948130884382,53.04777835328807,8.464032099768707,-15.718022057920976
2021-06-28 09:00:00,218384.81352706655,312540.87658244406,2160391.562648458,1423840.6227481025,-0.13394906661891576,6.719528901695576,-94.37456348097415,0.6192661969389569,12.059221790428703,-17.708601644165093,24.30275971581914,-68.96177401983343,129.91853492314775,84.07787831181867,5.247821766828968,-3.825220477933792,-0.21041016539282686,-2.9231363615550396,-15.6898456337733,10.035813688831631,-5.6840521207448695,54.51590719800062,8.685202577853433,-15.996241969248047
2021-06-28 10:00:00,218683.31454530964,300927.47889921156,2078606.49193699,1457645.2404079104,-0.08974870234506635,6.481203546019279,-94.09394262167599,0.4904981281302714,12.37500672585511,-17.195468465059484,20.689884033984672,-70.9107789247171,127.21532202229669,81.19199715029995,4.686239704486772,-3.2326298714829216,0.01492336429569049,-2.9913937615649693,-17.554108908427363,7.189037049420747,-5.9686285178852065,55.93969838160902,8.213369285605507,-16.484624775668408
2021-06-28 11:00:00,218492.26174999552,291002.8414991763,2034001.978507781,1475601.689503932,0.02070234108265448,6.282848753873471,-92.54589976706212,0.27669528760410994,12.32973096902647,-17.484913844969288,17.243824219708948,-72.04581038037269,130.1687454115992,82.7301471438995,3.850309137322988,-2.2784115477071025,-0.17524056354551348,-2.5935719191058726,-13.800085268194444,3.807078002590796,-6.201420437615858,61.48128793807607,8.885188459594055,-16.969706671702752
2021-06-28 12:00:00,217421.58248778194,282253.7610816493,1979245.87800599,1485056.2020265642,0.32417349220250014,6.102561056569668,-89.8689180576299,0.2979536280552691,13.00401431958451,-16.686221843934973,11.979515103808483,-73.25181702171983,132.10380441243578,84.0358197073603,2.2458487926577484,-1.849476782577438,-0.9198156881969407,-1.4461056567851323,-13.492851611029797,2.1602260447591997,-7.497095459009283,64.07237785058912,9.435508758635443,-14.754828619206137
2021-06-28 13:00:00,211869.58879497755,280590.88077032333,1936853.4469083664,1491155.3170261981,0.5931900698589584,6.032891727897881,-87.48301578349971,0.3569684891546769,13.288608684941723,-15.921992825144413,9.320479362439386,-74.611223573471,130.26052196391254,83.69890104866177,0.8957853364504587,-1.727310100500514,-1.9795263339548061,-0.5319673466239248,-3.6037459898503665,-3.001174494747053,-8.64205322113969,73.965600361351,9.714102239777283,-16.229935193930444
2021-06-28 14:00:00,203168.99288330734,278423.596185957,1953298.9068790674,1463447.7456643854,0.5563769099505995,5.9066927823820015,-84.5473078086013,0.2854399385611957,12.53323921181833,-16.96574891853041,5.833741534650347,-77.81144452196564,135.99208608590052,88.3034816583207,0.39810487761886537,-1.2425599880029259,-2.1281771748866998,-0.1174997004936611,6.205724452310985,-5.656354557210806,-8.198346694372429,84.36291381631135,11.226996374215943,-12.677657782407664
2021-06-28 15:00:00,196546.7131357933,279744.882926769,1981534.6629650055,1450429.5642142803,0.3702125392282641,5.813758664168291,-82.83498297420768,0.26807198830321155,12.637737818153168,-17.87680933331897,4.073417452106361,-78.8381676994406,142.82820263857883,93.44868630731015,-0.04398735164326273,-1.2822838737006679,-1.4839567659316446,-0.23683393391433735,9.611109073446391,-6.067584723669408,-7.937723380688258,88.00246205631944,12.094288723539552,-10.33247198673969
2021-06-28 16:00:00,192484.5041685995,276718.3918617738,2022498.8922078814,1419761.1356539656,0.31747074332827646,5.743380203610532,-80.89804885783612,0.249511254203168,12.670467599975877,-18.049156150090738,0.9761798690860083,-79.94726814402347,146.94603875881438,96.40042708027467,-0.060555801713409796,-0.8136539334054014,-0.9225388796397682,0.605186025466343,9.689044976210894,-2.2857511820763143,-7.532155532676837,89.29344322163273,13.160473226149715,-3.4860431500921294
2021-06-28 17:00:00,189904.43320238698,284102.22231012664,2051295.786793724,1433972.1557033309,0.36337867678704233,5.970110383231397,-81.6729896312851,0.3633035500575553,13.433018009423463,-18.058012331551332,0.3803767141648293,-80.6171713887215,148.076699426516,95.11893159685285,0.05760438515870847,-0.7013882582255907,-0.5532002895783888,2.5319321326936675,7.152930034204393,7.23148434041249,-7.652729238983413,88.08216427453763,14.983137631071157,5.812362547791338
2021-06-28 18:00:00,188501.4620836351,294948.3032171682,2073999.988454153,1471827.8229049356,0.46779072894900825,6.3844317838326505,-84.66232472280738,0.46614197766312165,14.531849311591307,-18.26552052966808,0.7337172206786985,-82.00328151406057,148.20895815607636,92.4578242648659,0.4440423555618894,-0.4031191697226384,-0.07827676852464922,3.6252810726929683,2.934404493280001,13.74584994649356,-7.7579035673342975,86.39522126645967,15.972511796191519,10.620664760083628
2021-06-28 19:00:00,189340.8404690095,310204.246033516,2072423.49914534,1532942.2753180845,0.5262468228637767,6.883472147643581,-89.1966000249448,0.6321968238381901,15.676253240195075,-18.534225500348324,2.735433570720196,-84.04441783992505,146.70555098473898,86.54089425318668,0.6535401878347993,-0.07496433313024686,-0.05154130123564553,3.9479911096232376,-3.0127233729502767,17.806045552304195,-8.318075570923362,82.92219625841055,16.23094128616617,12.021666543446258
2021-06-28 20:00:00,188130.36471473845,323373.8392064555,2052308.380168911,1600031.3508815258,0.6332825874463802,7.284861007853225,-94.35830415166747,0.8586482165275514,16.598665446063993,-18.798115034705067,7.509523105196428,-86.58370032076242,142.8803876545125,81.25951211615569,0.3217559431617578,0.41912166005018087,-1.1837937105478704,2.963025577167961,-12.42856221648845,18.476669635330037,-9.864315561312258,73.78693624253621,15.334927820547355,9.843417587897434
2021-06-28 21:00:00,180817.52575306484,331538.03018912533,1982937.851186623,1665974.2966924608,0.7135215867343601,7.444476317577982,-99.18209505661609,0.9388245373915276,16.9134581397956,-18.865518339372613,14.627053434365642,-88.91755696326123,135.513354725003,75.05338131503905,-0.4122433490529438,0.7497737957866119,-2.337160335951121,3.1897183083395633,-20.36228003885374,21.62678914785346,-11.09262057143438,63.47923999666235,15.549584867525722,10.423426517107075
2021-06-28 22:00:00,171302.81029589038,346339.81102650036,1905699.9638891642,1755744.2327460707,0.8581268010665802,7.608287347028714,-104.11048463544712,1.0103557344660337,17.251348914103936,-18.84785598976834,21.210068683933947,-90.2998899262748,129.06729030443566,70.97104869729593,-1.361915413067363,0.5286783779311077,-2.7009106809778314,2.8644830189825736,-18.890065708862288,20.07495611771052,-11.485845446986474,63.152223441584304,15.114407396188234,5.254005674072161
2021-06-28 23:00:00,161370.96885002445,352162.30792579986,1846929.3780828146,1810513.9807399765,0.93769075525034,7.683669552254361,-107.14739173718942,1.05912672274246,17.473166052873847,-18.705474167370905,25.714737096642676,-91.6960959812753,126.01616786035444,69.12085185404933,-2.1657038958293726,0.3746928230663893,-2.6158681288025805,0.7903712267235905,-14.254788566154893,12.44087507730809,-11.467673874171727,66.24017531914151,12.871302564582594,-4.069547401348487
2021-06-29 00:00:00,152468.5597685118,352030.4838589102,1803065.486212849,1845318.533302689,0.9121188984909694,7.627314965760289,-108.87053371582452,1.0244421977552178,17.64130288180708,-18.458433697041364,28.487478713545052,-91.59389242246174,125.68099452702864,70.80976965585813,-2.60947390104592,0.2845562859830092,-3.039109364893108,-0.5014332590876761,-16.08024761606208,8.31877941029793,-12.140978382448928,63.390688487726415,11.354127669948618,-9.982304080820072
2021-06-29 01:00:00,139489.38142279407,348551.9884603686,1731151.5952471676,1870409.1924941216,0.8616158030183536,7.447945372553841,-109.67286161848067,0.9870186238613019,17.574612098488803,-17.940544677156847,31.957711472632244,-92.39406913108337,122.07414322373359,72.37807497467172,-2.5566607641619306,0.34830012863938864,-2.940294507758105,0.04386443017566408,-14.934610293614128,8.534819785825514,-12.205345430674713,61.918924049215946,11.523482358639972,-9.73099132543308
2021-06-29 02:00:00,131298.43931265344,352346.307756175,1695536.2920988272,1906769.2357606327,0.7738788785609108,7.539554536827925,-110.2682404775871,1.0774869992609901,17.59613821185367,-17.773344284774396,33.16933688302405,-93.2878329890962,120.00642118560657,72.26846325703707,-2.104783031820204,-0.2177922746838722,-2.2327936477892742,0.27603971359432355,-11.67973260039842,9.405349057879066,-11.51549844425411,64.64529211560372,11.587316460801784,-8.652545429872816
2021-06-29 03:00:00,123413.2671587113,350539.4743982477,1647057.520524299,1938127.705710851,0.6425821741767854,7.537839263063169,-110.34625876208793,1.1991021742194516,17.440367514013918,-17.548063936558457,34.19282559437324,-95.55160800281841,115.8909562559196,71.81776244567797,-1.5285018119191773,-1.1896846339774267,-1.229230151410397,0.06105982758477492,-6.701940813813514,9.536819191837115,-10.489176228184359,68.80891017972439,11.270386675299514,-6.456933741651852
2021-06-29 04:00:00,122447.98222249858,352785.9385147854,1647282.31823937,1975434.33394186,0.5309410755071506,7.716423017023788,-111.05234630135475,1.3222822195334456,17.398421229880828,-17.603548814963982,34.775818318116436,-96.86408752944332,113.81919187926447,70.29232235268519,-0.9449308224896452,-2.5672619927346,0.7977626036878327,1.0647279522189395,5.168085016263002,11.008150553080874,-8.353294533662057,80.91367192399416,12.27413596969258,-4.502390438363989
2021-06-29 05:00:00,129157.1579052637,358205.5156542241,1684267.7326413926,2017386.3896930332,0.3806083359673018,8.007833985295335,-111.75175800638962,1.4429392469002167,17.327345430102884,-17.776423135551894,34.014495959597035,-98.36005967070471,112.23335598609988,66.63033276356698,-0.31582978369624687,-4.138179977104061,2.413890459525042,2.0107837153667303,15.190773040596687,11.66400170826822,-6.5250126493152045,92.54742675142197,13.222312112523507,-3.1706358743169005
2021-06-29 06:00:00,139827.9935310789,367263.58126542583,1756655.884131666,2059415.146241391,0.23130400530336923,8.245615759836003,-113.32608230776563,1.545774694060908,17.256490721728674,-17.847545546533848,33.46104748571495,-98.48743282684308,115.92983149927245,65.90718189821433,0.10740449130384727,-5.295448316654913,3.555686590958287,3.0057645893529115,24.37631226795635,10.59592677452941,-5.223884365631015,104.01004308470368,14.153469070111665,-5.788497400454048
2021-06-29 07:00:00,154758.10136016336,379847.02069756505,1859777.1809706783,2093677.062469645,0.0994224015974842,8.525157334393121,-114.35779948144558,1.6386903501168057,17.28136663335447,-18.137459626233515,32.00838035784978,-97.73863204383849,119.55188513104365,63.60311184094284,0.4659881432214193,-6.213399059768365,2.8913558074350094,2.883395116815753,21.882022709067744,8.341495069793892,-5.765431089928855,104.13201943106606,14.134387758772952,-9.91636271793
2021-06-29 08:00:00,160645.75534461095,388024.02610649925,1914206.4476369538,2119473.910743907,-0.016575165447385666,8.612079566956526,-115.60917395534653,1.6385466181508654,17.176771462660675,-17.94784625776372,33.29355461195862,-96.93138582449258,124.46876108360699,66.81542841685341,0.8184947025921767,-6.717871316365617,0.5874575792004382,1.3174487686171295,6.379418879262941,6.587873350708525,-7.9938094819510965,88.71161338809824,12.291762077575191,-13.72846139829629
2021-06-29 09:00:00,158987.79593040652,389332.6518316084,1905708.9969013715,2141109.7505947463,-0.1320944768679116,8.564697362097574,-117.07556340997192,1.661246859775756,17.0786472949378,-17.524384281730946,37.15871867545145,-97.32655842106983,125.23945368235883,67.97258974227475,1.0181932131959388,-7.16330442038232,-1.459369722800216,-0.9009624118087636,-10.972420213740293,5.40645960289681,-10.105414132508352,69.07651899764808,9.719971367600365,-16.003792245781028
2021-06-29 10:00:00,150138.2933404494,381537.09674147615,1835205.0220980237,2158400.419884764,-0.12992345676296432,8.378463020443391,-118.03938907840792,1.6312128743920966,17.025754830950127,-17.008576065438962,40.607808927132766,-100.01745742398829,124.2320174112641,70.21625430633621,0.8867402871482513,-7.345599304325514,-1.1542524999653727,-1.3326254560995423,-9.403285766104236,3.3944371216078677,-9.931467767235073,68.15821784193389,8.928700463288125,-16.258707407203858
2021-06-29 11:00:00,150677.17793065583,379737.7485476917,1838005.339385421,2165549.697870323,-0.0808265209697207,8.412512700706394,-118.61256846026328,1.5626347655069834,17.373715127020226,-16.759167659455688,41.95360807362444,-100.24539170682033,127.26893385327858,71.55005067323039,0.4446176319143875,-8.093357387216523,-0.10795303400635425,-1.0254213659026734,-3.1599757270953464,1.4636964468288676,-9.149981981289907,73.57981118051322,8.883868358353604,-18.46611507212107
2021-06-29 12:00:00,149361.03149560365,374154.0629069769,1812453.1968629372,2168939.034301932,-0.030459326649104106,8.37973271272196,-119.03519924403868,1.5043107231197115,17.50326418580349,-16.216728073450422,41.25848509104232,-101.71085580353352,125.62905598463034,70.28694563703523,-0.35820005876274097,-8.991447470303951,1.2865760991321966,0.2518609542874118,4.232950653193855,0.4634030907630222,-7.867414700598438,82.04012413283932,9.593167038135586,-18.365251072861852
2021-06-29 13:00:00,159940.52584440765,381551.14741856104,1868482.5840884168,2168886.2001238167,0.0068421949314038735,8.566633403339981,-119.09207570881827,1.4220676759592938,18.10650130532546,-16.25543245123096,37.36108610114713,-100.68188481812072,129.69997254871828,70.48889160904305,-1.2088811342994545,-10.248974387756112,2.918779734650343,3.0980560904900956,17.76499738559547,-0.2635334603895899,-6.614245972403731,99.48914479833522,12.208922814340367,-20.09579202704643
2021-06-29 14:00:00,170376.24558508612,396460.0667585056,1940361.1780392246,2167041.593387127,0.051073972314507415,8.678523949034163,-118.25278012841733,1.3995169056969448,18.553961246702656,-16.54163979932459,31.739941711540812,-98.64986535694922,133.48663197717286,70.07803299202791,-1.6953669814472578,-11.622720926195253,1.612483547347369,3.020453609747201,18.979761872572837,-1.9931122327485356,-8.211879778006615,105.44152631713484,12.28308636573457,-22.995543909913593
2021-06-29 15:00:00,171550.4073853087,403298.4134087409,2005136.8695709412,2154535.7920480273,0.1005002484650434,8.561772752028645,-117.43422205704351,1.4120989570157763,18.55048786735783,-16.120920507703705,29.17706229375299,-96.2169955342335,143.0312704363396,78.19193290399362,-1.6991501059622487,-12.274773945126515,-0.877225846256309,-0.3391583169629949,12.20043107403051,-3.4575975845204407,-10.765440713120451,100.35709058885601,8.632088395727841,-26.086923064346223
2021-06-29 16:00:00,164060.2194920407,394018.126876372,2028204.2817722443,2142146.8907785797,0.15310646774283476,8.339358783503597,-118.054689790576,1.460845931861547,18.233785118337376,-15.283260634799479,30.395573800621438,-94.21546715365872,143.75884792725128,81.6473195754547,-1.2312602476891796,-11.914405401466908,-3.335583277359393,-4.969131240352354,-13.597636512040335,-1.3312441704147366,-13.076903144450338,73.9083730101714,3.435616542805075,-26.63131273919356
2021-06-29 17:00:00,147534.20778832107,367520.66847820394,1907233.8866842508,2144950.834021041,0.20493798246694053,7.942652093248657,-119.79378629896124,1.4697579393660902,17.95781065187003,-14.07321794599641,34.98898398749119,-98.50455450267609,133.37026684077867,79.61407900387324,-0.8833557289164766,-10.923093461700814,-2.819518753966808,-6.007271390131767,-26.465123686844308,-0.5954415383890349,-12.629739330121241,58.134740642158796,1.5930524019820762,-23.35443127404028
2021-06-29 18:00:00,143759.68446347967,350765.7728674233,1837655.3912269652,2137859.7117021787,0.28461114437402474,7.678629203001631,-120.71915090320431,1.5398257318774446,18.051189078700748,-13.161027540984467,38.40679032107643,-99.21973781155491,125.23276419339545,77.0685170023619,-0.556927677184539,-10.189654489086477,-0.09444626013641634,-3.843689840146221,-16.440623981760066,-0.522926636105468,-10.182394991461507,65.58712545599379,3.1785342297140584,-23.56216545963231
2021-06-29 19:00:00,146854.19471533888,339846.10162915115,1788861.3940155783,2141185.762241082,0.24772634987966102,7.531250387589948,-120.45597919440449,1.5325601084513902,17.785864139605557,-12.962342281199804,38.406305106896156,-100.66444898469206,115.56232281464212,70.99790246549658,-0.28605494358445416,-9.004397169797144,0.8965827708592568,-2.5097816782508096,-11.709032705015593,-1.0261033704025129,-9.110304631276692,70.09291503261308,4.453870323810438,-22.350193688566335
2021-06-29 20:00:00,150215.08041366632,332695.3447840175,1753350.355750853,2130471.7674352806,0.21035605174412528,7.343355215642248,-120.01030034234815,1.4567841307406937,17.520995937707752,-12.105067427961707,41.98109767849163,-101.0157855194685,110.35747739720689,69.01205336420205,-0.0157570291522503,-7.732742352505451,2.139960992134499,0.15263995679755074,-0.9396622691989696,-0.7418270529322197,-7.827323678186881,76.87918434291342,6.371136299857704,-21.19312600655256
2021-06-29 21:00:00,162261.91385870727,340945.1093180935,1782095.8256773457,2135844.60745997,0.13733064700868325,7.560785446986198,-119.63109983102083,1.5098628142066648,17.7387936401919,-11.934076394606564,40.8455128681092,-100.02984444859807,105.58974645298422,63.10870174568501,0.20699530270232114,-7.715010048386652,3.1771058139838755,2.110936120695567,4.297457047792106,0.4501766291824687,-6.863571732213144,82.94571336369506,7.994089882522597,-20.660941567446955
2021-06-29 22:00:00,173090.24227435022,347894.08485302556,1784292.0464949561,2133713.0391653944,0.1817913461625581,7.677034411643288,-119.21949991331297,1.4553259701331376,18.33719571644896,-11.840453552176651,42.28403703603343,-100.1402418026103,103.70282878363675,61.86427800080553,-0.015492376895408833,-9.090057999475393,3.4733421068055557,2.555108957148946,2.3011499162427045,-1.7337463652554046,-7.005027851837557,79.0548214473597,8.173854067815448,-22.268330446091213
2021-06-29 23:00:00,187269.97702770727,359341.8938095659,1798664.1050742932,2123361.633630131,0.18746013680334225,7.827357914825036,-118.70856916386411,1.4085006483030498,18.863111514545228,-11.86866526283273,42.42742960036878,-100.78537350684581,100.16935846559707,56.915673153647084,-0.1977307592016283,-9.939760021442245,3.4598123561051035,2.7453446676841686,-3.3402998564323125,-6.485612558771294,-7.388481106811746,72.75337957025968,8.19515266399491,-25.817308864092638
2021-06-30 00:00:00,198000.89123830697,367660.5664603516,1760241.8875286435,2087016.628742241,0.18358495705109748,7.591848157108919,-117.67945510294425,1.3200241120208365,18.858672812418394,-10.836074442656367,45.94338280535563,-104.12787379055713,91.2709009867879,50.430607355239395,-0.7070970161967816,-9.967777036658958,2.851136908192226,2.088609883507573,-7.585478862570405,-12.976395859380784,-8.23210279006615,63.967008477967106,6.652860281075856,-27.848001283788747
2021-06-30 01:00:00,207798.1627666913,374379.88497082045,1744048.6572637863,2029931.5834425893,0.23576324203688626,7.2939371795833345,-116.65461788800782,1.179907226190331,18.846975499282753,-9.762008460716865,49.48786336143677,-106.25744102423369,83.82203957680966,45.861301392089125,-1.2091190955615665,-9.637383847344632,2.5232514883266735,0.8503056520525812,3.437040241488786,-14.834061283666944,-8.794023589335858,70.36803152602295,4.498284159376443,-26.4111453736314
2021-06-30 02:00:00,216168.30195425902,373782.76715513016,1784988.5772673627,1980211.387499839,0.047250301926745404,7.219168270048243,-114.70473479743325,1.0212753009297582,17.468303328365472,-9.956576423083044,46.799634714799375,-108.16478650414213,80.66421630098024,40.00297030530639,-0.5338434669007349,-8.828781818976395,3.9256792714213025,0.8936538300818049,17.03506887453162,-12.050190431715778,-6.276205484969182,84.89291865523876,4.652337284046364,-19.611414025936654
2021-06-30 03:00:00,236063.05352092467,380814.19254740945,1866701.153160414,1943170.2123342357,-0.11056040753202667,7.253010406732456,-113.16818153465805,0.9517290971896587,16.81905664052431,-9.96399938999459,42.95261652035008,-108.67834091071246,85.0363764407232,37.96774829590458,-0.06867598905805905,-9.302031886046086,5.875234923559151,2.3881728533434217,21.009669758720264,-11.576577562426003,-3.8013717177647273,91.33579518056025,6.050890933795214,-17.018147283561248
2021-06-30 04:00:00,258469.9934038849,390977.6116992028,1936258.1995301486,1896860.0290503718,-0.1565696072070813,7.173429710708644,-111.79014431295963,0.8701142833493283,16.612783624287317,-10.314408751750145,40.91314424926459,-109.92398838876855,84.65464875463519,34.061872310655154,-0.08830944696012999,-9.849074979336601,6.990222947101571,2.5436664326370777,21.80334321520689,-14.108556620000746,-2.6057005736841834,92.836912886109,6.554759757027907,-16.844826827541155
2021-06-30 05:00:00,286392.658740056,399128.5908623964,2023685.2243099036,1841588.6046702303,-0.2924421601427081,7.154632542442067,-109.47819073716195,0.8810945481054033,15.888832181042433,-9.926192045405482,36.301956248428276,-110.50219616346169,86.02614814713068,30.13805860992362,0.10186452340168706,-10.928286022405828,8.61851929646504,3.152731480662171,24.91641269564483,-14.64411583300059,-0.4081225022780348,98.38508934452122,6.805385531730991,-14.501204954806255
2021-06-30 06:00:00,320523.3323384332,413677.2783599704,2115656.3709387914,1791422.3950527676,-0.41147597890411935,7.21929471069565,-107.79947103209471,0.937408527720419,15.520987963481977,-9.09014833271683,32.82827431136979,-110.30804127306858,88.01572868173294,27.441944228184916,0.3462349729683337,-12.251235638751997,7.745146903849761,2.591617292364301,17.241933535727892,-19.1203761972855,-0.9680223278406839,92.62460623535694,5.399879442105899,-17.54921448403205
2021-06-30 07:00:00,342157.71644777426,417788.2353674194,2147827.1457671444,1703921.8960497747,-0.41843558195326575,7.00076255887941,-104.33035178722248,0.8899641427599359,14.476239963440149,-9.159510346115306,32.50107305344121,-109.60325529560075,82.21976576716533,23.969786894515206,0.1610295743671215,-12.53757869980403,6.937446773498313,0.6705020659817253,12.205966303712533,-21.916918201827567,-0.9564662130156911,84.45368061944708,3.719213995977558,-17.533978836209243
2021-06-30 08:00:00,370472.94910762104,418504.89323503885,2203539.3283255217,1633620.583999609,-0.35853029529196456,6.961994683133034,-101.53376253404369,0.953712616128099,13.988843129435582,-8.99071702716521,30.948935127006767,-105.7732417461329,81.7812516101753,21.938142860319495,-0.009764080156981603,-13.432691025341194,5.965521599823907,-3.5056857066237876,14.406437741462465,-20.27448477638879,-1.4198571417706045,85.34979544379135,-0.5232507464635123,-16.988718180427682
2021-06-30 09:00:00,385109.4719665064,392547.2982797281,2251553.497505674,1557945.6056597754,-0.22926044741439808,6.765608356082984,-97.51423643052595,0.93967251730104,12.16399845819882,-9.413231774358513,26.755694913441946,-100.22593109073478,76.17089649188563,13.550425938033078,-0.26040102370705553,-12.68134821525362,5.1144639932315235,-5.8289229460556005,10.809729128053231,-17.85396416102468,-0.5131865562987112,81.79753109255164,-2.241627010479032,-16.081942018116905
2021-06-30 10:00:00,407297.089858888,376536.6480234385,2281369.378047505,1505072.0420402314,-0.012867026296618662,6.566382725287993,-94.0922492804808,0.9125756259405504,11.567184621315759,-8.122615361897708,22.80016038811429,-95.25067688224632,74.69062754918973,9.470839747094443,-0.4553725408616237,-13.978848710809306,8.188727643556332,-4.866159706872018,9.756193028515101,-12.504195292617336,3.175058721231947,81.06114894717822,-2.397351444321753,-12.258343316792363
2021-06-30 11:00:00,444068.311000112,357510.94839024957,2321798.087310983,1467915.3995529306,0.13564530580719553,6.452278007414451,-91.71924146591722,0.9571577604656456,12.053631786593028,-7.5635819715019785,18.99004713928715,-90.18511284644094,75.0953341484803,4.63825969349766,-0.3515340442188102,-17.318432916121765,11.66628506631529,-6.096875561904817,6.40396415796907,-9.056601319545978,6.200576592943905,78.99751317879193,-4.028413837351643,-11.547887699487902
2021-06-30 12:00:00,491294.3423363581,332639.14397772384,2327477.919984882,1439864.5125395004,0.12595410574277408,6.347895526092623,-89.15953951012801,0.9789165366997434,13.780390019724063,-6.706133839492841,16.061730330081215,-86.46653145540199,73.99080454497502,4.1459652837367,-0.5235713763515066,-16.852381258672928,9.502786730486356,-7.470041059999381,-0.4642956090605973,-11.052660829253275,2.196246342597691,72.50755946524342,-6.132886209899418,-14.724585420679034
2021-06-30 13:00:00,512488.37545961374,303726.65275825403,2318455.1589257466,1388336.241582307,0.07210288894860256,6.00119154308319,-84.98454714957478,0.8931598603189285,13.49382805628963,-6.562435561746347,14.256748782530146,-82.00398713733794,71.87440831339838,4.529929702668994,-0.9598531442721857,-13.649851820695904,9.683224469292318,-6.983841920574446,9.87166251369862,-7.991629126231516,2.2626908450344807,80.52735799179464,-5.529438041592361,-11.865348998787283
2021-06-30 14:00:00,561013.5585152628,282355.4821495878,2398553.8900835123,1382324.7828306335,0.08099285933764204,6.059598501538041,-82.48565627326349,0.8570334555185032,14.537161385119692,-7.272492979868859,6.371440851309325,-79.9843051758844,71.88737476584271,-1.417836694379501,-1.6504605424360204,-10.889566273597634,11.098624357894911,-4.799544299561239,14.497395382003548,-7.425442200505317,2.702054333650903,90.53061794462006,-2.7296163657119186,-10.783826753402906
2021-06-30 15:00:00,592398.4708364571,269169.9338014131,2422836.405676172,1334873.0577386688,0.03239601713950632,5.842115768137834,-78.36456006150559,0.8276139904589888,14.417045291814288,-7.057611736151836,3.8676279407496907,-76.47223904796738,72.76860594096844,-1.6237630542659691,-1.6170895330129762,-9.760099368467746,8.41233599168858,-3.183843676434966,10.386819724938444,-13.637764134427739,-0.1301975148483674,84.85135582855484,-1.1407337179619752,-16.357699138424934
2021-06-30 16:00:00,621582.3776554206,259431.80767925608,2473338.992103069,1284132.8810627537,0.129871413848719,5.649513380382392,-74.37631629252296,0.806876101084324,14.199630949782478,-6.805979086583348,-0.1184151029573024,-72.7101103340423,70.17991109717494,-7.76667877758761,-1.6050452906604247,-9.041619300505637,10.141469223713647,-3.144019455830421,14.222619645603505,-10.765266555648736,1.7212230681622813,88.58747962723504,-1.1806776485451413,-13.238348615213724
2021-06-30 17:00:00,665417.0492471954,246532.99371943407,2525239.2671245174,1257363.1385379978,0.28078263287399224,5.632505337654452,-71.91537584319508,0.863728461105306,14.942395938605154,-6.50508101778505,-2.5999863787676105,-70.34357098682034,68.94364747060226,-12.38993256064573,-1.8961923821860687,-8.587461089261648,11.052334023815218,-3.54058492811982,7.760803711470669,-8.66882280126033,2.02322605573851,81.99538330055937,-1.8042807868839166,-11.104356118740384
2021-06-30 18:00:00,701159.1826268901,233939.59619679337,2529216.778825658,1221717.3568936794,0.49233773021062527,5.465375895180873,-69.40675563393025,0.866230652752645,15.507607832082936,-6.041047236573863,-2.946257699392025,-68.9892635663243,65.37462768599416,-15.665091243838171,-2.942961373075782,-8.142783918054699,9.590847794589289,-3.1780989411861365,2.0990142015059248,-9.65329721206631,0.04095358789785131,73.95968980461757,-1.7361969470405008,-10.937019932424903
2021-06-30 19:00:00,734471.1533682382,223650.6813428939,2540352.16937536,1187859.3986111204,0.6849901933261521,5.312853868942483,-66.60548645702713,0.8999471722573165,15.964791411340343,-5.547131328373433,-5.517682220485838,-67.11446421278657,61.919828523051066,-19.925564606157696,-3.616612538670267,-7.678877122510648,7.16119735103128,-2.3420090876991524,-5.087826953249039,-12.110317744096553,-2.8057499980404277,66.35035153093777,-1.2077844560108852,-12.50128716059443
2021-06-30 20:00:00,752719.8035543154,217077.13076535947,2492584.424762265,1134523.0691361842,0.7871198025052549,5.0178557203893455,-63.234628258628426,0.8767006765678117,15.152486247284806,-4.982268653472757,-3.6130021763078197,-65.20577785329353,59.94816673865386,-19.79261305212291,-4.635019897070218,-6.792993189770235,4.1389674540350585,-1.018745593964656,-7.202372229476912,-13.758643383561608,-5.208543270355147,58.85813840295408,-0.1776319843134324,-12.66419446546432
2021-06-30 21:00:00,764271.7190372907,216315.71306634837,2488495.0893231262,1088797.1662494768,0.8397603697775058,4.857265843586172,-59.991087008059985,0.885817320777128,15.277089088792293,-4.862041129830624,-6.253349854007323,-62.932890413328835,56.79245682950269,-26.307896041631356,-4.90778897271376,-6.2383215784119015,4.389546654152574,-0.8032600975640202,-3.4574608255393753,-12.368437117269252,-5.19051622127604,61.94721566675043,0.08733250945755966,-10.312451032777531
2021-06-30 22:00:00,784324.5394642139,211293.65806289852,2467690.7068183813,1045470.3218918456,0.7120922972693533,4.7548383849845735,-57.00877470312641,0.8855431178015202,14.697419354759086,-4.658497140958434,-6.94177237338788,-61.32796338073188,56.522679668200084,-27.718796329072173,-4.567301338230998,-6.339584141553049,6.012239615167863,-1.1804276240153437,-1.9849793122233435,-11.117204690917392,-3.218249057337296,61.253475467021595,-0.39122575023996387,-7.683559131113448
2021-06-30 23:00:00,807559.8442664993,207816.6341734379,2474203.238275118,1008753.2924748716,0.6676039586284195,4.7446595890136045,-54.42978505705008,0.8487126681919365,15.21838037006532,-4.930474710868126,-9.856326898849604,-59.4316367025763,55.116489089735005,-32.58127308317342,-4.573058620883746,-6.141032730915282,7.121712478276717,-0.9482473610315355,1.2566861521458486,-9.986951454718769,-2.6844043441465786,64.87519414941711,0.08628042901492261,-5.833812477384484
2021-07-01 00:00:00,835600.8693078062,204466.27706347147,2476738.8471138314,973564.2714178704,0.6248847330921308,4.799842231507745,-51.68798055887714,0.8017384079039039,15.127090338385512,-5.0314076653551485,-12.465333437990942,-57.39905062017981,56.08678502130433,-32.98379692780729,-3.7028721048935305,-4.776809934553169,7.78917362258527,-0.9306547527684517,0.7043357885314617,-9.774728071389221,-1.913189751200365,64.23276505230741,0.1026490889828553,-4.8653964179904605
