Time,10000.0,12500.0,15000.0,17500.0,20000.0,22500.0,25000.0,30000.0,35000.0,40000.0,45000.0,50000.0,55000.0,60000.0,65000.0,70000.0,75000.0,77500.0,80000.0,82500.0,85000.0,87500.0,90000.0
2021-06-25 00:00:00,2.808028129541668e-07,-1.2780230547850806e-06,-6.124356136236253e-06,-5.9278561667630285e-06,-2.122303857716986e-06,1.654306062628522e-05,7.767779357456798e-05,0.00011513997580599052,9.94989143317255e-05,7.560733278493613e-05,4.8043150196706744e-05,3.3215716211457443e-05,2.298314184939558e-05,1.630536101795786e-05,9.598611932534798e-06,5.08767351018048e-06,2.408127832576586e-06,1.2677289119744412e-06,6.00261772157533e-07,4.069218876216834e-07,-2.43001607449829e-07,-1.438058134909437e-06,-1.9671194829456982e-06
2021-06-25 01:00:00,1.6288422715088166e-06,1.9049034880054852e-07,-5.922782589632746e-07,4.151028133488571e-06,1.223337696498231e-05,2.4891980109877904e-05,6.681745258653453e-05,9.201247932380931e-05,8.42597006816723e-05,6.774352524917928e-05,4.557596146342706e-05,3.088476757366227e-05,2.023233826776192e-05,1.4583802775810949e-05,9.158271089768158e-06,4.88552803952626e-06,2.3641179943793236e-06,1.4531156334227634e-06,1.0359936418504143e-06,1.263774573196361e-06,1.2207153710273964e-06,5.639723677883677e-08,-8.258617628891599e-07
2021-06-25 02:00:00,9.115335207552369e-07,3.505087777906678e-06,2.4395751362915537e-06,8.71243703747259e-06,1.2259691637885147e-05,1.887230375416644e-05,4.717141600900108e-05,7.656323024519436e-05,7.760610474631244e-05,6.559890156442769e-05,4.5512069147495334e-05,2.892467371018881e-05,1.8119109256426098e-05,1.2559751796205569e-05,7.541490142647781e-06,3.572931543058729e-06,1.7140525162480302e-06,1.292098585231363e-06,1.1915968676111145e-06,1.4329234279600888e-06,1.409347253280511e-06,1.6367383321576922e-07,-7.984707911525003e-07
2021-06-25 03:00:00,-1.3890584294303008e-06,1.6340945362515407e-06,3.256073943245269e-06,1.011147769453818e-05,1.3819453088158349e-05,1.138486603567906e-05,2.6462614791097048e-05,6.062286499012628e-05,6.628491895380143e-05,5.624665890537919e-05,3.999988735479861e-05,2.6358542521261325e-05,1.6986074781293946e-05,1.1373405368391448e-05,6.824237346875063e-06,3.2220656437401315e-06,1.5802149245127747e-06,1.300719270032445e-06,1.1869474883930296e-06,1.1830592651679672e-06,9.322471192755363e-07,-1.7257129890357146e-07,-8.549219858546968e-07
2021-06-25 04:00:00,-1.6438359065271478e-06,1.0788205545116608e-06,-4.169275360755598e-07,8.596053981676875e-06,1.724047549101739e-05,1.2209486532072537e-05,1.2420955063005228e-05,3.946184778371814e-05,5.4401135816821477e-05,4.8324389881082036e-05,3.567382240583219e-05,2.4767010701576095e-05,1.5830428629017814e-05,1.0283478681533537e-05,6.2705841665467455e-06,2.909693939660005e-06,1.6900416417972777e-06,1.6701347795162013e-06,1.4543389852881018e-06,1.2310919294548827e-06,8.237592791299316e-07,-2.9833351498583813e-07,-8.446154079694386e-07
2021-06-25 05:00:00,-1.0466740627846754e-08,2.006751815594311e-06,9.354746397540939e-07,1.1316763740836964e-05,2.0214793855381035e-05,1.3109000359829995e-05,7.017508438496711e-06,2.1808317445019712e-05,4.1374333144105354e-05,4.307727326509498e-05,3.49582030694359e-05,2.5980103061557476e-05,1.6512698982106523e-05,9.864147108147943e-06,6.326416405074684e-06,3.382207968515226e-06,1.9020685023067922e-06,1.8933229059849917e-06,1.5729456293690402e-06,1.2129635645942737e-06,6.990846854774226e-07,-4.005209506022939e-07,-7.776304775608408e-07
2021-06-25 06:00:00,1.170048803905631e-07,2.5322675758978055e-06,3.479348650953043e-06,1.2502633093971592e-05,1.9771591626721715e-05,1.166938453223506e-05,3.992440830991855e-06,1.246165362149587e-05,2.9371548785490006e-05,3.6600159663819826e-05,3.380276330202711e-05,2.658790319177853e-05,1.6283325728334194e-05,1.012099550779408e-05,6.92649777318645e-06,3.5882359217194443e-06,1.5902283958806598e-06,1.6752160404489294e-06,1.6291996583742857e-06,1.4202357251772692e-06,7.08268820513141e-07,-4.61108405350577e-07,-7.446080058766311e-07
2021-06-25 07:00:00,4.458617093752963e-07,1.4637080345999994e-06,2.780912291706549e-06,1.3590728590958773e-05,2.1633635359052043e-05,1.2467848636877133e-05,2.0969182800478146e-06,9.530047172117163e-06,2.323587260683101e-05,3.278675710766955e-05,3.158286678733923e-05,2.5134989843871806e-05,1.554979721087866e-05,1.0647934712151195e-05,7.268112680980543e-06,3.347915028444565e-06,1.0133126176979924e-06,1.1379162702309159e-06,1.2884502392219259e-06,1.2413923812058579e-06,5.244544093833925e-07,-5.667741147354272e-07,-8.138939065595317e-07
2021-06-25 08:00:00,7.151227489302936e-07,3.3622787980372656e-07,2.687254654159086e-06,1.4822883008497692e-05,2.2838222579480784e-05,1.3173459822891908e-05,1.9046507941402652e-06,6.308539585724146e-06,1.7221388161609656e-05,2.6506643645113248e-05,2.8447456841532466e-05,2.443542179876788e-05,1.5049938225132982e-05,1.0570756350021053e-05,6.843009777733191e-06,2.5488757794494626e-06,2.935536356159972e-07,6.823333037648036e-07,1.2618661333417613e-06,1.51216252933075e-06,8.865247802587562e-07,-4.1242716458845044e-07,-8.376156841364519e-07
2021-06-25 09:00:00,8.310408713347921e-07,4.3345570116241046e-07,1.918248735651953e-06,1.4511571491773803e-05,2.2442527419351292e-05,1.2512292608941117e-05,3.7436718665461898e-06,1.7843333522277943e-06,1.1210916363163496e-05,2.0459758736153853e-05,2.542967347846618e-05,2.356765163185371e-05,1.4237373191143398e-05,9.373351011259446e-06,5.278872576215032e-06,1.3291415843112488e-06,-1.9152716874451064e-07,5.409539146821687e-07,1.3781281083888166e-06,1.7441322290589335e-06,1.1381422719415515e-06,-3.027484124267415e-07,-1.0347178001065364e-06
2021-06-25 10:00:00,1.951441460382369e-07,1.6403879789842949e-07,2.1192903777120183e-06,1.3309311775583795e-05,2.2173511871876258e-05,1.0729034050181693e-05,4.122015493537604e-06,2.238675925477274e-08,6.917266260690317e-06,1.5606947597006673e-05,2.1250248445255476e-05,2.1085118187548902e-05,1.2245469962496262e-05,7.752810856768162e-06,4.400546243619785e-06,1.2507962271562407e-06,3.74591330256839e-07,1.170329216207558e-06,1.7926598002060866e-06,1.8423517358991893e-06,1.1602575270815497e-06,-2.2092277815659237e-07,-1.0912852944854361e-06
2021-06-25 11:00:00,-7.574224233852049e-07,-5.249061436721478e-07,1.8438249142221128e-06,1.065746728146163e-05,1.9765663578205366e-05,7.0107877329325035e-06,1.564125004625635e-06,-2.2852897031169617e-06,2.2250232395906835e-06,9.936473935013502e-06,1.451648379066338e-05,1.5835226354283326e-05,9.73954508128759e-06,6.858610213533028e-06,4.534419324482456e-06,1.9334427286322656e-06,1.2857187457319957e-06,1.9692934950138034e-06,2.2148142463753213e-06,1.935261173074745e-06,1.0910393404870962e-06,-2.5756706899558183e-07,-1.1082049379345127e-06
2021-06-25 12:00:00,-6.057700394870191e-07,-1.0458117728304118e-06,1.4351928146173937e-06,1.0401355301375741e-05,2.2022097223375957e-05,9.500324179213778e-06,1.9828596088789196e-06,-3.9415799357190685e-06,-1.7014411879577452e-06,2.677067048516402e-06,6.745706745565032e-06,1.0617069219044962e-05,8.141502106416454e-06,6.474944780281103e-06,4.9724041885826405e-06,2.9282352151820004e-06,2.0085571163266697e-06,2.3001945248356235e-06,2.216067610960944e-06,1.7415895583908197e-06,7.744712780447868e-07,-5.286587911973874e-07,-1.1475753947445573e-06
2021-06-25 13:00:00,-5.977988234303331e-07,-5.271530803287823e-07,1.7862775106539424e-06,1.0540750419371202e-05,2.2969480097642766e-05,1.0906734606716008e-05,2.734735880416288e-06,-4.783038915765462e-06,-3.947451767061417e-06,-2.170744514700246e-06,1.0592868538263956e-06,6.539767800305127e-06,7.047981639095022e-06,6.240145358090572e-06,5.112480199013996e-06,3.610379265382622e-06,2.379684327588517e-06,2.1729371051623536e-06,1.7757072929935461e-06,1.123542014879844e-06,1.6469170544413566e-07,-8.711770635702591e-07,-1.194833020292762e-06
2021-06-25 14:00:00,-1.2866838096833742e-06,-2.98798116125148e-07,2.583799982051236e-06,1.056789233779984e-05,2.2342416442991867e-05,1.1679174057461118e-05,3.240937524805857e-06,-5.467001350032191e-06,-4.198554836048937e-06,-3.6450118557380704e-06,-2.0565143073515204e-06,3.5444221887825804e-06,6.063319255509505e-06,5.950112641600215e-06,4.982404103510626e-06,3.7763191785416395e-06,2.3255970587700808e-06,1.8391683489990257e-06,1.2965513799291769e-06,6.676796915955286e-07,-8.554429213344169e-08,-1.0069606550526411e-06,-1.1727153322248442e-06
2021-06-25 15:00:00,-8.194067381416437e-07,-4.042036271041857e-07,2.78269477588951e-06,9.129513461056215e-06,2.094180862084782e-05,1.1359536463102874e-05,3.4719490728197507e-06,-7.0162388076095144e-06,-5.075334569065442e-06,-4.740396835427834e-06,-4.411196277104614e-06,1.0473882733376848e-06,5.045349898749352e-06,5.523068466676536e-06,4.683064176205739e-06,3.596252503339238e-06,2.0016848558749656e-06,1.5021420780715177e-06,1.1014714394310716e-06,6.692002440196495e-07,5.327475583352689e-08,-7.890700601882358e-07,-9.200439226588603e-07
2021-06-25 16:00:00,2.3509017154646945e-08,-1.138686848265269e-07,3.809124046886847e-06,7.3955348400020286e-06,1.8757868034184564e-05,9.71009707175876e-06,1.9155067507490345e-06,-8.58551722263674e-06,-6.757420259674781e-06,-4.921526726767778e-06,-4.991136793814979e-06,-5.269574545234601e-07,4.150730659292587e-06,5.107412894357314e-06,4.443130138552833e-06,3.3714818788245823e-06,1.990848502829143e-06,1.6124857410516102e-06,1.2742468448748382e-06,9.635388144519918e-07,5.318228603805994e-07,-2.3549412210960767e-07,-3.3083563015667854e-07
2021-06-25 17:00:00,5.927309488894167e-07,5.037115817859577e-07,5.302420371899061e-06,7.2455578523670225e-06,1.7205649871258893e-05,8.12242078138976e-06,5.001407008994646e-07,-9.89306042354628e-06,-9.002733415835143e-06,-6.353478160790461e-06,-5.768564324204733e-06,-1.6259205411127344e-06,3.070481944210471e-06,4.71711872020294e-06,4.639713968136977e-06,3.5682824846171124e-06,2.3996118881550115e-06,1.951829887769236e-06,1.4563836689814998e-06,1.1637576071333584e-06,8.836338285971432e-07,1.9725235451005363e-07,1.5149322995526446e-07
2021-06-25 18:00:00,1.0766222546157538e-06,8.137302868339336e-07,7.028186847702089e-06,8.501112252553707e-06,1.6799460067706753e-05,7.951547579981377e-06,2.3063592588885493e-07,-1.0906143291697921e-05,-1.0681505885484648e-05,-7.478939870337415e-06,-5.847002478126023e-06,-2.0599562524848017e-06,2.488710639576069e-06,4.670536107486764e-06,5.016643362885156e-06,3.806344399010511e-06,2.911886548183279e-06,2.2891692301059977e-06,1.6201027475459854e-06,1.2864888700089226e-06,1.166376587410779e-06,4.7611285395936944e-07,5.32061699822388e-07
2021-06-25 19:00:00,1.5968997375415943e-06,1.1624171194181904e-06,8.786236333850893e-06,9.739772221123536e-06,1.5577083958565716e-05,8.164326239467341e-06,3.397606435936373e-07,-1.1671866465411551e-05,-1.1601822729073983e-05,-8.681167866353607e-06,-6.80334089647028e-06,-2.170030712889649e-06,2.3693759387691753e-06,4.720042785482336e-06,5.438087596923698e-06,4.313574340778081e-06,3.502863368295481e-06,2.6888388324038046e-06,1.8697329929874353e-06,1.4662765725053153e-06,1.482058397316675e-06,7.212240525469575e-07,7.427497792512865e-07
2021-06-25 20:00:00,1.7918043211777793e-06,9.682447367234809e-07,9.123376295823229e-06,1.0944187464387674e-05,1.4653037560426012e-05,8.336442802421191e-06,3.3262036885171787e-07,-1.2285175478181853e-05,-1.1372946860277607e-05,-8.983215084029861e-06,-7.488358623700768e-06,-3.3959558853416797e-06,1.7846460314519976e-06,4.7617406245093e-06,5.698341535708929e-06,4.7247554685365055e-06,3.7062115195583854e-06,2.936282326448165e-06,2.187404472795467e-06,1.7104473245957326e-06,1.7527164080069084e-06,9.063598072807894e-07,7.864765539567815e-07
2021-06-25 21:00:00,1.6609435915409054e-06,8.098417417756129e-07,8.631849804269544e-06,1.0629157584010053e-05,1.3261001388808824e-05,8.113827278929128e-06,1.5996167475419903e-07,-1.2821365264852698e-05,-1.1814558142874982e-05,-9.436552294095602e-06,-7.481349707503707e-06,-3.948961737763266e-06,1.784483808147849e-06,5.316652607054468e-06,6.35115490971313e-06,5.426908567880227e-06,4.081642601150102e-06,3.1848769221672654e-06,2.3907042794655253e-06,1.944287572490098e-06,2.193137639025357e-06,1.3069406876963198e-06,9.291166803252455e-07
2021-06-25 22:00:00,6.64488346078488e-07,3.4303723623708125e-07,7.839003989883904e-06,9.955335267230108e-06,1.1814536672256315e-05,7.23055881416983e-06,-7.22849804632314e-07,-1.3660440631785273e-05,-1.2910179848407668e-05,-9.791421780329968e-06,-6.860501258038204e-06,-3.192779141518617e-06,2.5349778211975567e-06,6.425663380392887e-06,7.074060007137003e-06,5.864711092013437e-06,4.449939868226963e-06,3.4481528991345633e-06,2.4766012245038943e-06,2.1199732154782843e-06,2.6270676397031803e-06,1.756942209243405e-06,1.1971883156731244e-06
2021-06-25 23:00:00,1.4278191333683828e-07,6.84018069947328e-08,6.001104910568862e-06,9.531756875900008e-06,1.1444495720867991e-05,6.654236324396368e-06,-1.3091910759543393e-06,-1.4009162890538134e-05,-1.394402976004201e-05,-9.932116269309041e-06,-5.3902681004496176e-06,-2.18956756585962e-06,3.1431394933313267e-06,7.5307924622927625e-06,7.978463490238677e-06,6.2445379769856e-06,4.7604195140234624e-06,3.744056109433422e-06,2.668698975221057e-06,2.3209387764476096e-06,2.7525024628532533e-06,1.967739392910057e-06,1.3814240864951752e-06
2021-06-26 00:00:00,5.046024770009792e-09,-2.008767545399602e-07,4.070300311388555e-06,8.646721663864102e-06,1.1032569819950445e-05,6.503849292298875e-06,-1.1702742665480103e-06,-1.3897286656565409e-05,-1.5194143684085592e-05,-1.046063090722559e-05,-4.425489860257408e-06,-7.822328108198182e-07,4.136130733127998e-06,8.535374075533813e-06,8.986768507079619e-06,6.8698119884652105e-06,5.092253955958409e-06,4.001076104644674e-06,2.827285689758641e-06,2.356330464233329e-06,2.546575269614871e-06,1.9650652666729372e-06,1.485120584216172e-06
2021-06-26 01:00:00,-3.253893747152858e-07,-6.566521399732714e-07,2.5105468916581856e-06,7.604031209445768e-06,1.0341627193974563e-05,6.28415897144135e-06,-8.64214493686951e-07,-1.3639892495697577e-05,-1.574917769203442e-05,-1.0988166788851633e-05,-3.880248134730681e-06,7.68918356487234e-07,6.015752871289366e-06,9.980400156326753e-06,1.0346039802656416e-05,7.933790533899854e-06,5.556087712725094e-06,4.272742852112598e-06,3.0558366234573953e-06,2.497015912632041e-06,2.5507494645364173e-06,1.990800719913599e-06,1.6636939878591626e-06
2021-06-26 02:00:00,-6.357770905011496e-07,-1.1722686308898542e-06,3.969594866590236e-07,6.429622817046571e-06,9.755566912539894e-06,6.29040916852065e-06,-5.007639642132656e-07,-1.3342512790754292e-05,-1.6157175755484522e-05,-1.1672251964589946e-05,-3.0771502310139645e-06,3.3175882938289945e-06,8.23520066671682e-06,1.1632413818372638e-05,1.1589930722995586e-05,8.863479585259551e-06,5.867048910206399e-06,4.402506291472588e-06,3.325872972646831e-06,2.9240437310192444e-06,2.9618079872179602e-06,2.2024767485330785e-06,1.6466087525984921e-06
2021-06-26 03:00:00,-6.287983374861087e-07,-1.3090643319594162e-06,-9.657222162747898e-07,4.40728122960792e-06,8.69269502590644e-06,6.775233869198547e-06,5.715612963625811e-07,-1.274609718981629e-05,-1.649192371991126e-05,-1.2094961719861796e-05,-2.6160154695141695e-06,4.99666553692893e-06,1.1284711151484105e-05,1.2671681610266272e-05,1.2104888853107194e-05,9.17489086734969e-06,5.689944201977589e-06,4.117284414240454e-06,3.2957810912294676e-06,3.2070147312428707e-06,3.387418501555881e-06,2.4645971594191014e-06,1.6321289299873224e-06
2021-06-26 04:00:00,-7.306874879830089e-07,-1.1874471414890172e-06,-1.6913209882282573e-06,2.6294822015411195e-06,6.967687058973094e-06,6.852125411360734e-06,1.8304428792320052e-06,-1.1790878859290272e-05,-1.6379495245201636e-05,-1.2141976523968533e-05,-2.213633940990151e-06,5.342574552863367e-06,1.2496382896608361e-05,1.4057493863366527e-05,1.2720682194239648e-05,9.423368556270051e-06,5.888680576434998e-06,4.2157388013889564e-06,3.4366064317585625e-06,3.4303800466040624e-06,3.6018555924028874e-06,2.575742623006814e-06,1.6431941409038158e-06
2021-06-26 05:00:00,-8.636577783074837e-07,-1.0881550570932386e-06,-2.0483488359440264e-06,8.604316779752434e-07,4.975541915394853e-06,6.520779632848699e-06,2.847182769486546e-06,-1.0170405069060006e-05,-1.5826152230806845e-05,-1.2319103179927994e-05,-2.4513039138172257e-06,5.191045216046963e-06,1.1894982209296728e-05,1.4229883773869817e-05,1.3264658396972528e-05,9.877475014277262e-06,6.070143529976269e-06,4.235668010573415e-06,3.469171964195878e-06,3.448777437110556e-06,3.4827391620153822e-06,2.5020840709013533e-06,1.5662084492972255e-06
2021-06-26 06:00:00,-8.122692129168013e-07,-1.010031399798207e-06,-2.3284365806796323e-06,-6.091868293090958e-07,3.653929454038454e-06,6.1563407490932585e-06,3.897363940996875e-06,-8.21070717257581e-06,-1.497385611855625e-05,-1.2375752162208373e-05,-2.975641687300046e-06,4.0956855955840216e-06,1.0220428433953901e-05,1.3979386752930406e-05,1.3540455879944074e-05,9.998365792315425e-06,6.3176952067555604e-06,4.532691152773201e-06,3.7426788194320733e-06,3.640138920783761e-06,3.382534116020692e-06,2.343762810431376e-06,1.413663375581396e-06
2021-06-26 07:00:00,-8.34838971669634e-07,-9.462441811309139e-07,-2.3884744717418746e-06,-1.234854981104081e-06,2.3081846979405387e-06,5.86352964285474e-06,5.107170407803058e-06,-6.042054440337348e-06,-1.3388055367592299e-05,-1.2079186682330324e-05,-3.567611646111212e-06,2.311726063786329e-06,6.859395249633645e-06,1.3011772447170997e-05,1.250899014774078e-05,9.243551996707093e-06,6.548177818337048e-06,5.076045538603138e-06,4.080269470870296e-06,3.8079988318617615e-06,3.3026150406424756e-06,2.1764950765081446e-06,1.11712610299949e-06
2021-06-26 08:00:00,-7.266247914220307e-07,-8.504804576823262e-07,-2.1620630597301576e-06,-1.3294700876807595e-06,1.626290441679726e-06,4.9255552239966645e-06,5.455647556023887e-06,-4.157598347600421e-06,-1.0584313984822235e-05,-1.1126580286582994e-05,-4.065346270833522e-06,1.0125095486807413e-06,3.774956030089298e-06,9.618127499109808e-06,1.1295726926085969e-05,8.999313574327259e-06,7.169590702111885e-06,5.962618751779702e-06,4.670529439158277e-06,3.977555111072548e-06,3.0970196759109637e-06,1.9478365143442176e-06,8.394793377438641e-07
2021-06-26 09:00:00,-6.631440113808694e-07,-8.718187651033777e-07,-1.7969413118849545e-06,-1.3174103455686518e-06,1.0316132157767796e-06,3.7805140575550523e-06,4.784705517094733e-06,-1.4521436254300975e-06,-7.112511013704456e-06,-9.407400180678607e-06,-4.507484890813136e-06,6.525798706572213e-08,1.7540499164499141e-06,5.611188371573182e-06,8.786516770605266e-06,8.649904644016254e-06,7.99218628619749e-06,6.9930915739165505e-06,5.401002811814392e-06,4.277279126504196e-06,2.853821390974488e-06,1.6213244996393827e-06,5.162527364968255e-07
2021-06-26 10:00:00,-7.693099850545374e-07,-1.0542606042945327e-06,-1.6704603557058933e-06,-1.2562598448816067e-06,3.422170061411257e-07,2.4670056063899126e-06,3.994116223335024e-06,1.248106027770135e-06,-4.0336644501332286e-06,-7.84877523513741e-06,-4.927106963232432e-06,-9.47934082828705e-07,5.1947944729530676e-08,2.897708811038022e-06,6.630034831350024e-06,8.161887438117372e-06,8.518605579500414e-06,7.642460249585496e-06,5.710325317139799e-06,4.216560774958087e-06,2.501993316796593e-06,1.237816493040616e-06,1.7591873567383167e-07
2021-06-26 11:00:00,-7.599713170079805e-07,-1.3349116518059058e-06,-1.7140957502926739e-06,-1.2084290311765485e-06,-1.9746364617713144e-07,1.5065635019217581e-06,3.3199980075662115e-06,3.7513094223619555e-06,-2.6603922766606394e-06,-7.3218991559545195e-06,-5.477686910367856e-06,-2.1446240431926465e-06,-1.124568943716514e-06,1.176074915478085e-06,4.75341043671808e-06,6.916997055617153e-06,8.481257647666921e-06,8.021066575437557e-06,6.073995505691015e-06,4.378430824859159e-06,2.4134170170435157e-06,9.010428444174054e-07,-1.274815012076646e-07
2021-06-26 12:00:00,-8.593430647623757e-07,-1.5723004117407704e-06,-1.9173584849117325e-06,-1.4502659568341033e-06,-6.624040802564268e-07,9.990910111373521e-07,3.585697176554515e-06,5.494579350072355e-06,-2.1139902733074054e-06,-8.413988746161012e-06,-7.066262914677827e-06,-3.7757901379020135e-06,-1.9108532374481256e-06,2.5698161677236218e-08,3.2560647266731106e-06,5.694103302731783e-06,7.766120359417342e-06,7.526163380220933e-06,6.094575967796292e-06,4.673623284241344e-06,2.6741289788165946e-06,6.939307071536936e-07,-3.62401978250528e-07
2021-06-26 13:00:00,-8.081260381758472e-07,-1.5905692293706262e-06,-1.919161512994693e-06,-1.469012061543117e-06,-8.302511812891221e-07,7.014970479627702e-07,3.7002050902537044e-06,6.971826377794448e-06,-3.948295266806638e-07,-8.958263325454633e-06,-8.768688817507918e-06,-4.957039332348199e-06,-2.3328401296958936e-06,-2.467806562664488e-07,2.6634984531449784e-06,5.1923584610482136e-06,7.356145730050845e-06,7.101334409877622e-06,5.706636986487846e-06,4.3642884143126996e-06,2.4594965316949238e-06,4.342878190784741e-07,-4.95151311558841e-07
2021-06-26 14:00:00,-9.561428218852668e-07,-1.6961748655781427e-06,-2.1226008288319636e-06,-1.489182426985572e-06,-9.916996926337442e-07,6.053895023607942e-07,4.192649524476214e-06,7.673927721706262e-06,1.6847030035555114e-06,-7.701804671485071e-06,-1.0315335954366328e-05,-6.719486921525647e-06,-3.1929865717422243e-06,-7.22278578438784e-07,2.4623049391788564e-06,4.812306280492376e-06,6.630400158398309e-06,6.3492723526764e-06,4.9410418390432246e-06,3.6809677696788057e-06,2.0992153042884852e-06,3.3730773034745505e-07,-4.464465399802362e-07
2021-06-26 15:00:00,-5.921736217158732e-07,-1.815248654013712e-06,-2.282590753543113e-06,-1.7319335230260027e-06,-1.2333638642015993e-06,7.205019461139171e-07,4.6023629167924755e-06,8.540180347547188e-06,3.877854659368117e-06,-5.518927245591302e-06,-1.0187865716372674e-05,-7.691759032466267e-06,-4.297874177788111e-06,-1.3141297549121094e-06,2.1345660627461104e-06,4.400271561264084e-06,5.812366040234684e-06,5.59220767611293e-06,4.313257417640852e-06,3.1429971199108103e-06,1.7709431189757544e-06,2.907915837722309e-07,-3.628561170061338e-07
2021-06-26 16:00:00,-3.2166359673325123e-07,-1.7936800216862565e-06,-2.30574860083085e-06,-1.9909451436995995e-06,-1.4440350307926097e-06,8.050098075949344e-07,5.498460320743934e-06,1.0574569944001463e-05,6.651585102254812e-06,-2.9803446722651094e-06,-9.015992067474016e-06,-8.370461740052609e-06,-5.329717443566458e-06,-2.2052287113335782e-06,1.7582983725794484e-06,4.316972679123126e-06,5.31449185651375e-06,5.181212446958623e-06,4.204765876286158e-06,3.1323379507093874e-06,1.6927263811637715e-06,1.8266707640440126e-07,-4.57543445778009e-07
2021-06-26 17:00:00,-1.1714056683621336e-07,-1.8700475858438693e-06,-2.3622575585905914e-06,-2.1996092583767467e-06,-1.5728197092674242e-06,1.054452730187901e-06,7.102295253122239e-06,1.3975122209601736e-05,1.0110123354451982e-05,-7.137904876902215e-08,-6.743637327295157e-06,-7.70518335338344e-06,-5.81951962437183e-06,-2.8593432677540383e-06,1.1319009069894457e-06,3.9004795682877275e-06,4.805390841563298e-06,4.779923779867505e-06,4.033566011063901e-06,3.0859909869094486e-06,1.6356528754529442e-06,2.328084777074021e-08,-5.881255109765981e-07
2021-06-26 18:00:00,-1.0287155041310488e-07,-1.7830677794224535e-06,-2.29962156351563e-06,-2.089669278422198e-06,-1.5973819608342291e-06,1.7359136459756467e-06,9.281832570520389e-06,1.7295601550933577e-05,1.2742100047492505e-05,1.913955497414767e-06,-4.7920099983483585e-06,-6.610227760501993e-06,-5.476179737229124e-06,-3.096681165822857e-06,7.074591191727943e-07,3.4215962032513438e-06,4.3219095716544754e-06,4.358643718238391e-06,3.7962272726858265e-06,2.966726961475092e-06,1.6114623231496817e-06,5.762633974835977e-08,-7.025981300642711e-07
2021-06-26 19:00:00,-1.1694496372389187e-07,-1.6436298963578035e-06,-2.1517971456468642e-06,-2.157002284035847e-06,-1.3791627798570432e-06,2.9610602419628143e-06,1.1762076473418527e-05,1.9927766880419323e-05,1.5175188041067583e-05,4.218199381632039e-06,-2.8573387664249746e-06,-5.169933007454884e-06,-4.715524965114385e-06,-2.9363332376150975e-06,5.132572740965129e-07,2.8787316975445945e-06,3.697179760602547e-06,3.939502666540289e-06,3.5561813376713163e-06,2.8821031745383477e-06,1.6938929106668257e-06,2.6670338661028684e-07,-8.458598246894062e-07
2021-06-26 20:00:00,1.482936922885059e-07,-1.2203335168043226e-06,-1.786016518262615e-06,-2.0409097800736628e-06,-1.128683149750353e-06,4.608338689614932e-06,1.4384148195614744e-05,2.127688790475872e-05,1.605751644398576e-05,5.775639186796581e-06,-1.519009127444793e-06,-3.7266516126945057e-06,-3.7323976664171547e-06,-2.3310395775363244e-06,1.024551575174773e-06,2.827329673166839e-06,3.273158544906835e-06,3.540186995605323e-06,3.2720611197209543e-06,2.7371350370946373e-06,1.6984193801750767e-06,3.199650260130501e-07,-1.0657343281856186e-06
2021-06-26 21:00:00,-3.9161108329542673e-07,-1.3430688855665556e-06,-1.5861052523516334e-06,-2.136823324194081e-06,-6.840615005941291e-07,6.899229753844525e-06,1.6916243187617496e-05,2.152738848226425e-05,1.6139191589797866e-05,6.047955234454863e-06,-8.791350775236441e-07,-2.610339627423904e-06,-2.6960716051488247e-06,-1.5902287031061564e-06,1.6052231109582495e-06,2.887815422007392e-06,3.022561931673929e-06,3.3460668945392614e-06,3.181392042351311e-06,2.7720623716660018e-06,1.8199432470668154e-06,3.729518571806171e-07,-1.3549840228087551e-06
2021-06-26 22:00:00,-9.597404600637766e-07,-1.5446497847124961e-06,-1.3655067765267443e-06,-2.0455858021140194e-06,3.353832790545309e-07,9.272091126792527e-06,1.9885453894300855e-05,2.1751830533023166e-05,1.5382885736940182e-05,5.335672719810515e-06,-8.895287112779041e-07,-1.9810217216519406e-06,-1.8214326510871235e-06,-6.864000461769878e-07,2.231989483984263e-06,2.8938761800944877e-06,2.751224819626023e-06,3.258042711009534e-06,3.3020026578832577e-06,2.9451800367561e-06,1.999344310220057e-06,3.787018893546954e-07,-1.6327409384873952e-06
2021-06-26 23:00:00,-1.1306711567777169e-06,-1.5014775306278926e-06,-1.0670074474751157e-06,-1.7278229263945428e-06,1.0570140588848718e-06,1.0858728647280059e-05,2.33835581555585e-05,2.2730679940349264e-05,1.3957301687428906e-05,4.933947104422634e-06,2.776771675172718e-07,-7.672432663383448e-07,-6.259382745157147e-07,4.1640682310825867e-07,2.9370862349852205e-06,3.065704776579486e-06,2.757323037572767e-06,3.3981515441184198e-06,3.592078392594311e-06,3.269821084137357e-06,2.220231925980988e-06,3.8148254794050454e-07,-1.885637290024163e-06
2021-06-27 00:00:00,-1.2800474663111025e-06,-1.2445637601083444e-06,-7.406952539084236e-07,-1.5937800182968427e-06,1.7114683913285571e-06,1.1497967684337363e-05,2.5559750983368347e-05,2.3349512501145688e-05,1.4284584255976723e-05,6.1135333958031745e-06,2.259961888223628e-06,1.6331308909301444e-06,1.2873955694592673e-06,1.805121268239751e-06,3.7977331128078788e-06,3.3136193708250136e-06,2.9899612847221717e-06,3.7380037302577397e-06,4.050665241153525e-06,3.705353421801426e-06,2.445066800319515e-06,3.340130092565185e-07,-2.1352826899372626e-06
2021-06-27 01:00:00,-9.380257474567338e-07,-7.672728521364638e-07,-6.274856943428225e-07,-1.491759878756786e-06,1.6068535767984179e-06,9.990906268628724e-06,2.4256996532315685e-05,2.0446408304406646e-05,1.5217307502342517e-05,7.774982852774924e-06,2.9320364481916905e-06,2.2553779814591335e-06,2.9029776775192594e-06,3.5242563043614973e-06,5.24598591491286e-06,4.733541590166954e-06,4.474741954818369e-06,5.152474428766353e-06,5.543176275339849e-06,5.216024331305628e-06,3.8302891587285596e-06,1.4205369948636453e-06,-1.4430782992976422e-06
2021-06-27 02:00:00,-2.1338549652989508e-07,-1.383102751440769e-07,-6.052866588205371e-07,-1.3287740354796274e-06,1.5534791752291465e-06,8.143902332246072e-06,2.1749482312083282e-05,1.7820896190687313e-05,1.5415078247026965e-05,1.0403048095512235e-05,4.541091234445654e-06,2.7465031477912655e-06,3.3788230670717383e-06,4.663624903439415e-06,6.291441576509156e-06,5.51276374589262e-06,4.766278803896168e-06,5.177384842917811e-06,5.5375272935198865e-06,5.2411152622982015e-06,3.801855681867364e-06,1.3416637212931092e-06,-1.4850815654759818e-06
2021-06-27 03:00:00,3.8101823726971797e-08,4.3282984539612805e-07,-6.295603257794826e-07,-1.524254520009219e-06,1.5779386541436794e-06,6.432238897250429e-06,1.9377675028210674e-05,1.8476779774311945e-05,1.4177639143733334e-05,1.3333820803970398e-05,6.665392769700692e-06,3.4032779797290437e-06,2.6949464940812945e-06,4.460706976934309e-06,6.83444577819109e-06,5.602315211081799e-06,4.193321495422037e-06,4.520070548638531e-06,4.997001726837997e-06,4.592229703962585e-06,3.0468275045823254e-06,3.7053929766167824e-07,-2.5447725697246033e-06
2021-06-27 04:00:00,-5.3779133322747135e-08,5.479546346787697e-07,-7.688220536518204e-07,-1.7996038669622065e-06,1.6246901592949513e-06,5.348565626204352e-06,1.7506866173733963e-05,2.0370810467598452e-05,9.672375401785556e-06,1.3637338955415481e-05,8.476215450200911e-06,4.82486672521998e-06,2.534486084826839e-06,4.543845155551367e-06,7.967904752412807e-06,6.131541440970928e-06,3.94084512148911e-06,3.997667918531367e-06,4.6147683320182664e-06,4.363863395049891e-06,2.8563052404264477e-06,-9.233948046197729e-08,-3.2195024654626047e-06
2021-06-27 05:00:00,2.5230926373818925e-08,3.6474151654526826e-07,-7.497610397003142e-07,-1.551500892077581e-06,1.7231097294742488e-06,4.454652807420309e-06,1.369856619588132e-05,2.2305340007594563e-05,6.322119967567616e-06,8.745278615751823e-06,9.402707423812423e-06,6.065032616453335e-06,2.521167703971529e-06,5.049351526824723e-06,9.25385969520305e-06,7.579361818608924e-06,4.945134684801848e-06,4.730454494511127e-06,5.159488478202921e-06,4.9339170305209215e-06,3.6682128797227534e-06,6.229593373401436e-07,-2.8488426469174295e-06
2021-06-27 06:00:00,3.030918767863541e-08,6.1257017210888e-08,-8.21631225497711e-07,-1.3271234895319066e-06,1.7092339857797703e-06,4.577045887940577e-06,8.950837626294391e-06,2.2060654518932222e-05,7.79810424328828e-06,4.089909311502839e-06,9.154818545738129e-06,7.561104936620059e-06,3.907092072223577e-06,5.795103190332174e-06,9.972624017663785e-06,8.718709794771051e-06,5.709928618076107e-06,5.13691632311318e-06,5.005525270440585e-06,4.337430376487231e-06,2.9504469931967275e-06,4.9705430595391455e-08,-3.2596034278886468e-06
2021-06-27 07:00:00,-4.962977872987902e-08,-3.1115312989714924e-07,-9.843687027298324e-07,-1.0691677056410688e-06,2.170272765180647e-06,5.813268908145225e-06,5.835637951168681e-06,2.028746539572021e-05,1.2782464447054438e-05,2.333645792667314e-06,7.82559807293475e-06,8.832494495329446e-06,5.2405515369127e-06,6.591052443619881e-06,1.0569453554322975e-05,9.775281246954012e-06,6.6549589381881766e-06,5.566275921420576e-06,5.052083374255826e-06,4.0436313104490715e-06,2.421594815409199e-06,-6.055739620331346e-07,-3.8055248017728056e-06
2021-06-27 08:00:00,-3.542074401780865e-07,-6.478636598829162e-07,-1.5233462775273296e-06,-2.4938906294378086e-07,3.183385019588001e-06,7.55381730833648e-06,6.547433090407519e-06,1.73063493267024e-05,1.5448293924360398e-05,3.81935273051323e-06,7.067156300365457e-06,9.733200669888085e-06,6.245494742437972e-06,6.487177743975966e-06,1.0483183051592802e-05,1.0027222624099728e-05,6.770334864627736e-06,5.543176351380105e-06,4.982167208051084e-06,3.887535582868807e-06,2.2531756739604676e-06,-8.838779735125618e-07,-4.166607535445824e-06
2021-06-27 09:00:00,-1.0737661037993661e-06,-8.335648148061965e-07,-1.7403488258885554e-06,1.6478263582237227e-07,4.541821413127169e-06,9.134149853586943e-06,7.24231723873982e-06,1.3316333433665792e-05,1.6790105228398274e-05,5.644246336622851e-06,6.413779430352752e-06,1.0436236026366762e-05,7.684908480371395e-06,6.76481860500526e-06,1.0126772496732077e-05,9.452131820937326e-06,6.548021088406361e-06,5.40518647540425e-06,4.90046232828678e-06,3.972869542898076e-06,2.548557675102485e-06,-5.395248539447174e-07,-3.7454648232136725e-06
2021-06-27 10:00:00,-1.442233626994067e-06,-7.749150692811473e-07,-1.8375637902179875e-06,5.690304897585412e-07,5.947643174409061e-06,1.0513298290953416e-05,8.090516298469105e-06,1.0231322012578082e-05,1.5931189666162245e-05,7.5068419644276085e-06,5.912068303184206e-06,1.025979051182104e-05,8.935202224511245e-06,7.029456942420368e-06,9.338152012479587e-06,8.837243367299192e-06,6.343933343240784e-06,5.183859262226048e-06,4.730406886328044e-06,4.2067657733917734e-06,3.188648084976883e-06,3.089405634850962e-07,-2.9705115801253167e-06
2021-06-27 11:00:00,-1.761415435627874e-06,-9.25453445986209e-07,-1.956027911435455e-06,6.862572199553261e-07,6.359525351029163e-06,1.1610278250511603e-05,9.432797077503536e-06,7.963563441859838e-06,1.4170211068446454e-05,8.159658731764995e-06,6.253814042059046e-06,1.025182557206948e-05,9.844091732675385e-06,7.0995506580377405e-06,8.612528447695848e-06,8.65439863251152e-06,6.260607495261236e-06,4.951572450965278e-06,4.459538925087408e-06,4.293383247099098e-06,3.6434328805212e-06,9.237916680234101e-07,-2.53096397504049e-06
2021-06-27 12:00:00,-1.5293697564363375e-06,-9.685948667943305e-07,-2.3086505886037485e-06,5.590723128175378e-07,6.432242035100559e-06,1.1977379270231138e-05,1.0383780687207834e-05,6.617203132214696e-06,1.28139889532986e-05,8.588663819667773e-06,6.712193114601448e-06,1.0090176127836885e-05,1.0826090834234827e-05,7.5551528262660275e-06,8.04327532487103e-06,8.631712142662781e-06,6.658055371772969e-06,5.196449986757024e-06,4.490018161262798e-06,4.438916508060843e-06,3.9371021030575335e-06,1.3262258480085312e-06,-2.2417414362052035e-06
2021-06-27 13:00:00,-1.4223424578736136e-06,-6.339303109446647e-07,-2.6397940532180687e-06,3.899533563642315e-07,6.292782083125246e-06,1.1923094283923594e-05,1.1191841733986852e-05,7.545963535412301e-06,1.0943969079211381e-05,9.770244312392174e-06,8.395071818447497e-06,1.0206226542608257e-05,1.0715688535571433e-05,8.07351352952345e-06,7.2512193475578255e-06,7.765852880549116e-06,6.3303734904573594e-06,4.997122290748304e-06,4.237307460018401e-06,4.2459071838379746e-06,3.7103729351807956e-06,1.0751007362820084e-06,-2.4298335803162705e-06
2021-06-27 14:00:00,-1.4849671703027206e-06,-5.134652296570362e-07,-3.144461279480858e-06,-2.2725297179436153e-07,5.85866565029091e-06,1.2133541553172546e-05,1.258678979719195e-05,8.765670318207426e-06,9.862228458213063e-06,1.0388468816151654e-05,9.502955841567224e-06,1.055291932382264e-05,1.100841595740024e-05,8.451427783396638e-06,6.81722033041802e-06,6.953764094485792e-06,5.7641806480625965e-06,4.7446817844168915e-06,4.27830747622935e-06,4.18729529649262e-06,3.3560907330297593e-06,5.945126498959357e-07,-2.8318915037386044e-06
2021-06-27 15:00:00,-1.6976265127714078e-06,-5.284111295118604e-07,-3.0676661352438044e-06,-2.0551827587795838e-07,5.995522500725988e-06,1.3113538997705248e-05,1.316087177123841e-05,9.426706980973856e-06,9.128692978172522e-06,1.0066688536023015e-05,1.1075645438083898e-05,1.1800882488160817e-05,1.1932245357934245e-05,8.782030588972795e-06,7.0555892583838114e-06,7.123993757428549e-06,6.070066066754037e-06,5.25932553141607e-06,4.791254313636331e-06,4.489935020455382e-06,3.3616799304696317e-06,3.3729077665654046e-07,-3.07538245184989e-06
2021-06-27 16:00:00,-1.6877869315753381e-06,-7.598973545528743e-07,-2.69162299124089e-06,-2.2035347040654577e-08,6.589692518202333e-06,1.4013525623898401e-05,1.3051505070519044e-05,9.086716673819468e-06,7.362426364368831e-06,9.719777901642996e-06,1.156725275643576e-05,1.3287118821604115e-05,1.2540474173052494e-05,9.388859787440399e-06,7.259332122712712e-06,7.130289246185562e-06,6.1396048283774665e-06,5.387264963928522e-06,4.923755217799881e-06,4.580429166092646e-06,3.3071677286415907e-06,7.122579887022051e-08,-3.412005095266735e-06
2021-06-27 17:00:00,-1.4085907260415954e-06,-9.535971132084049e-07,-2.6425307381255155e-06,-2.9851180346452866e-07,7.166014713358049e-06,1.4418348923636711e-05,1.2784611975688488e-05,9.905708743754321e-06,6.72884981086355e-06,9.746585361484171e-06,1.158454425804131e-05,1.3913062065581235e-05,1.3615689550532905e-05,9.74875646654464e-06,7.385596197467105e-06,7.223347704968969e-06,6.409315494837124e-06,5.705571081662857e-06,5.126138788603974e-06,4.616059265314038e-06,3.1492530166346643e-06,-2.0448109944898893e-07,-3.837605789901684e-06
2021-06-27 18:00:00,-1.4415959055893551e-06,-8.439811690706428e-07,-2.613474462351365e-06,-6.326102280736103e-07,7.531014877702889e-06,1.4038427572377081e-05,1.2552257905870028e-05,1.154200703104072e-05,7.01952352511636e-06,9.388300976797945e-06,1.2099618666076473e-05,1.3784450707826382e-05,1.3304345478929058e-05,1.0445256123724086e-05,7.810103946711149e-06,7.3614710741224255e-06,6.561366252535164e-06,5.978141962059422e-06,5.393290639242009e-06,4.745040655814771e-06,3.2537113504492186e-06,-1.0267929866747929e-07,-3.74529389197321e-06
2021-06-27 19:00:00,-1.3154859025677978e-06,-9.213658234597707e-07,-2.7073348790550024e-06,-7.499073046037325e-07,7.645310811463154e-06,1.3793774542687786e-05,1.3411587907878241e-05,1.3140410145875527e-05,8.327607700426571e-06,9.805434909191246e-06,1.3202108220225336e-05,1.4299928032775613e-05,1.2993202887326884e-05,9.958110522681502e-06,7.7058361272063e-06,7.102179736002466e-06,6.3707732847206185e-06,5.8239315761873675e-06,4.998366611690102e-06,4.1573825385344864e-06,2.693905852788221e-06,-3.661452174182183e-07,-3.720109384501045e-06
2021-06-27 20:00:00,-1.2894494867985986e-06,-1.0013040902380085e-06,-3.0687309327608947e-06,-9.100236887576279e-07,7.362239812424291e-06,1.328251422165148e-05,1.4165221901190665e-05,1.639936031206957e-05,9.872463868003495e-06,1.0717412248173626e-05,1.4354792175955398e-05,1.497183777068217e-05,1.2767747872336855e-05,9.490637601390116e-06,7.798567768792502e-06,7.53262203331096e-06,6.825611536480487e-06,6.2193514509807735e-06,5.2031734150229565e-06,4.10198043463214e-06,2.684954668169088e-06,-2.616468470457351e-07,-3.4956069086361087e-06
2021-06-27 21:00:00,-1.21489847761643e-06,-1.184912212292522e-06,-3.126509948564698e-06,-8.040183224692114e-07,7.1773840773615414e-06,1.3048321693126077e-05,1.4273335767374793e-05,1.8090591538251773e-05,1.2391612828438307e-05,1.2265370254380275e-05,1.5362436043548606e-05,1.5611145862439043e-05,1.2884726669689378e-05,9.417161083475355e-06,7.94469985716204e-06,7.910018270817289e-06,7.0017973652657906e-06,6.247769299186245e-06,5.047351788269244e-06,3.869958067941868e-06,2.5060877031819295e-06,-2.5993490537298877e-07,-3.388254552021165e-06
2021-06-27 22:00:00,-1.1698115279816786e-06,-1.3314024852647333e-06,-2.753306267167957e-06,-4.6747898484459764e-07,7.611350920438965e-06,1.2374183108202138e-05,1.346349810378918e-05,1.754999237860776e-05,1.3864559876587665e-05,1.3872576605882373e-05,1.602677187705942e-05,1.6150903936855516e-05,1.3023902366081896e-05,9.283464298101072e-06,8.030341357559304e-06,8.208910110577074e-06,7.286700715900566e-06,6.529629228411745e-06,5.13253891187538e-06,3.88199199081891e-06,2.523003218049266e-06,-1.5276158649097718e-07,-3.2580262882561043e-06
2021-06-27 23:00:00,-1.1737458761596785e-06,-1.7411875052543623e-06,-2.369885116688865e-06,-2.550478729975126e-08,7.760323268502033e-06,1.233397872658033e-05,1.3623191740709772e-05,2.0063084240255363e-05,1.7059068550781327e-05,1.59459312309641e-05,1.7018041286305035e-05,1.6187143910132013e-05,1.3120251691558859e-05,9.35844737851919e-06,7.880171407641636e-06,8.00176507684041e-06,7.150912883992788e-06,6.545881382066614e-06,5.249649407094465e-06,3.9589566632815425e-06,2.5535458754716464e-06,-2.436571942421928e-07,-3.331476121654029e-06
2021-06-28 00:00:00,-1.2164194693372507e-06,-1.766724484226583e-06,-1.8772816684545808e-06,4.6409286151317197e-07,6.883269359515141e-06,1.1779329017461235e-05,1.3128201937052724e-05,2.1734223556198807e-05,1.848357383666593e-05,1.7255779440049755e-05,1.8325130548056884e-05,1.6640418711179627e-05,1.2988605596799152e-05,9.428726720908155e-06,7.796584528715857e-06,7.74686897304512e-06,6.896149027412497e-06,6.347828276487656e-06,5.163795529780783e-06,3.939684567824348e-06,2.601770953647307e-06,-3.90549757738209e-07,-3.5495957489148516e-06
2021-06-28 01:00:00,-1.1315453589145621e-06,-1.6529275202762356e-06,-1.3854602514888918e-06,7.397215084404004e-07,5.777517432346355e-06,9.989727515406515e-06,1.1499849486697995e-05,2.2042883640104223e-05,1.9979305923931735e-05,1.8032522990611172e-05,1.9005198159476375e-05,1.7347590430191116e-05,1.3033328294531056e-05,9.358292196564566e-06,8.03991116048636e-06,7.81888567843209e-06,6.836830474101689e-06,6.169282038282267e-06,4.918629541244807e-06,3.7641752017915837e-06,2.4906964720001487e-06,-7.214125559923409e-07,-3.903960362098825e-06
2021-06-28 02:00:00,-1.0791007964503787e-06,-1.7096028734089656e-06,-9.722094313678804e-07,7.717176307012475e-07,4.028662658888369e-06,8.112310456625229e-06,1.0954814619362411e-05,2.12650374900551e-05,2.135317111104324e-05,1.8980386257130052e-05,1.9080428283693893e-05,1.735643835628533e-05,1.2907420183068292e-05,9.13971923265275e-06,8.016289119361592e-06,7.532343012333254e-06,6.3975907417469015e-06,5.632673292116955e-06,4.289525229120988e-06,3.079817197825186e-06,1.7604414053337272e-06,-1.5876941934703763e-06,-4.569376422131971e-06
2021-06-28 03:00:00,-9.831122243393828e-07,-1.4750056530576174e-06,-7.13028296015145e-07,1.1506423778670605e-06,2.757662586706223e-06,5.908210489458289e-06,1.0166391830127537e-05,2.142663679516065e-05,2.1908240360716778e-05,1.9603493866244116e-05,1.9621559682190293e-05,1.735234731571288e-05,1.2889269271925719e-05,9.457364854383797e-06,8.35898060478963e-06,7.297754044387145e-06,6.014901449807673e-06,5.419752053700277e-06,4.251624758549557e-06,2.8716669765408577e-06,1.0902511849801481e-06,-2.4550985587825014e-06,-5.2461370921089224e-06
2021-06-28 04:00:00,-9.314835923846123e-07,-1.539920793632731e-06,-3.4092993593007044e-07,1.6601713936248593e-06,2.045724478096824e-06,2.6759471858998103e-06,7.483121871800252e-06,1.9504802422849193e-05,2.214063425538205e-05,2.04226406116804e-05,2.0361167016746184e-05,1.8047869684310423e-05,1.3562990021746924e-05,1.0442528981914757e-05,9.119525817289334e-06,7.483679484084751e-06,6.234817110197493e-06,5.8075154887415944e-06,4.736148728135529e-06,3.30541377073117e-06,1.2299930542845197e-06,-2.6355388003489697e-06,-5.402532982182928e-06
2021-06-28 05:00:00,-9.276546927335731e-07,-1.6423612232326636e-06,1.6128871821507246e-08,2.4358662128337245e-06,1.263801724605971e-06,-5.421977618890931e-07,4.524631690239466e-06,1.7192526277234747e-05,2.2671163503923447e-05,2.122986859604341e-05,2.0820765160199358e-05,1.8767672716518845e-05,1.4707880747857961e-05,1.1850008380310736e-05,1.0038064786929429e-05,7.71452189860309e-06,6.290674280510531e-06,5.91592020291144e-06,4.917503509497798e-06,3.4624484016338794e-06,1.313104062415363e-06,-2.511905254149027e-06,-5.253279166204309e-06
2021-06-28 06:00:00,-9.471721598875827e-07,-1.3874916933136774e-06,3.377201270847499e-10,2.8122076748474374e-06,-1.197740397948906e-07,-3.986860952503401e-06,2.642884748764149e-06,1.8807225920604034e-05,2.2248030200135752e-05,2.1179951314830288e-05,2.0930337346526616e-05,1.9511266029776743e-05,1.5957454535707148e-05,1.3140750230005281e-05,1.0808515654353424e-05,8.019046884894781e-06,6.304002064187669e-06,5.809358482011023e-06,4.711007909432548e-06,3.144092534326394e-06,9.919695570464316e-07,-2.4284675371318237e-06,-4.964449621364943e-06
2021-06-28 07:00:00,-1.1908615292744003e-06,-1.4986530920473792e-06,-2.4973397437634507e-07,2.036929338229027e-06,-2.5845429765347446e-06,-7.852949994031976e-06,2.2587596983245403e-07,1.7581381969361292e-05,2.063644112456856e-05,2.1108657378250815e-05,2.1189563417913906e-05,2.0532112008150282e-05,1.6768907452122417e-05,1.3592355073519035e-05,1.0934150734358449e-05,8.012186438747076e-06,6.123282679118635e-06,5.456045866386626e-06,4.227667270669197e-06,2.6285533387605755e-06,6.031572658180073e-07,-2.452868337414077e-06,-4.819444509250265e-06
2021-06-28 08:00:00,-1.2189805197117172e-06,-1.6510461481883438e-06,-4.495439781428968e-07,5.867713788246224e-07,-5.319617393326529e-06,-1.204551766591941e-05,-4.081087401020098e-06,1.4943685067699021e-05,2.0470582826782234e-05,2.201297363341203e-05,2.1702508297639357e-05,2.1374263533700435e-05,1.7379669507964453e-05,1.3337091491199895e-05,1.0429479032289202e-05,7.804767431949108e-06,5.844187417327159e-06,4.981208770005656e-06,3.734479051340313e-06,2.3325665933392373e-06,5.875537479113927e-07,-2.300518438828275e-06,-4.61914416725681e-06
2021-06-28 09:00:00,-1.403034877835857e-06,-1.7434645974930173e-06,-7.742086206952302e-07,-1.2977329123052188e-06,-8.437200351443304e-06,-1.5939777356038705e-05,-7.119051627515288e-06,1.268849331928662e-05,2.0464700810828222e-05,2.277551654987688e-05,2.259344660112237e-05,2.2100876836083235e-05,1.730757583545554e-05,1.2521197425164639e-05,9.599119224415607e-06,7.234951189606759e-06,5.1488163436815424e-06,4.1381359960218e-06,2.9090979859164664e-06,1.7310832259932716e-06,2.7192968022518686e-07,-2.402018102014131e-06,-4.722913203246251e-06
2021-06-28 10:00:00,-1.8197167049472396e-06,-1.828419079030178e-06,-1.3193518488641789e-06,-3.2450944857540227e-06,-1.1392108786875221e-05,-1.9334718388304866e-05,-1.0311523697395083e-05,1.015808039024413e-05,2.0750855226398183e-05,2.3861601630723065e-05,2.314469184939443e-05,2.2499862075400458e-05,1.6933803871220758e-05,1.1594597006818193e-05,8.788111411433875e-06,6.564536951214183e-06,4.545880541854296e-06,3.628858391840538e-06,2.472464172022514e-06,1.3342627882504456e-06,-1.6883690603635404e-07,-2.6096329979775045e-06,-4.9435648928768296e-06
2021-06-28 11:00:00,-1.5598703855487648e-06,-1.6313746575353566e-06,-1.8681833992934948e-06,-4.252169521618317e-06,-1.3868534767133933e-05,-2.235168438520885e-05,-1.361992142412432e-05,7.970905127886375e-06,2.1476306393195604e-05,2.4479276895819774e-05,2.3534425765622776e-05,2.2821179004716134e-05,1.6839872045424423e-05,1.1085696024371274e-05,8.20383066751858e-06,6.060073421632121e-06,4.1871507817821405e-06,3.450737803040193e-06,2.322699479377782e-06,1.11295644234054e-06,-5.07028842067445e-07,-2.809620853404218e-06,-5.063516153949109e-06
2021-06-28 12:00:00,-8.76871759201e-07,-1.3668400307425522e-06,-2.61898762117814e-06,-4.745682996302379e-06,-1.5603864755198648e-05,-2.4657288355026314e-05,-1.6201159335998324e-05,7.275733488034835e-06,2.1869881241845376e-05,2.496456365873616e-05,2.380155146503888e-05,2.2966293761683375e-05,1.695852346206754e-05,1.1028103891886007e-05,8.070361592993409e-06,5.989526663411309e-06,4.308953300412967e-06,3.717218803951472e-06,2.6303458822184848e-06,1.3071436591922532e-06,-4.672444032075073e-07,-2.6444660109076335e-06,-4.808926107003622e-06
2021-06-28 13:00:00,-4.7288152597677845e-07,-6.55997247361084e-07,-3.370126211217107e-06,-5.28349121558149e-06,-1.7179025434043475e-05,-2.6566128771803102e-05,-1.7702523592898694e-05,7.875041275522991e-06,2.2382501386555016e-05,2.6081068656414667e-05,2.4876048695658224e-05,2.356374628132319e-05,1.7299558204933006e-05,1.1320034899114587e-05,8.288050919144072e-06,6.300476860728724e-06,4.7797519308528684e-06,4.233153237005014e-06,3.057061172500316e-06,1.5519231585984974e-06,-3.195249713275332e-07,-2.277425921637902e-06,-4.26530026624069e-06
2021-06-28 14:00:00,-3.453095026142702e-07,-3.260059366560154e-07,-4.48264419153679e-06,-5.671810811344646e-06,-1.83146613883836e-05,-2.801365375860553e-05,-1.836044039959717e-05,8.86739031092321e-06,2.3696258626069076e-05,2.6593907131000708e-05,2.5931661119280312e-05,2.4087667531905174e-05,1.74196317267152e-05,1.1446980761259305e-05,8.349336097836395e-06,6.53536169719651e-06,5.146371225465552e-06,4.489942386580811e-06,3.2507245031781612e-06,1.8032148404881624e-06,1.277887205253952e-07,-1.6953473402527687e-06,-3.633536709852854e-06
2021-06-28 15:00:00,1.7938295959533835e-08,3.1539662296262966e-07,-5.125995952882712e-06,-5.9471340808929135e-06,-1.8527157866073316e-05,-2.8567138589459685e-05,-1.8486392258898986e-05,9.257758011068091e-06,2.4980657562025248e-05,2.820519148461366e-05,2.7030370636961854e-05,2.4678899385333244e-05,1.7722395243018457e-05,1.1477865028425877e-05,8.399494231419213e-06,6.724167726325215e-06,5.433592235420024e-06,4.68004457020791e-06,3.343467556265536e-06,2.0009276742782766e-06,6.103073852421837e-07,-1.0441705122271453e-06,-2.899051405270266e-06
2021-06-28 16:00:00,4.016781589196925e-07,5.779888166355645e-07,-5.5073461669329125e-06,-6.512041445348504e-06,-1.848347493392262e-05,-2.9535864676687294e-05,-2.003204838874386e-05,8.65759050956529e-06,2.6723534148372548e-05,3.038273141871759e-05,2.8587732705363426e-05,2.558672208823016e-05,1.836914730886151e-05,1.1716268093096618e-05,8.506775864608293e-06,6.871281644079787e-06,5.4376512086355615e-06,4.580726474685289e-06,3.2232285854806613e-06,2.0377826052030233e-06,9.323496638607431e-07,-7.22229417797275e-07,-2.5634473067898605e-06
2021-06-28 17:00:00,7.680649378662604e-07,1.0037423466993082e-06,-5.686725373698709e-06,-7.71553151544747e-06,-1.7857123994451495e-05,-2.928632608391164e-05,-2.0620832877820513e-05,8.129897081353364e-06,2.7170444598608843e-05,3.143665561355054e-05,2.9902332486201795e-05,2.6629513711738206e-05,1.909089887230992e-05,1.2101538693692633e-05,8.687166524316004e-06,6.925853964080096e-06,5.183546668282973e-06,4.165551793706889e-06,2.820359774291273e-06,1.776413402459007e-06,7.938706108491836e-07,-8.313622136064818e-07,-2.6709613762835472e-06
2021-06-28 18:00:00,1.0830807233010538e-06,1.6503738452613942e-06,-5.348900602740237e-06,-8.998367218387603e-06,-1.7325971832563114e-05,-2.9085381378520124e-05,-2.198064823593292e-05,6.760529521326987e-06,2.6377254776458812e-05,3.169373346813801e-05,3.100813354695075e-05,2.8094542860289486e-05,1.994200481083799e-05,1.2782828316136774e-05,9.22071337107669e-06,7.115252862048171e-06,4.917012977204381e-06,3.7209646589849332e-06,2.3100046508445978e-06,1.2705775826350828e-06,2.2243234252032396e-07,-1.278206253625608e-06,-3.0793617149894483e-06
2021-06-28 19:00:00,1.366882434048636e-06,2.5683803674255132e-06,-5.2298816704661005e-06,-1.0081499197687445e-05,-1.7083964625250925e-05,-2.8494829492500663e-05,-2.275702026123009e-05,5.195804716625706e-06,2.563765723211063e-05,3.1716220181108866e-05,3.2548671851403376e-05,2.9167122003240566e-05,2.0522110211569845e-05,1.3261746715887544e-05,9.664227794404724e-06,7.191729097118539e-06,4.533307506750898e-06,3.139220532128392e-06,1.6884016112173106e-06,6.586043569617211e-07,-4.6061946272818487e-07,-1.9003914056547189e-06,-3.6227048162577714e-06
2021-06-28 20:00:00,1.8071859426800665e-06,4.132351215207413e-06,-5.135733024349365e-06,-1.0634508642933813e-05,-1.7373538753589634e-05,-2.863830531962956e-05,-2.366591974595737e-05,3.7674673097132096e-06,2.594825886706619e-05,3.3512565714991806e-05,3.4893669592266304e-05,3.0639318148142965e-05,2.1335650413784854e-05,1.4246739761919562e-05,1.051277212249545e-05,7.642291657495107e-06,4.5242268458760545e-06,2.9337785948139595e-06,1.4353664818041425e-06,3.077884219677923e-07,-1.0389830041217454e-06,-2.3811785032877056e-06,-3.94439657860552e-06
2021-06-28 21:00:00,2.1166882029919194e-06,5.3140503791030375e-06,-5.1415818993891165e-06,-1.1046785582459068e-05,-1.869180449896056e-05,-2.9524108514787912e-05,-2.5592613712063124e-05,1.147640246322418e-06,2.8116346631951166e-05,3.6948672233248016e-05,3.7876378587017694e-05,3.2573144701385715e-05,2.2486299151057636e-05,1.542193904021417e-05,1.1422175369301256e-05,8.066652647354773e-06,4.632920205739568e-06,2.958228231193677e-06,1.393597143449567e-06,1.5105596123729286e-07,-1.3168463483216254e-06,-2.68033747841152e-06,-4.167523774342236e-06
2021-06-28 22:00:00,2.4872908025524177e-06,6.394673160988625e-06,-4.849345858790723e-06,-1.1176387986649405e-05,-1.969016250683703e-05,-2.9963707631303432e-05,-2.652393813178025e-05,-9.536201986061963e-07,2.9525300041785782e-05,4.0636819161763414e-05,4.111211749140893e-05,3.45057868950466e-05,2.352161702932331e-05,1.628799786006457e-05,1.2081443553224298e-05,8.503797226191187e-06,4.842974806400335e-06,3.1290532646453236e-06,1.5692724633364943e-06,2.6194687138348873e-07,-1.2742071465551804e-06,-2.644930864038047e-06,-4.026048690502897e-06
2021-06-28 23:00:00,2.5386119245206802e-06,7.956415349781368e-06,-3.9944475336917335e-06,-1.1285628190761182e-05,-2.1516159480614247e-05,-3.265242362085126e-05,-2.8874647927422393e-05,-3.096691387338419e-06,2.83215344428883e-05,4.457107340074805e-05,4.4971534495288375e-05,3.7137938936763545e-05,2.4940292044569092e-05,1.7131411062965753e-05,1.2620866246590827e-05,8.909406485441854e-06,5.081189928618385e-06,3.382181320548533e-06,1.9137029999790324e-06,5.866518509593514e-07,-1.0708969786419684e-06,-2.491828929307384e-06,-3.758510338346222e-06
2021-06-29 00:00:00,2.083953356301164e-06,8.520985061477686e-06,-3.0907784234731034e-06,-1.1304950995034088e-05,-2.2410668389526435e-05,-3.472244788247676e-05,-3.099218560120285e-05,-4.086084118043908e-06,2.6890374108755396e-05,4.6813765969667915e-05,4.777439302361177e-05,3.904268206811798e-05,2.625018810116358e-05,1.7849921783397724e-05,1.289297468406346e-05,9.11720061920211e-06,5.27018422203758e-06,3.650930094099866e-06,2.2457799436466943e-06,8.589094183699641e-07,-9.177834456064552e-07,-2.369984560085867e-06,-3.4872907073029603e-06
2021-06-29 01:00:00,1.3847796833634118e-06,8.415308432001483e-06,-2.0430348092301026e-06,-1.1209603330582468e-05,-2.29699365170131e-05,-3.565977901605459e-05,-3.19581005832482e-05,-3.5811055527811314e-06,2.699237996711886e-05,4.889445556340669e-05,5.007845974447076e-05,4.116431510007975e-05,2.7860455166160013e-05,1.876282903610492e-05,1.3279012074765212e-05,9.330199728060615e-06,5.5196718921805476e-06,3.977540527698162e-06,2.519286710848182e-06,1.0135399503678793e-06,-8.178883421143396e-07,-2.2551684059904857e-06,-3.220040620702082e-06
2021-06-29 02:00:00,7.138338422977686e-07,7.242920362813968e-06,-1.7995175922821653e-06,-1.1229279379061806e-05,-2.367439849228756e-05,-3.679266152141833e-05,-3.222811281140908e-05,-2.5796544901675862e-06,2.816305142417357e-05,5.170820053349225e-05,5.2946563087104604e-05,4.2491944156656446e-05,2.8746630712848182e-05,1.9320263672326067e-05,1.3478379765764068e-05,9.358195117979593e-06,5.625699092355185e-06,4.107023335150595e-06,2.633489637729605e-06,1.0715993964442008e-06,-7.920801054042722e-07,-2.119338723809802e-06,-2.938287300284209e-06
2021-06-29 03:00:00,7.473606514459624e-07,6.923197370290092e-06,-1.3965356556084635e-06,-1.1409565483223226e-05,-2.522616661176333e-05,-3.95491036934494e-05,-3.3766551554323625e-05,-1.8957921279378286e-06,2.8904418154768068e-05,5.4715306392686295e-05,5.6671915365653535e-05,4.441508193089392e-05,3.010517684157653e-05,2.0239631180943825e-05,1.3932442260493247e-05,9.56377650996906e-06,5.778833012954801e-06,4.329843908976726e-06,2.8089614172280656e-06,1.1928384378639798e-06,-6.451154806073152e-07,-1.797070843460804e-06,-2.4982146651738508e-06
2021-06-29 04:00:00,1.5273572604633102e-06,7.154334790460264e-06,-9.070163482724947e-07,-1.1872873747345578e-05,-2.8239054997715778e-05,-4.467105145632502e-05,-3.75325153159177e-05,-1.5110368240994791e-06,2.9891634126911648e-05,5.826017203129116e-05,6.108698484503548e-05,4.688149401073351e-05,3.188479298870886e-05,2.1886283045068313e-05,1.510729932293108e-05,1.0190969650360902e-05,6.263455248905191e-06,4.899206533543968e-06,3.3292993906824986e-06,1.6687232111997412e-06,-1.2971521242643108e-07,-1.2695650204155747e-06,-1.991045400224122e-06
2021-06-29 05:00:00,2.398016902643751e-06,7.3093973490898874e-06,-6.043462964299254e-07,-1.2271525926362544e-05,-3.006564572394299e-05,-4.8500878497072884e-05,-4.1822399629725986e-05,-1.4396153029639324e-06,3.1602150812219314e-05,6.284465363786375e-05,6.572067530603361e-05,4.8610090925661955e-05,3.3360228214173286e-05,2.324341312246649e-05,1.621047882162919e-05,1.0768983673305963e-05,6.722763845529045e-06,5.4340061925411986e-06,3.884240000804729e-06,2.2319605546871604e-06,4.581049771209639e-07,-6.953757050605747e-07,-1.4642709276068879e-06
2021-06-29 06:00:00,3.288528134080655e-06,7.70511893510408e-06,-7.512933975661869e-08,-1.253655947673269e-05,-3.143392794572766e-05,-5.233142832816176e-05,-4.692620641268586e-05,-1.8712295267048404e-06,3.3785562983579076e-05,6.681603269055745e-05,7.047134153454866e-05,5.081663724952233e-05,3.4709073701097006e-05,2.4435914259294067e-05,1.735190432608266e-05,1.1487700138182887e-05,7.313840437273971e-06,6.033023530821383e-06,4.462396229306849e-06,2.8288609959408658e-06,1.0683452238546984e-06,-1.8677253700286918e-08,-8.035085560985478e-07
2021-06-29 07:00:00,3.8017947914904567e-06,7.129618279640419e-06,-2.1591542431103724e-07,-1.2612589437359911e-05,-3.193647967699547e-05,-5.5345627479603277e-05,-5.150439782683712e-05,-1.452659609068492e-06,3.792164110704923e-05,7.097000743736575e-05,7.399935736728693e-05,5.254262367915591e-05,3.5198282143113984e-05,2.471721754738476e-05,1.7918241545980073e-05,1.2017027692277357e-05,7.877136670219771e-06,6.614192498636062e-06,5.041239970451877e-06,3.4134451436186307e-06,1.6129801093601226e-06,4.180596150629354e-07,-4.3693505569742787e-07
2021-06-29 08:00:00,3.5942417966513055e-06,6.440532899023837e-06,-2.555458442495319e-07,-1.1885948566189132e-05,-3.129810331933595e-05,-5.8075987327180966e-05,-5.588031403621528e-05,4.2685503198602356e-07,4.405296651513068e-05,7.662290634520288e-05,7.732298054623233e-05,5.434470486721782e-05,3.560248640408497e-05,2.4873890808863805e-05,1.8364599582065728e-05,1.268173783490656e-05,8.643132906875523e-06,7.300930747961007e-06,5.616613116158622e-06,3.951439086308556e-06,2.1133346450303144e-06,8.792775288924125e-07,-1.7051541831827927e-08
2021-06-29 09:00:00,3.4780547047332178e-06,6.063062267023232e-06,-1.3030054913091617e-07,-1.1563486555438217e-05,-3.2430646667624505e-05,-6.22191557760637e-05,-5.96153309820156e-05,3.285157684657593e-06,5.113185223150197e-05,8.379157486852964e-05,8.033796685096402e-05,5.503634690946715e-05,3.529868430530278e-05,2.4613002685902143e-05,1.8614515279589598e-05,1.3434559362176534e-05,9.42446813409321e-06,7.988533636543527e-06,6.142786994741952e-06,4.438928608835576e-06,2.6583122520303598e-06,1.3719867413783222e-06,3.019029851582385e-07
2021-06-29 10:00:00,2.94672461464979e-06,5.578945417012139e-06,1.7480888711112368e-07,-1.0552818961276076e-05,-3.154937449671619e-05,-6.386760527115292e-05,-6.174013867043515e-05,5.79871928506834e-06,5.786211974880154e-05,8.80782805103669e-05,8.100202193012778e-05,5.364242219735499e-05,3.366041078933954e-05,2.3750983560465815e-05,1.876331908130027e-05,1.40729090076816e-05,1.0019662240143989e-05,8.443500379419806e-06,6.509322244876564e-06,4.847164418337963e-06,3.1801271603745416e-06,1.8187758488359685e-06,6.078927338768962e-07
2021-06-29 11:00:00,2.3251626436247896e-06,5.271405649776272e-06,1.0583613612038758e-06,-8.914611722332182e-06,-3.034558704321035e-05,-6.40098514023078e-05,-5.974736168603947e-05,1.0444795181326112e-05,6.50006425102771e-05,9.225510824732426e-05,8.153568496181566e-05,5.2105176159916546e-05,3.1919157135342583e-05,2.300637453439077e-05,1.9137076132790844e-05,1.4907769557428264e-05,1.0788374608349224e-05,8.978858818535899e-06,6.863262204024783e-06,5.170745283846801e-06,3.583404211908692e-06,2.2075761356946905e-06,9.3770820349056e-07
2021-06-29 12:00:00,1.922133153056284e-06,5.167897940503504e-06,2.054049197883602e-06,-7.31872901133724e-06,-2.82613636209211e-05,-6.068413137423902e-05,-5.476831337562287e-05,1.759407956525313e-05,7.318006044846969e-05,9.637596109922332e-05,8.13018522772177e-05,5.050050166528126e-05,3.0468011880440974e-05,2.2169670994784347e-05,1.9024049841507518e-05,1.5568652316169424e-05,1.1655816438790316e-05,9.6026950904162e-06,7.223509926522547e-06,5.427324418145104e-06,3.842108746219481e-06,2.445506206295943e-06,1.22298258006297e-06
2021-06-29 13:00:00,1.8608065879089827e-06,5.386753884126497e-06,3.529026530710165e-06,-5.442468636810898e-06,-2.536855970326115e-05,-5.587076816206048e-05,-4.957632482345092e-05,2.4989665269016712e-05,8.151247886620419e-05,0.00010034486975947073,8.12918481433419e-05,5.0344548287830906e-05,3.0253233916364536e-05,2.1821124046293985e-05,1.8958326425359223e-05,1.615333350397753e-05,1.2524821576482406e-05,1.0359490008027759e-05,7.7370102629974e-06,5.765313889669237e-06,4.140262222150883e-06,2.656077382545585e-06,1.3732632599263822e-06
2021-06-29 14:00:00,1.7037013545565734e-06,5.2601551211975715e-06,5.0821479338153845e-06,-3.6334404651967746e-06,-2.2046802467734676e-05,-4.976963345707353e-05,-4.369947325024645e-05,3.292846605555435e-05,9.041080038788284e-05,0.00010408118227219419,8.109919492866445e-05,5.113495242147199e-05,3.090100548156141e-05,2.1727295471183152e-05,1.8868536260155998e-05,1.6746746042399602e-05,1.3322429258851552e-05,1.1070187178640416e-05,8.270061135786375e-06,6.166457593628478e-06,4.466326981215597e-06,2.931359068598776e-06,1.6775986070265123e-06
2021-06-29 15:00:00,2.0317476619125547e-06,5.385076246119805e-06,6.865081798904795e-06,-1.258453182205877e-06,-1.70045949426378e-05,-4.120275746269228e-05,-3.530292195216896e-05,4.2727966546079324e-05,9.881991815210227e-05,0.0001069867710292334,8.17960539732701e-05,5.355729586924357e-05,3.294234288664102e-05,2.2289049461110076e-05,1.9181294443511106e-05,1.759445317598782e-05,1.415488479996149e-05,1.179471385828092e-05,8.972370572619828e-06,6.814176934796954e-06,4.995415419297652e-06,3.4418276119032896e-06,2.263771642073038e-06
2021-06-29 16:00:00,1.8166966725491193e-06,5.041369042466032e-06,8.81044827744005e-06,1.4346072576540765e-06,-1.201752474244112e-05,-3.222078293965595e-05,-2.6582095642405238e-05,5.1626568246733336e-05,0.00010553980158010881,0.00010927004260509509,8.418645994841648e-05,5.819600237156512e-05,3.613050092927808e-05,2.3589331716741512e-05,2.001493816055632e-05,1.8531978141716044e-05,1.5004219788269931e-05,1.2582036009472716e-05,9.790646113740472e-06,7.548668853217967e-06,5.60156634511798e-06,3.8756329760834005e-06,2.6208949672758573e-06
2021-06-29 17:00:00,1.6285679369363684e-06,4.846207457298594e-06,1.1002153672416618e-05,4.516586519958289e-06,-7.428203229781271e-06,-2.3887803887243638e-05,-1.7300772959862858e-05,5.778447930918808e-05,0.0001091133758828272,0.00010966395608319781,8.71505134134193e-05,6.335547868129638e-05,3.9664461626106114e-05,2.540367604969982e-05,2.1343447566541868e-05,1.9404169421116844e-05,1.5610418902941714e-05,1.3287051951964984e-05,1.0602554267236416e-05,8.291139380263657e-06,6.221537190133249e-06,4.253850879683358e-06,2.932265294523462e-06
2021-06-29 18:00:00,1.7769970515121164e-06,4.68420101322583e-06,1.3531987214508393e-05,7.442725048663207e-06,-3.6427507973290264e-06,-1.7350223665119908e-05,-9.440633617390385e-06,6.126179210730367e-05,0.00010967198690365274,0.00010908763030413258,9.082656464295221e-05,6.866711780615989e-05,4.356039148226089e-05,2.7837944891419273e-05,2.2982483715617817e-05,2.0311104710974326e-05,1.6129622990851135e-05,1.3851377408813331e-05,1.1253215141421848e-05,8.991479549847502e-06,6.959992008848621e-06,4.9536389258639405e-06,3.4646798732807688e-06
2021-06-29 19:00:00,1.1864957391999998e-06,3.982248946989286e-06,1.5846760923281623e-05,1.0329212355688903e-05,2.3281041093199034e-07,-1.1386980329813367e-05,-2.225443884655325e-06,6.294085220347657e-05,0.00010759337536435539,0.00010859484990980407,9.538761594599446e-05,7.430154944760194e-05,4.749162154889847e-05,3.0632436414963243e-05,2.4605366926927707e-05,2.113559891827826e-05,1.667787724682784e-05,1.4432527258682095e-05,1.1921540207382726e-05,9.718948477673462e-06,7.780013299480017e-06,5.667322960664233e-06,3.965649155185491e-06
2021-06-29 20:00:00,1.079937585700255e-06,3.6989134958227953e-06,1.8739188599256998e-05,1.3997087239017378e-05,3.895680905139906e-06,-6.965163922247921e-06,3.0793706206655327e-06,6.229731722448866e-05,0.00010340675369842812,0.00011022400968953183,0.00010351852417444602,8.121602562251292e-05,5.225379887387848e-05,3.403741463164505e-05,2.6701440011858415e-05,2.2453812018788476e-05,1.7848784544172228e-05,1.566038132160138e-05,1.3059819459202524e-05,1.0891416714030563e-05,9.147887286242323e-06,6.948138070661934e-06,5.155489847584074e-06
2021-06-29 21:00:00,9.065723702777972e-07,2.8251327496359714e-06,2.0476470718839346e-05,1.7821834707361994e-05,8.777511803120376e-06,-1.4720216948569337e-06,7.892379764663367e-06,6.017056070710813e-05,9.793766790198892e-05,0.00011366685341568524,0.00011374083105581033,8.839831001718806e-05,5.663436004578497e-05,3.69466535574574e-05,2.8924933929868665e-05,2.427637267798716e-05,1.952484422502388e-05,1.723293056088009e-05,1.4320413501111578e-05,1.1947006218510788e-05,1.0194476186010409e-05,8.152271625560632e-06,6.632413436194155e-06
2021-06-29 22:00:00,1.2112964177863096e-06,2.5955369439986762e-06,2.1786465717917153e-05,2.1166279871601917e-05,1.3527286250296384e-05,4.875708050661698e-06,1.398091884182191e-05,5.819165365570053e-05,9.41007234470857e-05,0.00011841091491001635,0.00012316671158203816,9.520988846219673e-05,6.087314315391148e-05,3.970326656015727e-05,3.083839295436456e-05,2.5616845856826547e-05,2.053032055633434e-05,1.817269786431882e-05,1.5113869818671909e-05,1.2769837634525283e-05,1.131487380718524e-05,9.883287205784857e-06,8.385261804322587e-06
2021-06-29 23:00:00,1.8529608148636107e-06,2.4331048609242005e-06,2.2893215034527957e-05,2.4123876460636936e-05,1.767369076191959e-05,1.0741270921583337e-05,2.0171476391492756e-05,5.766511676906138e-05,9.284723610264935e-05,0.00012447388465850053,0.00013107790899723326,0.00010155413035692481,6.529131473082683e-05,4.254669358456133e-05,3.270781631670963e-05,2.6619599505631855e-05,2.0750940393300383e-05,1.832698410887491e-05,1.5600884208200222e-05,1.3703311832052189e-05,1.2747805934697212e-05,1.1958014596581996e-05,1.0482760222599049e-05
2021-06-30 00:00:00,2.7755414602964505e-06,2.4503206418394358e-06,2.373999526738859e-05,2.735336744036818e-05,2.2212658082243145e-05,1.6403911599675566e-05,2.6598712202884912e-05,5.861275490013421e-05,9.324900871631814e-05,0.00012915030548505448,0.00013693401589180695,0.00010736655028762455,6.93758696228015e-05,4.512689628733735e-05,3.433081032356043e-05,2.741484226623996e-05,2.105736701265584e-05,1.8667671873854843e-05,1.6351070162262525e-05,1.4972351557299685e-05,1.471625628707309e-05,1.4755873156115089e-05,1.3547519813642758e-05
2021-06-30 01:00:00,3.887548698379362e-06,2.8471990199586918e-06,2.4499984343856734e-05,3.0955647109230964e-05,2.647569623149473e-05,2.1817405266726365e-05,3.209447135820795e-05,6.064757603929743e-05,9.523971525519793e-05,0.00013439331609830014,0.00014216389006430386,0.00011261604771931111,7.363425968226977e-05,4.844667145149704e-05,3.6504323260720365e-05,2.8570066974185217e-05,2.1742396680598088e-05,1.9203635148361147e-05,1.7057111864681607e-05,1.6267543356096785e-05,1.6749432021158778e-05,1.7974802660299853e-05,1.7361517247935664e-05
2021-06-30 02:00:00,4.785079257143978e-06,3.325040847466023e-06,2.5304974031428823e-05,3.4490131288124236e-05,3.124367669824968e-05,2.805781540160543e-05,3.7215934685358966e-05,6.351476231477039e-05,9.661431866296268e-05,0.0001368310802992693,0.00014456761497108446,0.00011637128521087888,7.787694291501026e-05,5.220124486230482e-05,3.924961935264156e-05,3.0772094074598036e-05,2.3318018106856793e-05,2.0430019451875904e-05,1.8266636468064705e-05,1.7675842354994008e-05,1.857629962370353e-05,2.0915574884813496e-05,2.1587171923086256e-05
2021-06-30 03:00:00,5.410621938535678e-06,3.512229424339539e-06,2.5869711012942485e-05,3.7884172634135935e-05,3.640213849998756e-05,3.434216629000974e-05,4.1562809452904484e-05,6.803595731860147e-05,0.00010068969715293266,0.00013638966924022953,0.00014535706055759568,0.00011977696907593709,8.222814251496737e-05,5.6044541507200456e-05,4.2160425240639836e-05,3.314457232493676e-05,2.5295089905581597e-05,2.2207344049542137e-05,2.0125948347869904e-05,1.9905886278907716e-05,2.101777214912358e-05,2.4226044311248116e-05,2.6277622138082848e-05
2021-06-30 04:00:00,5.84909766458386e-06,4.395261861213345e-06,2.649382812534281e-05,4.182370827271415e-05,4.160582628734374e-05,4.038580817526101e-05,4.5924253834367224e-05,7.428353645429743e-05,0.00010796646183421501,0.00013607017421158186,0.00014435309646521413,0.00012208191044727813,8.704469771734117e-05,6.037475011215015e-05,4.4626427956089406e-05,3.4913622325015647e-05,2.7339109292226477e-05,2.4276720535189655e-05,2.2083224268020714e-05,2.1700752227021628e-05,2.2559033221391728e-05,2.644784663278683e-05,2.992302721300699e-05
2021-06-30 05:00:00,5.906524109552612e-06,5.294152078355772e-06,2.7183067570302317e-05,4.472237420992919e-05,4.545654582375308e-05,4.595367922798319e-05,5.014195495664745e-05,8.031815529300442e-05,0.00011634567943513275,0.0001396270427999839,0.00014344253407583632,0.00012367189507910608,9.209851971861807e-05,6.484006964111324e-05,4.67751874154581e-05,3.618275267562418e-05,2.8641512105682484e-05,2.5532339159778694e-05,2.3171722005056032e-05,2.2789305405297238e-05,2.3781826080318064e-05,2.8501697882832344e-05,3.2593237341697346e-05
2021-06-30 06:00:00,5.745218850132894e-06,5.992650536141913e-06,2.7657247479172707e-05,4.6213166489399754e-05,4.74431883479311e-05,4.927644132187038e-05,5.284601847879345e-05,8.462292258712909e-05,0.00012377950086866528,0.0001464765997924363,0.00014616996237165947,0.0001262312747469517,9.662385693433573e-05,6.888323679520756e-05,4.8841040863779146e-05,3.718680078605343e-05,2.9649179123158672e-05,2.6450749253200108e-05,2.3865783937936165e-05,2.333103527601394e-05,2.419561419206311e-05,2.918387542216336e-05,3.385899016879379e-05
2021-06-30 07:00:00,5.474939100418862e-06,6.727918101223222e-06,2.7487421837677446e-05,4.642546617266985e-05,4.812973693326895e-05,5.0837908704877825e-05,5.527934397809204e-05,8.861929828622793e-05,0.00012952430212613761,0.00015339887163375943,0.00015014021438748758,0.00012968070918387367,0.00010078159533838667,7.286022116130912e-05,5.128745793565828e-05,3.830125693998668e-05,3.0526781631802724e-05,2.7207711508911273e-05,2.4539503434074112e-05,2.391961275968304e-05,2.4680077704861765e-05,2.9778974561348514e-05,3.394966772640404e-05
2021-06-30 08:00:00,5.31311428681365e-06,7.845023174598024e-06,2.7537274246250693e-05,4.580385102472902e-05,4.8008460998055944e-05,5.1056707070676694e-05,5.661893450176387e-05,9.13047460549771e-05,0.00013308450188486185,0.0001589532899999954,0.00015555608111386088,0.0001344811639477776,0.00010532650562795169,7.658707112602338e-05,5.37528781838365e-05,3.931195633497724e-05,3.166995375509138e-05,2.8568831559756232e-05,2.594222561777811e-05,2.5087994906066825e-05,2.5295520961437645e-05,3.02078933779377e-05,3.47057423274024e-05
2021-06-30 09:00:00,4.938376408485867e-06,8.581657804174874e-06,2.7196342061419563e-05,4.4425496993249285e-05,4.797156528225934e-05,5.2212084341195744e-05,5.8383832380822675e-05,9.324141265589728e-05,0.00013526820204109142,0.00016088814333924134,0.00015680127675992518,0.0001362335437823103,0.00010781115850515749,7.852275974654934e-05,5.561248359343648e-05,4.077696180533047e-05,3.344658099864624e-05,3.0184980959071742e-05,2.71962906828028e-05,2.6059612630828766e-05,2.5720978671319445e-05,3.031331068988149e-05,3.4348237042396776e-05
2021-06-30 10:00:00,4.7464855563485514e-06,9.445922351887838e-06,2.597603111827665e-05,4.1407014440940284e-05,4.7194826558584275e-05,5.301361841824341e-05,5.94495744218765e-05,9.410034377885877e-05,0.00013295413980122533,0.00015696299917501293,0.00015152026083059433,0.00013284224564763598,0.00010790254798826766,7.957110008644617e-05,5.6845908936651275e-05,4.1636865343516176e-05,3.46297577773429e-05,3.1726370298515586e-05,2.852149414820834e-05,2.6820026712257647e-05,2.561812203266351e-05,2.964146698769486e-05,3.295607471085585e-05
2021-06-30 11:00:00,4.423784388046079e-06,1.015114499308442e-05,2.3975476071022766e-05,3.768707488028506e-05,4.580905254121465e-05,5.433291684567533e-05,6.159130907656634e-05,9.427223763712128e-05,0.0001280024150522289,0.00014875050520722407,0.00014321754355678263,0.00012796525016243014,0.00010659375083724465,8.016268323602227e-05,5.704617926678088e-05,4.1533490901753225e-05,3.452857159363895e-05,3.179147069910827e-05,2.8923424761062248e-05,2.6913354882483685e-05,2.4835100539879135e-05,2.810348894715851e-05,3.0171758160700554e-05
2021-06-30 12:00:00,3.985714657435251e-06,1.0466857557803717e-05,2.1638838358505615e-05,3.397325605591353e-05,4.388179729961073e-05,5.468171462261577e-05,6.344254321861239e-05,9.353865450636254e-05,0.00012170758019114853,0.0001389705164947744,0.00013445405943486114,0.00012220564694916813,0.00010379745700840557,7.907414119145071e-05,5.5059052349173576e-05,3.881744462136656e-05,3.144810844757424e-05,2.887503994754899e-05,2.6426518893467366e-05,2.4554209424133958e-05,2.229481112871876e-05,2.4406418108085646e-05,2.5658052570258013e-05
2021-06-30 13:00:00,3.6076201097104755e-06,1.0377442911712862e-05,1.9576192020778344e-05,2.987504636028377e-05,4.1925158099337755e-05,5.497905415698184e-05,6.471642860603937e-05,9.469517757204665e-05,0.00011398701804476457,0.0001263264082208389,0.00012448768635756925,0.0001162966817872863,0.00010127203090057657,7.728420805263901e-05,5.233497318945638e-05,3.544942027208703e-05,2.7825249940730082e-05,2.5217030731194132e-05,2.292508098273638e-05,2.1385262751054278e-05,2.0030566619406356e-05,2.2581748270144918e-05,2.4115174643020405e-05
2021-06-30 14:00:00,3.3554557446748696e-06,1.128854922348008e-05,1.8575102938963313e-05,2.80285252276564e-05,4.188702174886893e-05,5.594705153393313e-05,6.585915602998834e-05,9.84421162951255e-05,0.0001066093760350215,0.000112380727897034,0.00011304980227191202,0.00011017899655215791,9.778488604736085e-05,7.452895862382759e-05,4.8704165536910134e-05,3.166757578047828e-05,2.3585394261063266e-05,2.1411659433010214e-05,2.014111775126836e-05,1.9594146916992538e-05,1.9084261515656853e-05,2.2258939520294306e-05,2.3960253499058714e-05
2021-06-30 15:00:00,3.231556527311656e-06,1.1557001101797667e-05,1.691000573259185e-05,2.5970149440723492e-05,4.090616087829067e-05,5.599715944590839e-05,6.684351188768262e-05,0.00010343818399408938,0.00010452593359776059,9.934540796095982e-05,0.00010060531975711987,0.00010451311490146076,9.46230445723311e-05,7.074711928284164e-05,4.323975024974115e-05,2.7113394972765085e-05,2.0587379644676988e-05,1.9242873342008276e-05,1.8550309330522094e-05,1.8305369934555667e-05,1.7675643668920734e-05,2.0349538714259204e-05,2.1971033719640466e-05
2021-06-30 16:00:00,2.9810610111622787e-06,1.1566447309224204e-05,1.5108956209295458e-05,2.3532032692312336e-05,3.958783055630722e-05,5.640964598384723e-05,6.899703920487978e-05,0.0001095622912295118,0.0001072225429119042,9.235342613776684e-05,8.874552734987128e-05,9.626899740587513e-05,8.811767974493219e-05,6.291159809441814e-05,3.5391727038681036e-05,2.0832909495505204e-05,1.6738945303746628e-05,1.6235791859804093e-05,1.6552234372123614e-05,1.6468502219468045e-05,1.5774843845299123e-05,1.8459766215227405e-05,1.9987757880537113e-05
2021-06-30 17:00:00,2.7195439443618047e-06,1.1331424592073806e-05,1.3339053160113883e-05,2.0753728032308768e-05,3.737508504279475e-05,5.644361127010491e-05,7.146625550022472e-05,0.0001158995731623734,0.00010809496189472033,8.62887747161421e-05,7.864384959740703e-05,8.56807891715883e-05,7.383701473138701e-05,4.6990176103931e-05,2.6873989290807194e-05,1.6664998640965103e-05,1.3333500721655432e-05,1.272296977459871e-05,1.3183590423886293e-05,1.3696247924274588e-05,1.3665373506705457e-05,1.6285972970635484e-05,1.7571412720800368e-05
2021-06-30 18:00:00,2.6554662361375236e-06,1.1107490538624332e-05,1.265218450497957e-05,1.8917959713301006e-05,3.4889554405929054e-05,5.6435877138019814e-05,7.373929472727569e-05,0.00012271089674101228,0.00010769136863669082,7.911462947199408e-05,6.8102629973937e-05,6.907583426320484e-05,5.467115249926528e-05,3.2729344116420314e-05,1.8334695116788532e-05,1.0605346198465643e-05,9.280728241240346e-06,9.352439991280993e-06,9.986282176308426e-06,1.1090170595456255e-05,1.18187965444908e-05,1.5039116340861386e-05,1.7026127777923858e-05
2021-06-30 19:00:00,2.8333160634944982e-06,1.187035737103481e-05,1.2008388611269125e-05,1.6466143011459423e-05,3.182529070035097e-05,5.560816703504125e-05,7.466867991315956e-05,0.0001299360513646469,0.00011080951760514267,7.196592012149545e-05,5.297751596484185e-05,4.699776721131013e-05,3.348699562181042e-05,1.6396960061418972e-05,8.361388316007769e-06,5.054590221437969e-06,5.247692818177474e-06,5.873108033130716e-06,6.812366135356947e-06,8.262978554439324e-06,9.483913700645826e-06,1.3034032696056309e-05,1.528236999664066e-05
2021-06-30 20:00:00,3.2087058682528334e-06,1.1562125540266324e-05,9.401422324554345e-06,1.2289186295015263e-05,2.828689136972613e-05,5.514919146029245e-05,7.62425516309482e-05,0.000136080341984116,0.00011295078667466127,6.222720284968986e-05,3.184139235337823e-05,1.7489354640096764e-05,1.0737698015253944e-05,5.964218466512227e-06,-2.6721010327617072e-08,-6.846481619216171e-07,1.3837541284562755e-06,2.306345342559168e-06,3.2244423329139263e-06,4.804759873002991e-06,6.302966524573682e-06,9.920689247086429e-06,1.2554840300274901e-05
2021-06-30 21:00:00,3.0212793974263226e-06,1.0387272517261437e-05,6.998343464285753e-06,8.59786923652979e-06,2.555784683869905e-05,5.63900883510595e-05,7.985632646029485e-05,0.00014154186427461901,0.00011461487113748806,5.200182518752219e-05,6.822870289620975e-06,-9.372393402446407e-06,-4.138251788568043e-06,-2.7084732767982862e-06,-7.437593992579198e-06,-7.110285637806782e-06,-3.698582080400788e-06,-2.0102129386637955e-06,-3.8326768727446715e-07,1.5793264260834783e-06,3.480976148815163e-06,7.232518606239194e-06,9.785085130125944e-06
2021-06-30 22:00:00,2.932534127221848e-06,9.172965674159378e-06,5.5320650370877374e-06,6.5704944067721945e-06,2.406965891526528e-05,5.8340306256604766e-05,8.47279510072964e-05,0.00014796223164651484,0.0001167412834849825,4.18948978396431e-05,-1.730666907742412e-05,-2.951547150593981e-05,-1.5394381435595215e-05,-1.1474645519470409e-05,-1.3054031808245085e-05,-1.1553005543471572e-05,-7.730092861517225e-06,-5.180572217926897e-06,-2.9693744383581888e-06,-5.258332318358572e-07,1.9696299419451446e-06,5.8705977913633054e-06,8.278767640942932e-06
2021-06-30 23:00:00,2.509158695581144e-06,7.885693055665144e-06,4.589749275263763e-06,5.709811671674239e-06,2.4436880768300444e-05,6.146462646903052e-05,9.117879141763425e-05,0.0001552271032730327,0.00011706317300711645,2.9351860505936367e-05,-4.0461588080875546e-05,-5.0980407458469596e-05,-2.7954349812252936e-05,-1.7717510276958244e-05,-1.841732815425995e-05,-1.6882741635123612e-05,-1.2053538763008981e-05,-9.139297809171927e-06,-6.744586088380212e-06,-3.877994759291841e-06,-5.924799622249719e-07,3.6854699639117036e-06,6.078876165999955e-06
2021-07-01 00:00:00,1.970819252812798e-06,7.281401489476268e-06,4.062045330339073e-06,6.347372272916295e-06,2.616179484064835e-05,6.570760386898039e-05,9.925455320925665e-05,0.0001623161131085335,0.00011510207829123262,1.8236589568238464e-05,-5.703122866370884e-05,-6.814328884113813e-05,-3.9920422869480965e-05,-2.4417623685541868e-05,-2.2197181775109868e-05,-2.0931418696477476e-05,-1.5887909026803506e-05,-1.2304303949205085e-05,-9.437267354350425e-06,-6.484743033381441e-06,-2.915272546124199e-06,1.4026887388896816e-06,4.168188509571557e-06
2021-07-01 01:00:00,1.301748151421901e-06,6.478621306836111e-06,3.1134212880383522e-06,6.721805110542847e-06,2.80842425685925e-05,7.033750718599901e-05,0.00010734709830152149,0.00016869088451204207,0.00011086413623868131,1.1392520634830355e-05,-5.646624242030379e-05,-7.324381737165716e-05,-5.2847745420349663e-05,-3.562801272797375e-05,-2.8092072233920242e-05,-2.3565704995659092e-05,-1.7572106866309588e-05,-1.3906756527325511e-05,-1.0734632108235801e-05,-7.682779576779021e-06,-3.945162062652384e-06,3.4705322710510565e-07,3.1764364776796506e-06
2021-07-01 02:00:00,1.0815961974238125e-06,4.973582378033866e-06,2.801546028193103e-06,7.436259598328125e-06,2.9822802426253197e-05,7.327040904389435e-05,0.00011255151734882284,0.00017306219954259884,0.00010651882277609485,9.41420019827009e-06,-5.2306121808391204e-05,-7.09885503583457e-05,-6.0220540808241644e-05,-4.465022542298114e-05,-3.3420170074215035e-05,-2.6812020208241435e-05,-1.9577013219254022e-05,-1.553804634411147e-05,-1.2041433020341837e-05,-8.79734064116914e-06,-4.903065834933507e-06,-6.599214776419053e-07,2.1051686334414962e-06
2021-07-01 03:00:00,1.03899170674443e-06,3.5111543670418063e-06,2.386156199602284e-06,7.691969533028454e-06,3.0992525187041206e-05,7.521583846651367e-05,0.00011751870432623292,0.0001751942523569609,0.00010358798385344802,7.015190273189555e-06,-4.85857995007206e-05,-6.532034330812289e-05,-6.411769096200237e-05,-5.312756036919446e-05,-3.955342838072168e-05,-2.993914257321952e-05,-2.181734558185757e-05,-1.7493872370384847e-05,-1.3451292163082632e-05,-9.718457973603437e-06,-5.629585381516147e-06,-1.5154395251010394e-06,1.0575784722249579e-06
2021-07-01 04:00:00,6.313621246587965e-07,1.758726672503393e-06,1.8904231324549348e-06,8.377581841676137e-06,3.379947825993737e-05,7.899806279471095e-05,0.00012452113603860076,0.0001754858039177182,9.903873572457287e-05,3.93066221097593e-06,-4.219151688455736e-05,-5.894403760581286e-05,-6.48131169795833e-05,-5.763421206662815e-05,-4.2589989328105185e-05,-3.1569797618616434e-05,-2.2355686238739826e-05,-1.7670389033345843e-05,-1.3531943255967e-05,-9.989980801557054e-06,-5.810294952486221e-06,-1.6048983744148347e-06,8.829086080351691e-07
2021-07-01 05:00:00,4.2764654970096574e-07,7.244750674603127e-07,1.3890218088517986e-06,9.23615787755913e-06,3.757901453310924e-05,8.386769882068832e-05,0.00013175616625081858,0.000173730493785054,9.52537547646369e-05,1.2953089528319748e-06,-3.7859711855878434e-05,-5.218714309294144e-05,-6.072367938588614e-05,-5.8532490286107606e-05,-4.480286015174771e-05,-3.256021215092091e-05,-2.256157905228993e-05,-1.7623524999036605e-05,-1.3295418863573674e-05,-9.71912831140924e-06,-5.64836394469525e-06,-1.5607078301352578e-06,8.104526916762273e-07
2021-07-01 06:00:00,4.620457906727242e-08,-1.0575099878850604e-06,-1.0551144571263415e-07,9.729835421690306e-06,4.0738855629190196e-05,8.81158791072146e-05,0.0001374296073466812,0.00017004851217413718,8.97741053799509e-05,-1.445234835170287e-06,-3.556435666689783e-05,-4.551533321132565e-05,-5.054483079141632e-05,-5.3095051075503194e-05,-4.4583196433445854e-05,-3.224501280469638e-05,-2.171625921665214e-05,-1.6815482783362066e-05,-1.2618498050977295e-05,-9.088225353715525e-06,-4.961660235881082e-06,-8.945004852640784e-07,1.2812826817298272e-06
2021-07-01 07:00:00,-3.078642586414289e-07,-2.3040134950129137e-06,-1.7025278129595599e-06,1.0234629125585605e-05,4.3111106922631855e-05,9.09175548156214e-05,0.00013994095315046466,0.0001630123712100589,8.174325001439087e-05,-1.9526454834192217e-06,-2.9063923551353184e-05,-3.600984156706386e-05,-3.990400502738393e-05,-4.2739501840267704e-05,-3.961932750339266e-05,-3.010797375884597e-05,-2.0337039619349988e-05,-1.5811450035465336e-05,-1.212134447039966e-05,-8.866697467552813e-06,-4.874025503220046e-06,-7.48327761876041e-07,1.447781620404145e-06
2021-07-01 08:00:00,-5.380343236455216e-07,-2.6723251243441604e-06,-2.4799306745964423e-06,1.0901642839574542e-05,4.4752732182491646e-05,9.124479000330379e-05,0.00013719170145990955,0.00014797937458632703,7.089137079910409e-05,-6.952158022909262e-10,-2.1903638157796138e-05,-2.788555996769512e-05,-3.092375166851856e-05,-3.3758238168191316e-05,-3.271882175425574e-05,-2.6648298460016074e-05,-1.89252827334831e-05,-1.4863485157724257e-05,-1.145543928614213e-05,-8.391726668062288e-06,-4.7529520905917284e-06,-1.0133729076652467e-06,1.067341613624927e-06
2021-07-01 09:00:00,-2.527154491536095e-07,-2.257510176592295e-06,-2.1014791046309834e-06,1.1562502683588704e-05,4.480694979284642e-05,8.79529572050947e-05,0.00012941483804564693,0.00012896154973680095,5.836878921616502e-05,1.3679752018158084e-06,-1.5928408706366965e-05,-2.103970587917092e-05,-2.2988224825503694e-05,-2.4794072043666348e-05,-2.571450659036277e-05,-2.278182937629261e-05,-1.7079844299821053e-05,-1.3719415823368164e-05,-1.0705178135886342e-05,-7.851876995906505e-06,-4.616403958229047e-06,-1.281352196320177e-06,6.867162825606716e-07
2021-07-01 10:00:00,9.59737505991373e-08,-2.2332184045507454e-06,-1.3156607196498618e-06,1.1641819388841762e-05,4.349911537085262e-05,8.234392622043076e-05,0.00011697070667695923,0.00010893333622065851,4.660376077342851e-05,2.5928248293561267e-06,-1.0662815317516169e-05,-1.579870253092432e-05,-1.6707040285720914e-05,-1.778192982548657e-05,-1.8684197692069047e-05,-1.8109277254296648e-05,-1.465219611658701e-05,-1.2059679056912134e-05,-9.554586368866274e-06,-6.978030582182052e-06,-4.089732860458046e-06,-1.239452177358263e-06,6.062752687444263e-07
2021-07-01 11:00:00,3.978970310760436e-07,-2.847510542799467e-06,-1.392861009698432e-06,1.1853297906018955e-05,4.212355049119659e-05,7.592860283198074e-05,0.00010226202371285554,8.68110175926435e-05,3.665082836308218e-05,3.245417948990775e-06,-7.65732740667586e-06,-1.2899015420941816e-05,-1.260893427151128e-05,-1.2472176532931174e-05,-1.2927259703090247e-05,-1.3561757032295098e-05,-1.2323281745634539e-05,-1.0622676127029792e-05,-8.455392839011401e-06,-6.134643889088799e-06,-3.5690115815024587e-06,-1.1382530383067044e-06,5.737092487789372e-07
2021-07-01 12:00:00,3.536970855525399e-07,-2.405123876891709e-06,-1.5815065825015553e-06,1.2415519091735918e-05,4.140607882553002e-05,7.043735471448224e-05,8.732773879178753e-05,6.549077997256014e-05,2.6814240791778468e-05,3.7808701373249266e-06,-4.714526914796835e-06,-1.0167443092179358e-05,-1.0095534911219562e-05,-9.095926977201897e-06,-8.62817339046516e-06,-9.310211620374079e-06,-9.631830272650494e-06,-8.914250721146094e-06,-7.443425114363605e-06,-5.548078829334121e-06,-3.2731759237146623e-06,-1.0566044469010466e-06,5.413238835909729e-07
2021-07-01 13:00:00,3.013605505117327e-07,-2.3050875977619933e-06,-1.2929191273478065e-06,1.3152408973072127e-05,4.0995553031308326e-05,6.594608110703281e-05,7.380005163755498e-05,4.5418398822704555e-05,1.922733882444366e-05,5.380622498675717e-06,-2.1200898938036436e-06,-8.068365388186678e-06,-8.812722783809644e-06,-7.4733153937069095e-06,-6.084411934842617e-06,-6.203252340034279e-06,-7.101975288823087e-06,-7.033690370009319e-06,-6.15574807211447e-06,-4.7163003672214265e-06,-2.8486077570823932e-06,-1.052780778175299e-06,3.161552112014805e-07
2021-07-01 14:00:00,4.2190450483818285e-07,-2.0773567589202952e-06,-8.421662524306284e-07,1.3753390446174926e-05,4.011866249744864e-05,6.209052700933663e-05,6.234736132412057e-05,2.8360977290859735e-05,1.2543323359304954e-05,6.5918965750576214e-06,4.899497005639762e-08,-6.3079367379907685e-06,-7.4184103496874665e-06,-5.9772851837344916e-06,-4.136960014187327e-06,-3.7457315128622172e-06,-4.703775402599809e-06,-4.983299768190855e-06,-4.73208464405347e-06,-3.8099697989269233e-06,-2.288604926476746e-06,-7.818364738273154e-07,3.6459535853234657e-07
2021-07-01 15:00:00,4.494783905414027e-07,-1.7666032540531787e-06,-6.665611905728043e-07,1.3697950877559766e-05,3.900284142671801e-05,5.8268910984455127e-05,5.201768123967221e-05,1.8108868397975484e-05,8.422594616462317e-06,6.70467577090089e-06,1.155835078614297e-06,-4.648666506205729e-06,-5.746182798965392e-06,-4.518218907548839e-06,-2.8657544918045495e-06,-2.231339504647255e-06,-2.888341883058218e-06,-3.221074634076807e-06,-3.3121992878741624e-06,-2.7973018980921095e-06,-1.6964961623470087e-06,-6.011621688319681e-07,2.5347522144325906e-07
2021-07-01 16:00:00,5.621204214707407e-07,-1.3645876400589072e-06,-4.3066563924618434e-07,1.2865866572181153e-05,3.733148387822443e-05,5.4304845818700724e-05,4.269069305633713e-05,1.3539177828409101e-05,5.746544510793204e-06,5.9418562175404194e-06,2.5646064039860493e-06,-2.3383774035300853e-06,-4.04612038893329e-06,-3.5578104337565657e-06,-2.198760308494883e-06,-1.352404129396492e-06,-1.625543292749624e-06,-1.870461741853927e-06,-2.1568819634105763e-06,-1.9376905970824817e-06,-1.1608485686769684e-06,-3.7780524004519414e-07,2.2099760375416422e-07
2021-07-01 17:00:00,5.566371979140269e-07,-1.0234106909112904e-06,-1.1192271634765246e-07,1.1510917135761699e-05,3.4706118630832415e-05,5.1117012035766425e-05,3.722920940144538e-05,1.1305870458634735e-05,4.189326804996491e-06,4.5334564858852e-06,3.569957113174361e-06,-4.8511118972829775e-08,-2.339029441181905e-06,-2.5316540731526463e-06,-1.5891265251487484e-06,-7.712427701590886e-07,-8.515770911102972e-07,-1.0122065549551907e-06,-1.3088456863940694e-06,-1.2571530959823348e-06,-7.296820547076436e-07,-1.6054967587168825e-07,2.3166549708123393e-07
2021-07-01 18:00:00,6.480026482058914e-07,-5.408112826082496e-07,4.751426700197694e-08,1.0235203191213234e-05,3.104163001080967e-05,4.6836915600345294e-05,3.503524184319993e-05,1.0923357544801522e-05,4.291231439780598e-06,3.1472566343524025e-06,4.227118284404015e-06,1.871065189320499e-06,-8.503654269102056e-07,-1.583816949814413e-06,-1.1284365623366439e-06,-5.007664474836753e-07,-4.6881015868692526e-07,-5.698582669984416e-07,-7.875973763686031e-07,-7.510397214830341e-07,-3.591340507066761e-07,8.024863112828067e-08,3.297517400386017e-07
2021-07-01 19:00:00,5.589218692183132e-07,-4.441388210075115e-07,3.773398037513389e-07,9.112201269964672e-06,2.6726990453995334e-05,4.080365085975068e-05,3.2866681726109104e-05,1.2005955061745646e-05,5.087680073803505e-06,2.4105440963960945e-06,4.6035975488035194e-06,3.6373741495677033e-06,3.6622841045287254e-07,-9.304608839330849e-07,-9.35046413077804e-07,-2.99863495418667e-07,-6.12644371667019e-08,-1.030768066433819e-07,-2.50874729471797e-07,-2.3040841146481533e-07,-1.0396729876393075e-09,3.3325651917270243e-07,4.6047218834897815e-07
2021-07-01 20:00:00,5.911519236156818e-07,-4.3778857623678173e-07,9.435650426180167e-07,8.088720728621323e-06,2.24442521448103e-05,3.588369656461404e-05,3.210163420276066e-05,1.3072757716586916e-05,6.518311370762213e-06,2.8544322206049405e-06,4.53459561400639e-06,5.364731038825583e-06,1.606552354525527e-06,-2.716741502624073e-07,-3.3246758669952993e-07,1.1818243839169009e-07,2.256259403767345e-07,1.800935104025898e-07,8.044664030940493e-08,1.2169598583188816e-07,2.7863857205734357e-07,5.049441716583408e-07,5.536211921479373e-07
2021-07-01 21:00:00,3.579142538650065e-07,-5.782922125788489e-07,1.2884096227555534e-06,7.31103009916242e-06,1.9361187653862e-05,3.2077621507883344e-05,2.7885367043152323e-05,1.3955386817384795e-05,8.837167240813158e-06,4.1130125636275805e-06,4.785358077633683e-06,6.659892360336167e-06,2.9703918181260878e-06,7.36030952365137e-07,4.5514543678764965e-07,5.025414409325596e-07,4.0626247419454374e-07,3.30220583756321e-07,3.0310404482190647e-07,3.855121940217071e-07,4.568270143548681e-07,5.660683363050389e-07,5.269435248380076e-07
2021-07-01 22:00:00,3.491739906557676e-07,-7.274423696011255e-07,1.5468130396204234e-06,6.633947164783717e-06,1.6449725452851238e-05,2.7818141278013628e-05,2.7426495930599827e-05,1.4677598019912141e-05,1.0497571083770434e-05,5.104229720760159e-06,5.319917380804771e-06,7.71486039806489e-06,4.233884278590158e-06,1.6241672014093604e-06,1.0647600768390822e-06,8.833846882529666e-07,6.172840343905842e-07,4.566323611728156e-07,4.1151800173608357e-07,4.886813754260333e-07,4.729335682409445e-07,4.867408462450824e-07,4.1154369489431655e-07
2021-07-01 23:00:00,2.9789759990280404e-07,-8.417293430058735e-07,1.606438629877198e-06,5.649988183910952e-06,1.377461284852464e-05,2.5243752844992664e-05,2.8964976788333824e-05,1.5860850689813894e-05,1.1118787434424907e-05,6.082064952518153e-06,6.096772942033725e-06,8.670103672861889e-06,5.323136152308181e-06,2.126361435257042e-06,1.35561081884011e-06,1.0895181005128712e-06,7.150071278747079e-07,5.263953251583813e-07,4.5195416928930575e-07,4.955685701790652e-07,4.024942950135702e-07,3.271616928842296e-07,2.960536642544481e-07
2021-07-02 00:00:00,1.7939688518962204e-07,-6.829172018189937e-07,1.371121317064871e-06,4.430408914654683e-06,1.1766279830864566e-05,2.3453152117603616e-05,2.9376833249867838e-05,1.7285039825247048e-05,1.1539139020748744e-05,7.006128669498232e-06,7.345762321551811e-06,9.569883768392894e-06,6.012696181960383e-06,2.49296348189105e-06,1.530143898612756e-06,1.1716825188361903e-06,7.005014243933142e-07,5.019449493026923e-07,4.36361325080532e-07,4.885489588756892e-07,3.6323914022478086e-07,2.021144502774879e-07,2.512398497350086e-07
